[{"County":"Monroe","Sex":"Male","AgeRange":"70-79","DateOfDeath":"2020-12-04","StateOfDeath":"OH","StateOfResidense":"OH"},{"County":"Monroe","Sex":"Female","AgeRange":"70-79","DateOfDeath":"2020-12-23","StateOfDeath":"OH","StateOfResidense":"OH"},{"County":"Monroe","Sex":"Female","AgeRange":"30-39","DateOfDeath":"2021-08-15","StateOfDeath":"OH","StateOfResidense":"OH"},{"County":"Monroe","Sex":"Male","AgeRange":"70-79","DateOfDeath":"2021-09-09","StateOfDeath":"OH","StateOfResidense":"OH"},{"County":"Monroe","Sex":"Female","AgeRange":"80+","DateOfDeath":"2021-09-14","StateOfDeath":"OH","StateOfResidense":"OH"},{"County":"Monroe","Sex":"Male","AgeRange":"60-69","DateOfDeath":"2021-09-18","StateOfDeath":"OH","StateOfResidense":"OH"},{"County":"Monroe","Sex":"Female","AgeRange":"80+","DateOfDeath":"2021-09-24","StateOfDeath":"OH","StateOfResidense":"OH"},{"County":"Monroe","Sex":"Male","AgeRange":"50-59","DateOfDeath":"2021-10-20","StateOfDeath":"OH","StateOfResidense":"OH"}]