[{"County":"Erie","Sex":"Male","AgeRange":"80+","DateOfDeath":"2020-11-11","StateOfDeath":"OH","StateOfResidense":"OH"},{"County":"Erie","Sex":"Female","AgeRange":"70-79","DateOfDeath":"2020-11-13","StateOfDeath":"OH","StateOfResidense":"OH"},{"County":"Erie","Sex":"Female","AgeRange":"60-69","DateOfDeath":"2020-11-15","StateOfDeath":"OH","StateOfResidense":"OH"},{"County":"Erie","Sex":"Male","AgeRange":"60-69","DateOfDeath":"2020-11-15","StateOfDeath":"OH","StateOfResidense":"OH"},{"County":"Erie","Sex":"Female","AgeRange":"70-79","DateOfDeath":"2020-11-16","StateOfDeath":"OH","StateOfResidense":"OH"},{"County":"Erie","Sex":"Male","AgeRange":"80+","DateOfDeath":"2020-11-17","StateOfDeath":"OH","StateOfResidense":"OH"},{"County":"Erie","Sex":"Female","AgeRange":"80+","DateOfDeath":"2020-11-18","StateOfDeath":"OH","StateOfResidense":"OH"},{"County":"Erie","Sex":"Female","AgeRange":"60-69","DateOfDeath":"2020-11-18","StateOfDeath":"OH","StateOfResidense":"OH"},{"County":"Erie","Sex":"Male","AgeRange":"80+","DateOfDeath":"2020-11-19","StateOfDeath":"OH","StateOfResidense":"OH"},{"County":"Erie","Sex":"Male","AgeRange":"80+","DateOfDeath":"2020-11-20","StateOfDeath":"OH","StateOfResidense":"OH"},{"County":"Erie","Sex":"Male","AgeRange":"70-79","DateOfDeath":"2020-11-20","StateOfDeath":"OH","StateOfResidense":"OH"},{"County":"Erie","Sex":"Male","AgeRange":"70-79","DateOfDeath":"2020-11-22","StateOfDeath":"OH","StateOfResidense":"OH"},{"County":"Erie","Sex":"Male","AgeRange":"80+","DateOfDeath":"2020-11-23","StateOfDeath":"OH","StateOfResidense":"OH"},{"County":"Erie","Sex":"Male","AgeRange":"80+","DateOfDeath":"2020-11-24","StateOfDeath":"OH","StateOfResidense":"OH"},{"County":"Erie","Sex":"Male","AgeRange":"80+","DateOfDeath":"2020-11-24","StateOfDeath":"OH","StateOfResidense":"OH"},{"County":"Erie","Sex":"Male","AgeRange":"80+","DateOfDeath":"2020-11-25","StateOfDeath":"OH","StateOfResidense":"OH"},{"County":"Erie","Sex":"Male","AgeRange":"70-79","DateOfDeath":"2020-11-26","StateOfDeath":"OH","StateOfResidense":"OH"},{"County":"Erie","Sex":"Male","AgeRange":"70-79","DateOfDeath":"2020-11-27","StateOfDeath":"OH","StateOfResidense":"OH"},{"County":"Erie","Sex":"Female","AgeRange":"70-79","DateOfDeath":"2020-11-28","StateOfDeath":"OH","StateOfResidense":"OH"},{"County":"Erie","Sex":"Female","AgeRange":"70-79","DateOfDeath":"2020-11-29","StateOfDeath":"OH","StateOfResidense":"OH"},{"County":"Erie","Sex":"Male","AgeRange":"80+","DateOfDeath":"2020-11-29","StateOfDeath":"OH","StateOfResidense":"OH"},{"County":"Erie","Sex":"Male","AgeRange":"60-69","DateOfDeath":"2020-11-30","StateOfDeath":"OH","StateOfResidense":"OH"},{"County":"Erie","Sex":"Male","AgeRange":"70-79","DateOfDeath":"2020-12-01","StateOfDeath":"OH","StateOfResidense":"OH"},{"County":"Erie","Sex":"Male","AgeRange":"80+","DateOfDeath":"2020-12-02","StateOfDeath":"OH","StateOfResidense":"OH"},{"County":"Erie","Sex":"Male","AgeRange":"80+","DateOfDeath":"2020-12-02","StateOfDeath":"OH","StateOfResidense":"OH"},{"County":"Erie","Sex":"Male","AgeRange":"80+","DateOfDeath":"2020-12-02","StateOfDeath":"OH","StateOfResidense":"OH"},{"County":"Erie","Sex":"Male","AgeRange":"70-79","DateOfDeath":"2020-12-04","StateOfDeath":"OH","StateOfResidense":"OH"},{"County":"Erie","Sex":"Male","AgeRange":"70-79","DateOfDeath":"2020-12-06","StateOfDeath":"OH","StateOfResidense":"OH"},{"County":"Erie","Sex":"Male","AgeRange":"70-79","DateOfDeath":"2020-12-06","StateOfDeath":"OH","StateOfResidense":"OH"},{"County":"Erie","Sex":"Male","AgeRange":"70-79","DateOfDeath":"2020-12-06","StateOfDeath":"OH","StateOfResidense":"OH"},{"County":"Erie","Sex":"Female","AgeRange":"80+","DateOfDeath":"2020-12-07","StateOfDeath":"OH","StateOfResidense":"OH"},{"County":"Erie","Sex":"Male","AgeRange":"70-79","DateOfDeath":"2020-12-07","StateOfDeath":"OH","StateOfResidense":"OH"},{"County":"Erie","Sex":"Male","AgeRange":"80+","DateOfDeath":"2020-12-07","StateOfDeath":"OH","StateOfResidense":"OH"},{"County":"Erie","Sex":"Female","AgeRange":"80+","DateOfDeath":"2020-12-07","StateOfDeath":"OH","StateOfResidense":"OH"},{"County":"Erie","Sex":"Female","AgeRange":"80+","DateOfDeath":"2020-12-09","StateOfDeath":"OH","StateOfResidense":"OH"},{"County":"Erie","Sex":"Male","AgeRange":"80+","DateOfDeath":"2020-12-09","StateOfDeath":"OH","StateOfResidense":"OH"},{"County":"Erie","Sex":"Male","AgeRange":"70-79","DateOfDeath":"2020-12-09","StateOfDeath":"OH","StateOfResidense":"OH"},{"County":"Erie","Sex":"Male","AgeRange":"50-59","DateOfDeath":"2020-12-10","StateOfDeath":"OH","StateOfResidense":"OH"},{"County":"Erie","Sex":"Male","AgeRange":"70-79","DateOfDeath":"2020-12-11","StateOfDeath":"OH","StateOfResidense":"OH"},{"County":"Erie","Sex":"Female","AgeRange":"80+","DateOfDeath":"2020-12-12","StateOfDeath":"OH","StateOfResidense":"OH"},{"County":"Erie","Sex":"Male","AgeRange":"80+","DateOfDeath":"2020-12-13","StateOfDeath":"OH","StateOfResidense":"OH"},{"County":"Erie","Sex":"Male","AgeRange":"80+","DateOfDeath":"2020-12-14","StateOfDeath":"OH","StateOfResidense":"OH"},{"County":"Erie","Sex":"Female","AgeRange":"70-79","DateOfDeath":"2020-12-14","StateOfDeath":"OH","StateOfResidense":"OH"},{"County":"Erie","Sex":"Male","AgeRange":"70-79","DateOfDeath":"2020-12-14","StateOfDeath":"OH","StateOfResidense":"OH"},{"County":"Erie","Sex":"Male","AgeRange":"80+","DateOfDeath":"2020-12-14","StateOfDeath":"OH","StateOfResidense":"OH"},{"County":"Erie","Sex":"Male","AgeRange":"80+","DateOfDeath":"2020-12-14","StateOfDeath":"OH","StateOfResidense":"OH"},{"County":"Erie","Sex":"Female","AgeRange":"80+","DateOfDeath":"2020-12-17","StateOfDeath":"OH","StateOfResidense":"OH"},{"County":"Erie","Sex":"Male","AgeRange":"80+","DateOfDeath":"2020-12-17","StateOfDeath":"OH","StateOfResidense":"OH"},{"County":"Erie","Sex":"Female","AgeRange":"80+","DateOfDeath":"2020-12-18","StateOfDeath":"OH","StateOfResidense":"OH"},{"County":"Erie","Sex":"Male","AgeRange":"60-69","DateOfDeath":"2020-12-18","StateOfDeath":"OH","StateOfResidense":"OH"},{"County":"Erie","Sex":"Male","AgeRange":"70-79","DateOfDeath":"2020-12-21","StateOfDeath":"OH","StateOfResidense":"OH"},{"County":"Erie","Sex":"Male","AgeRange":"80+","DateOfDeath":"2020-12-21","StateOfDeath":"OH","StateOfResidense":"OH"},{"County":"Erie","Sex":"Female","AgeRange":"80+","DateOfDeath":"2020-12-22","StateOfDeath":"OH","StateOfResidense":"OH"},{"County":"Erie","Sex":"Male","AgeRange":"80+","DateOfDeath":"2020-12-22","StateOfDeath":"OH","StateOfResidense":"OH"},{"County":"Erie","Sex":"Female","AgeRange":"80+","DateOfDeath":"2020-12-22","StateOfDeath":"OH","StateOfResidense":"OH"},{"County":"Erie","Sex":"Female","AgeRange":"80+","DateOfDeath":"2020-12-23","StateOfDeath":"OH","StateOfResidense":"OH"},{"County":"Erie","Sex":"Male","AgeRange":"60-69","DateOfDeath":"2020-12-23","StateOfDeath":"OH","StateOfResidense":"OH"},{"County":"Erie","Sex":"Male","AgeRange":"80+","DateOfDeath":"2020-12-23","StateOfDeath":"OH","StateOfResidense":"OH"},{"County":"Erie","Sex":"Female","AgeRange":"80+","DateOfDeath":"2020-12-24","StateOfDeath":"OH","StateOfResidense":"OH"},{"County":"Erie","Sex":"Female","AgeRange":"70-79","DateOfDeath":"2020-12-24","StateOfDeath":"OH","StateOfResidense":"OH"},{"County":"Erie","Sex":"Male","AgeRange":"80+","DateOfDeath":"2020-12-25","StateOfDeath":"OH","StateOfResidense":"OH"},{"County":"Erie","Sex":"Female","AgeRange":"80+","DateOfDeath":"2020-12-27","StateOfDeath":"OH","StateOfResidense":"OH"},{"County":"Erie","Sex":"Female","AgeRange":"70-79","DateOfDeath":"2020-12-27","StateOfDeath":"OH","StateOfResidense":"OH"},{"County":"Erie","Sex":"Female","AgeRange":"80+","DateOfDeath":"2020-12-28","StateOfDeath":"OH","StateOfResidense":"OH"},{"County":"Erie","Sex":"Female","AgeRange":"80+","DateOfDeath":"2020-12-28","StateOfDeath":"OH","StateOfResidense":"OH"},{"County":"Erie","Sex":"Female","AgeRange":"80+","DateOfDeath":"2020-12-29","StateOfDeath":"OH","StateOfResidense":"OH"},{"County":"Erie","Sex":"Male","AgeRange":"80+","DateOfDeath":"2020-12-29","StateOfDeath":"OH","StateOfResidense":"OH"},{"County":"Erie","Sex":"Female","AgeRange":"70-79","DateOfDeath":"2020-12-29","StateOfDeath":"OH","StateOfResidense":"OH"},{"County":"Erie","Sex":"Male","AgeRange":"60-69","DateOfDeath":"2020-12-31","StateOfDeath":"OH","StateOfResidense":"OH"},{"County":"Erie","Sex":"Male","AgeRange":"70-79","DateOfDeath":"2020-12-31","StateOfDeath":"OH","StateOfResidense":"OH"},{"County":"Erie","Sex":"Female","AgeRange":"80+","DateOfDeath":"2020-12-31","StateOfDeath":"OH","StateOfResidense":"OH"},{"County":"Erie","Sex":"Female","AgeRange":"80+","DateOfDeath":"2021-01-01","StateOfDeath":"OH","StateOfResidense":"OH"},{"County":"Erie","Sex":"Female","AgeRange":"70-79","DateOfDeath":"2021-01-02","StateOfDeath":"OH","StateOfResidense":"OH"},{"County":"Erie","Sex":"Female","AgeRange":"80+","DateOfDeath":"2021-01-02","StateOfDeath":"OH","StateOfResidense":"OH"},{"County":"Erie","Sex":"Male","AgeRange":"70-79","DateOfDeath":"2021-01-02","StateOfDeath":"OH","StateOfResidense":"OH"},{"County":"Erie","Sex":"Female","AgeRange":"80+","DateOfDeath":"2021-01-03","StateOfDeath":"OH","StateOfResidense":"OH"},{"County":"Erie","Sex":"Male","AgeRange":"80+","DateOfDeath":"2021-01-04","StateOfDeath":"OH","StateOfResidense":"OH"},{"County":"Erie","Sex":"Male","AgeRange":"80+","DateOfDeath":"2021-01-05","StateOfDeath":"OH","StateOfResidense":"OH"},{"County":"Erie","Sex":"Female","AgeRange":"80+","DateOfDeath":"2021-01-06","StateOfDeath":"OH","StateOfResidense":"OH"},{"County":"Erie","Sex":"Male","AgeRange":"80+","DateOfDeath":"2021-01-06","StateOfDeath":"OH","StateOfResidense":"OH"},{"County":"Erie","Sex":"Female","AgeRange":"50-59","DateOfDeath":"2021-01-08","StateOfDeath":"OH","StateOfResidense":"OH"},{"County":"Erie","Sex":"Female","AgeRange":"70-79","DateOfDeath":"2021-01-08","StateOfDeath":"OH","StateOfResidense":"OH"},{"County":"Erie","Sex":"Male","AgeRange":"80+","DateOfDeath":"2021-01-08","StateOfDeath":"OH","StateOfResidense":"OH"},{"County":"Erie","Sex":"Female","AgeRange":"60-69","DateOfDeath":"2021-01-09","StateOfDeath":"OH","StateOfResidense":"OH"},{"County":"Erie","Sex":"Female","AgeRange":"80+","DateOfDeath":"2021-01-10","StateOfDeath":"OH","StateOfResidense":"OH"},{"County":"Erie","Sex":"Male","AgeRange":"70-79","DateOfDeath":"2021-01-11","StateOfDeath":"OH","StateOfResidense":"OH"},{"County":"Erie","Sex":"Male","AgeRange":"60-69","DateOfDeath":"2021-01-11","StateOfDeath":"OH","StateOfResidense":"OH"},{"County":"Erie","Sex":"Male","AgeRange":"80+","DateOfDeath":"2021-01-12","StateOfDeath":"OH","StateOfResidense":"OH"},{"County":"Erie","Sex":"Female","AgeRange":"70-79","DateOfDeath":"2021-01-12","StateOfDeath":"OH","StateOfResidense":"OH"},{"County":"Erie","Sex":"Male","AgeRange":"60-69","DateOfDeath":"2021-01-12","StateOfDeath":"OH","StateOfResidense":"OH"},{"County":"Erie","Sex":"Male","AgeRange":"80+","DateOfDeath":"2021-01-12","StateOfDeath":"OH","StateOfResidense":"OH"},{"County":"Erie","Sex":"Female","AgeRange":"70-79","DateOfDeath":"2021-01-16","StateOfDeath":"OH","StateOfResidense":"OH"},{"County":"Erie","Sex":"Female","AgeRange":"80+","DateOfDeath":"2021-01-17","StateOfDeath":"OH","StateOfResidense":"OH"},{"County":"Erie","Sex":"Female","AgeRange":"80+","DateOfDeath":"2021-01-19","StateOfDeath":"OH","StateOfResidense":"OH"},{"County":"Erie","Sex":"Male","AgeRange":"70-79","DateOfDeath":"2021-01-19","StateOfDeath":"OH","StateOfResidense":"OH"},{"County":"Erie","Sex":"Male","AgeRange":"60-69","DateOfDeath":"2021-01-19","StateOfDeath":"OH","StateOfResidense":"OH"},{"County":"Erie","Sex":"Female","AgeRange":"80+","DateOfDeath":"2021-01-19","StateOfDeath":"OH","StateOfResidense":"OH"},{"County":"Erie","Sex":"Female","AgeRange":"70-79","DateOfDeath":"2021-01-20","StateOfDeath":"OH","StateOfResidense":"OH"},{"County":"Erie","Sex":"Male","AgeRange":"80+","DateOfDeath":"2021-01-21","StateOfDeath":"OH","StateOfResidense":"OH"},{"County":"Erie","Sex":"Male","AgeRange":"70-79","DateOfDeath":"2021-01-22","StateOfDeath":"OH","StateOfResidense":"OH"},{"County":"Erie","Sex":"Male","AgeRange":"80+","DateOfDeath":"2021-01-22","StateOfDeath":"OH","StateOfResidense":"OH"},{"County":"Erie","Sex":"Female","AgeRange":"40-49","DateOfDeath":"2021-01-24","StateOfDeath":"OH","StateOfResidense":"OH"},{"County":"Erie","Sex":"Male","AgeRange":"70-79","DateOfDeath":"2021-01-24","StateOfDeath":"OH","StateOfResidense":"OH"},{"County":"Erie","Sex":"Male","AgeRange":"70-79","DateOfDeath":"2021-01-25","StateOfDeath":"OH","StateOfResidense":"OH"},{"County":"Erie","Sex":"Male","AgeRange":"80+","DateOfDeath":"2021-01-25","StateOfDeath":"OH","StateOfResidense":"OH"},{"County":"Erie","Sex":"Female","AgeRange":"50-59","DateOfDeath":"2021-01-26","StateOfDeath":"OH","StateOfResidense":"OH"},{"County":"Erie","Sex":"Female","AgeRange":"80+","DateOfDeath":"2021-01-29","StateOfDeath":"OH","StateOfResidense":"OH"},{"County":"Erie","Sex":"Female","AgeRange":"80+","DateOfDeath":"2021-01-30","StateOfDeath":"OH","StateOfResidense":"OH"},{"County":"Erie","Sex":"Male","AgeRange":"60-69","DateOfDeath":"2021-02-10","StateOfDeath":"OH","StateOfResidense":"OH"},{"County":"Erie","Sex":"Male","AgeRange":"80+","DateOfDeath":"2021-02-10","StateOfDeath":"OH","StateOfResidense":"OH"},{"County":"Erie","Sex":"Female","AgeRange":"80+","DateOfDeath":"2021-02-12","StateOfDeath":"OH","StateOfResidense":"OH"},{"County":"Erie","Sex":"Male","AgeRange":"80+","DateOfDeath":"2021-02-16","StateOfDeath":"OH","StateOfResidense":"OH"},{"County":"Erie","Sex":"Female","AgeRange":"60-69","DateOfDeath":"2021-02-17","StateOfDeath":"OH","StateOfResidense":"OH"},{"County":"Erie","Sex":"Female","AgeRange":"50-59","DateOfDeath":"2021-03-11","StateOfDeath":"OH","StateOfResidense":"OH"},{"County":"Erie","Sex":"Male","AgeRange":"70-79","DateOfDeath":"2021-03-11","StateOfDeath":"OH","StateOfResidense":"OH"},{"County":"Erie","Sex":"Female","AgeRange":"60-69","DateOfDeath":"2021-03-16","StateOfDeath":"OH","StateOfResidense":"OH"},{"County":"Erie","Sex":"Male","AgeRange":"50-59","DateOfDeath":"2021-03-26","StateOfDeath":"OH","StateOfResidense":"OH"},{"County":"Erie","Sex":"Male","AgeRange":"60-69","DateOfDeath":"2021-04-14","StateOfDeath":"OH","StateOfResidense":"OH"},{"County":"Erie","Sex":"Male","AgeRange":"50-59","DateOfDeath":"2021-04-15","StateOfDeath":"OH","StateOfResidense":"OH"},{"County":"Erie","Sex":"Male","AgeRange":"60-69","DateOfDeath":"2021-05-01","StateOfDeath":"OH","StateOfResidense":"OH"},{"County":"Erie","Sex":"Female","AgeRange":"50-59","DateOfDeath":"2021-05-01","StateOfDeath":"OH","StateOfResidense":"OH"},{"County":"Erie","Sex":"Male","AgeRange":"60-69","DateOfDeath":"2021-05-07","StateOfDeath":"OH","StateOfResidense":"OH"},{"County":"Erie","Sex":"Male","AgeRange":"80+","DateOfDeath":"2021-05-12","StateOfDeath":"OH","StateOfResidense":"OH"},{"County":"Erie","Sex":"Male","AgeRange":"50-59","DateOfDeath":"2021-05-19","StateOfDeath":"OH","StateOfResidense":"OH"},{"County":"Erie","Sex":"Female","AgeRange":"50-59","DateOfDeath":"2021-05-22","StateOfDeath":"OH","StateOfResidense":"OH"},{"County":"Erie","Sex":"Female","AgeRange":"50-59","DateOfDeath":"2021-05-31","StateOfDeath":"OH","StateOfResidense":"OH"},{"County":"Erie","Sex":"Male","AgeRange":"70-79","DateOfDeath":"2021-06-04","StateOfDeath":"OH","StateOfResidense":"OH"},{"County":"Erie","Sex":"Male","AgeRange":"50-59","DateOfDeath":"2021-06-07","StateOfDeath":"OH","StateOfResidense":"OH"},{"County":"Erie","Sex":"Female","AgeRange":"80+","DateOfDeath":"2021-07-23","StateOfDeath":"OH","StateOfResidense":"OH"},{"County":"Erie","Sex":"Male","AgeRange":"60-69","DateOfDeath":"2021-07-26","StateOfDeath":"OH","StateOfResidense":"OH"},{"County":"Erie","Sex":"Male","AgeRange":"80+","DateOfDeath":"2021-07-27","StateOfDeath":"OH","StateOfResidense":"OH"},{"County":"Erie","Sex":"Female","AgeRange":"70-79","DateOfDeath":"2021-08-03","StateOfDeath":"OH","StateOfResidense":"OH"},{"County":"Erie","Sex":"Male","AgeRange":"80+","DateOfDeath":"2021-08-12","StateOfDeath":"OH","StateOfResidense":"OH"},{"County":"Erie","Sex":"Male","AgeRange":"50-59","DateOfDeath":"2021-08-18","StateOfDeath":"OH","StateOfResidense":"OH"},{"County":"Erie","Sex":"Male","AgeRange":"70-79","DateOfDeath":"2021-08-19","StateOfDeath":"OH","StateOfResidense":"OH"},{"County":"Erie","Sex":"Female","AgeRange":"80+","DateOfDeath":"2021-08-25","StateOfDeath":"OH","StateOfResidense":"OH"},{"County":"Erie","Sex":"Female","AgeRange":"60-69","DateOfDeath":"2021-09-02","StateOfDeath":"OH","StateOfResidense":"OH"},{"County":"Erie","Sex":"Male","AgeRange":"70-79","DateOfDeath":"2021-09-08","StateOfDeath":"OH","StateOfResidense":"OH"},{"County":"Erie","Sex":"Female","AgeRange":"50-59","DateOfDeath":"2021-09-09","StateOfDeath":"OH","StateOfResidense":"FL"},{"County":"Erie","Sex":"Male","AgeRange":"70-79","DateOfDeath":"2021-09-15","StateOfDeath":"OH","StateOfResidense":"OH"},{"County":"Erie","Sex":"Male","AgeRange":"80+","DateOfDeath":"2021-09-17","StateOfDeath":"OH","StateOfResidense":"OH"},{"County":"Erie","Sex":"Female","AgeRange":"60-69","DateOfDeath":"2021-09-19","StateOfDeath":"OH","StateOfResidense":"OH"},{"County":"Erie","Sex":"Male","AgeRange":"80+","DateOfDeath":"2021-09-22","StateOfDeath":"OH","StateOfResidense":"OH"},{"County":"Erie","Sex":"Male","AgeRange":"70-79","DateOfDeath":"2021-09-24","StateOfDeath":"OH","StateOfResidense":"OH"},{"County":"Erie","Sex":"Male","AgeRange":"70-79","DateOfDeath":"2021-09-25","StateOfDeath":"OH","StateOfResidense":"OH"},{"County":"Erie","Sex":"Male","AgeRange":"30-39","DateOfDeath":"2021-09-25","StateOfDeath":"OH","StateOfResidense":"OH"},{"County":"Erie","Sex":"Female","AgeRange":"60-69","DateOfDeath":"2021-09-27","StateOfDeath":"OH","StateOfResidense":"OH"},{"County":"Erie","Sex":"Male","AgeRange":"50-59","DateOfDeath":"2021-09-29","StateOfDeath":"OH","StateOfResidense":"OH"},{"County":"Erie","Sex":"Male","AgeRange":"60-69","DateOfDeath":"2021-10-02","StateOfDeath":"OH","StateOfResidense":"OH"},{"County":"Erie","Sex":"Female","AgeRange":"50-59","DateOfDeath":"2021-10-06","StateOfDeath":"OH","StateOfResidense":"OH"},{"County":"Erie","Sex":"Male","AgeRange":"70-79","DateOfDeath":"2021-10-07","StateOfDeath":"OH","StateOfResidense":"OH"},{"County":"Erie","Sex":"Female","AgeRange":"80+","DateOfDeath":"2021-10-10","StateOfDeath":"OH","StateOfResidense":"OH"},{"County":"Erie","Sex":"Male","AgeRange":"80+","DateOfDeath":"2021-10-11","StateOfDeath":"OH","StateOfResidense":"OH"},{"County":"Erie","Sex":"Female","AgeRange":"50-59","DateOfDeath":"2021-10-13","StateOfDeath":"OH","StateOfResidense":"OH"},{"County":"Erie","Sex":"Female","AgeRange":"80+","DateOfDeath":"2021-10-14","StateOfDeath":"OH","StateOfResidense":"OH"},{"County":"Erie","Sex":"Female","AgeRange":"50-59","DateOfDeath":"2021-10-15","StateOfDeath":"OH","StateOfResidense":"OH"},{"County":"Erie","Sex":"Male","AgeRange":"70-79","DateOfDeath":"2021-10-19","StateOfDeath":"OH","StateOfResidense":"OH"},{"County":"Erie","Sex":"Male","AgeRange":"80+","DateOfDeath":"2021-10-19","StateOfDeath":"OH","StateOfResidense":"OH"},{"County":"Erie","Sex":"Female","AgeRange":"60-69","DateOfDeath":"2021-10-25","StateOfDeath":"OH","StateOfResidense":"OH"},{"County":"Erie","Sex":"Male","AgeRange":"70-79","DateOfDeath":"2021-10-31","StateOfDeath":"OH","StateOfResidense":"OH"},{"County":"Erie","Sex":"Female","AgeRange":"50-59","DateOfDeath":"2021-11-03","StateOfDeath":"OH","StateOfResidense":"OH"},{"County":"Erie","Sex":"Male","AgeRange":"60-69","DateOfDeath":"2021-11-04","StateOfDeath":"OH","StateOfResidense":"OH"},{"County":"Erie","Sex":"Male","AgeRange":"60-69","DateOfDeath":"2021-11-05","StateOfDeath":"OH","StateOfResidense":"OH"},{"County":"Erie","Sex":"Male","AgeRange":"80+","DateOfDeath":"2021-11-10","StateOfDeath":"OH","StateOfResidense":"OH"},{"County":"Erie","Sex":"Female","AgeRange":"70-79","DateOfDeath":"2021-11-13","StateOfDeath":"OH","StateOfResidense":"OH"},{"County":"Erie","Sex":"Female","AgeRange":"50-59","DateOfDeath":"2021-11-15","StateOfDeath":"OH","StateOfResidense":"OH"},{"County":"Erie","Sex":"Male","AgeRange":"80+","DateOfDeath":"2021-11-16","StateOfDeath":"OH","StateOfResidense":"OH"},{"County":"Erie","Sex":"Female","AgeRange":"80+","DateOfDeath":"2021-11-17","StateOfDeath":"OH","StateOfResidense":"OH"},{"County":"Erie","Sex":"Male","AgeRange":"70-79","DateOfDeath":"2021-11-20","StateOfDeath":"OH","StateOfResidense":"OH"},{"County":"Erie","Sex":"Male","AgeRange":"30-39","DateOfDeath":"2021-11-22","StateOfDeath":"OH","StateOfResidense":"OH"}]