[{"County":"Brown","Sex":"Male","AgeRange":"50-59","DateOfDeath":"2020-11-26","StateOfDeath":"OH","StateOfResidense":"OH"},{"County":"Brown","Sex":"Female","AgeRange":"80+","DateOfDeath":"2020-11-28","StateOfDeath":"OH","StateOfResidense":"OH"},{"County":"Brown","Sex":"Male","AgeRange":"80+","DateOfDeath":"2020-12-05","StateOfDeath":"OH","StateOfResidense":"OH"},{"County":"Brown","Sex":"Male","AgeRange":"70-79","DateOfDeath":"2020-12-11","StateOfDeath":"OH","StateOfResidense":"OH"},{"County":"Brown","Sex":"Male","AgeRange":"80+","DateOfDeath":"2020-12-16","StateOfDeath":"OH","StateOfResidense":"OH"},{"County":"Brown","Sex":"Male","AgeRange":"80+","DateOfDeath":"2020-12-22","StateOfDeath":"OH","StateOfResidense":"OH"},{"County":"Brown","Sex":"Male","AgeRange":"80+","DateOfDeath":"2020-12-23","StateOfDeath":"OH","StateOfResidense":"OH"},{"County":"Brown","Sex":"Male","AgeRange":"80+","DateOfDeath":"2020-12-25","StateOfDeath":"OH","StateOfResidense":"OH"},{"County":"Brown","Sex":"Female","AgeRange":"80+","DateOfDeath":"2020-12-29","StateOfDeath":"OH","StateOfResidense":"OH"},{"County":"Brown","Sex":"Male","AgeRange":"80+","DateOfDeath":"2020-12-31","StateOfDeath":"OH","StateOfResidense":"OH"},{"County":"Brown","Sex":"Male","AgeRange":"70-79","DateOfDeath":"2021-01-01","StateOfDeath":"OH","StateOfResidense":"OH"},{"County":"Brown","Sex":"Male","AgeRange":"80+","DateOfDeath":"2021-01-03","StateOfDeath":"OH","StateOfResidense":"OH"},{"County":"Brown","Sex":"Male","AgeRange":"70-79","DateOfDeath":"2021-01-06","StateOfDeath":"OH","StateOfResidense":"OH"},{"County":"Brown","Sex":"Male","AgeRange":"80+","DateOfDeath":"2021-01-06","StateOfDeath":"OH","StateOfResidense":"OH"},{"County":"Brown","Sex":"Male","AgeRange":"70-79","DateOfDeath":"2021-01-09","StateOfDeath":"OH","StateOfResidense":"OH"},{"County":"Brown","Sex":"Female","AgeRange":"80+","DateOfDeath":"2021-01-20","StateOfDeath":"OH","StateOfResidense":"OH"},{"County":"Brown","Sex":"Male","AgeRange":"80+","DateOfDeath":"2021-01-30","StateOfDeath":"OH","StateOfResidense":"OH"},{"County":"Brown","Sex":"Female","AgeRange":"80+","DateOfDeath":"2021-03-13","StateOfDeath":"OH","StateOfResidense":"OH"},{"County":"Brown","Sex":"Male","AgeRange":"80+","DateOfDeath":"2021-03-17","StateOfDeath":"OH","StateOfResidense":"OH"},{"County":"Brown","Sex":"Female","AgeRange":"70-79","DateOfDeath":"2021-04-06","StateOfDeath":"OH","StateOfResidense":"OH"},{"County":"Brown","Sex":"Male","AgeRange":"0-19","DateOfDeath":"2021-08-30","StateOfDeath":"OH","StateOfResidense":"OH"},{"County":"Brown","Sex":"Male","AgeRange":"80+","DateOfDeath":"2021-09-10","StateOfDeath":"OH","StateOfResidense":"OH"},{"County":"Brown","Sex":"Female","AgeRange":"80+","DateOfDeath":"2021-09-11","StateOfDeath":"OH","StateOfResidense":"OH"},{"County":"Brown","Sex":"Female","AgeRange":"80+","DateOfDeath":"2021-09-13","StateOfDeath":"OH","StateOfResidense":"OH"},{"County":"Brown","Sex":"Female","AgeRange":"80+","DateOfDeath":"2021-10-13","StateOfDeath":"OH","StateOfResidense":"OH"},{"County":"Brown","Sex":"Male","AgeRange":"80+","DateOfDeath":"2021-10-14","StateOfDeath":"OH","StateOfResidense":"OH"},{"County":"Brown","Sex":"Male","AgeRange":"80+","DateOfDeath":"2021-10-30","StateOfDeath":"OH","StateOfResidense":"OH"},{"County":"Brown","Sex":"Male","AgeRange":"80+","DateOfDeath":"2021-11-02","StateOfDeath":"OH","StateOfResidense":"OH"},{"County":"Brown","Sex":"Male","AgeRange":"70-79","DateOfDeath":"2021-11-04","StateOfDeath":"OH","StateOfResidense":"OH"},{"County":"Brown","Sex":"Female","AgeRange":"70-79","DateOfDeath":"2021-11-07","StateOfDeath":"OH","StateOfResidense":"OH"},{"County":"Brown","Sex":"Female","AgeRange":"80+","DateOfDeath":"2021-11-13","StateOfDeath":"OH","StateOfResidense":"OH"}]