[{"County":"Coshocton","Sex":"Female","AgeRange":"60-69","DateOfDeath":"2020-11-22","StateOfDeath":"OH","StateOfResidense":"OH"},{"County":"Coshocton","Sex":"Male","AgeRange":"70-79","DateOfDeath":"2020-11-26","StateOfDeath":"OH","StateOfResidense":"OH"},{"County":"Coshocton","Sex":"Female","AgeRange":"80+","DateOfDeath":"2020-12-13","StateOfDeath":"OH","StateOfResidense":"OH"},{"County":"Coshocton","Sex":"Male","AgeRange":"70-79","DateOfDeath":"2020-12-22","StateOfDeath":"OH","StateOfResidense":"OH"},{"County":"Coshocton","Sex":"Male","AgeRange":"70-79","DateOfDeath":"2020-12-24","StateOfDeath":"OH","StateOfResidense":"OH"},{"County":"Coshocton","Sex":"Male","AgeRange":"80+","DateOfDeath":"2020-12-24","StateOfDeath":"OH","StateOfResidense":"OH"},{"County":"Coshocton","Sex":"Female","AgeRange":"80+","DateOfDeath":"2020-12-26","StateOfDeath":"OH","StateOfResidense":"OH"},{"County":"Coshocton","Sex":"Male","AgeRange":"50-59","DateOfDeath":"2020-12-29","StateOfDeath":"OH","StateOfResidense":"OH"},{"County":"Coshocton","Sex":"Male","AgeRange":"80+","DateOfDeath":"2021-01-05","StateOfDeath":"OH","StateOfResidense":"OH"},{"County":"Coshocton","Sex":"Female","AgeRange":"70-79","DateOfDeath":"2021-01-06","StateOfDeath":"OH","StateOfResidense":"OH"},{"County":"Coshocton","Sex":"Female","AgeRange":"50-59","DateOfDeath":"2021-01-07","StateOfDeath":"OH","StateOfResidense":"OH"},{"County":"Coshocton","Sex":"Male","AgeRange":"80+","DateOfDeath":"2021-01-17","StateOfDeath":"OH","StateOfResidense":"OH"},{"County":"Coshocton","Sex":"Female","AgeRange":"60-69","DateOfDeath":"2021-01-19","StateOfDeath":"OH","StateOfResidense":"OH"},{"County":"Coshocton","Sex":"Male","AgeRange":"80+","DateOfDeath":"2021-01-25","StateOfDeath":"OH","StateOfResidense":"OH"},{"County":"Coshocton","Sex":"Male","AgeRange":"80+","DateOfDeath":"2021-02-17","StateOfDeath":"OH","StateOfResidense":"OH"},{"County":"Coshocton","Sex":"Male","AgeRange":"70-79","DateOfDeath":"2021-02-19","StateOfDeath":"OH","StateOfResidense":"OH"},{"County":"Coshocton","Sex":"Male","AgeRange":"70-79","DateOfDeath":"2021-02-22","StateOfDeath":"OH","StateOfResidense":"OH"},{"County":"Coshocton","Sex":"Male","AgeRange":"80+","DateOfDeath":"2021-08-26","StateOfDeath":"OH","StateOfResidense":"OH"},{"County":"Coshocton","Sex":"Male","AgeRange":"80+","DateOfDeath":"2021-09-03","StateOfDeath":"OH","StateOfResidense":"OH"},{"County":"Coshocton","Sex":"Male","AgeRange":"70-79","DateOfDeath":"2021-09-09","StateOfDeath":"OH","StateOfResidense":"OH"},{"County":"Coshocton","Sex":"Female","AgeRange":"70-79","DateOfDeath":"2021-09-14","StateOfDeath":"OH","StateOfResidense":"OH"},{"County":"Coshocton","Sex":"Female","AgeRange":"80+","DateOfDeath":"2021-09-14","StateOfDeath":"OH","StateOfResidense":"OH"},{"County":"Coshocton","Sex":"Female","AgeRange":"40-49","DateOfDeath":"2021-09-15","StateOfDeath":"OH","StateOfResidense":"OH"},{"County":"Coshocton","Sex":"Male","AgeRange":"40-49","DateOfDeath":"2021-09-25","StateOfDeath":"OH","StateOfResidense":"OH"},{"County":"Coshocton","Sex":"Male","AgeRange":"70-79","DateOfDeath":"2021-09-25","StateOfDeath":"OH","StateOfResidense":"OH"},{"County":"Coshocton","Sex":"Female","AgeRange":"50-59","DateOfDeath":"2021-10-01","StateOfDeath":"OH","StateOfResidense":"OH"},{"County":"Coshocton","Sex":"Male","AgeRange":"70-79","DateOfDeath":"2021-10-01","StateOfDeath":"OH","StateOfResidense":"OH"},{"County":"Coshocton","Sex":"Female","AgeRange":"50-59","DateOfDeath":"2021-10-02","StateOfDeath":"OH","StateOfResidense":"OH"},{"County":"Coshocton","Sex":"Male","AgeRange":"40-49","DateOfDeath":"2021-10-10","StateOfDeath":"OH","StateOfResidense":"OH"},{"County":"Coshocton","Sex":"Male","AgeRange":"70-79","DateOfDeath":"2021-10-12","StateOfDeath":"OH","StateOfResidense":"OH"},{"County":"Coshocton","Sex":"Male","AgeRange":"60-69","DateOfDeath":"2021-10-29","StateOfDeath":"OH","StateOfResidense":"OH"},{"County":"Coshocton","Sex":"Male","AgeRange":"80+","DateOfDeath":"2021-11-02","StateOfDeath":"OH","StateOfResidense":"OH"},{"County":"Coshocton","Sex":"Male","AgeRange":"40-49","DateOfDeath":"2021-11-03","StateOfDeath":"OH","StateOfResidense":"OH"},{"County":"Coshocton","Sex":"Male","AgeRange":"80+","DateOfDeath":"2021-11-09","StateOfDeath":"OH","StateOfResidense":"OH"},{"County":"Coshocton","Sex":"Male","AgeRange":"40-49","DateOfDeath":"2021-11-26","StateOfDeath":"OH","StateOfResidense":"OH"},{"County":"Coshocton","Sex":"Male","AgeRange":"80+","DateOfDeath":"2021-11-26","StateOfDeath":"OH","StateOfResidense":"OH"}]