[{"County":"Crawford","Sex":"Female","AgeRange":"60-69","DateOfDeath":"2020-11-10","StateOfDeath":"OH","StateOfResidense":"OH"},{"County":"Crawford","Sex":"Female","AgeRange":"80+","DateOfDeath":"2020-11-11","StateOfDeath":"OH","StateOfResidense":"OH"},{"County":"Crawford","Sex":"Female","AgeRange":"60-69","DateOfDeath":"2020-11-12","StateOfDeath":"OH","StateOfResidense":"OH"},{"County":"Crawford","Sex":"Male","AgeRange":"80+","DateOfDeath":"2020-11-12","StateOfDeath":"OH","StateOfResidense":"OH"},{"County":"Crawford","Sex":"Male","AgeRange":"80+","DateOfDeath":"2020-11-14","StateOfDeath":"OH","StateOfResidense":"OH"},{"County":"Crawford","Sex":"Female","AgeRange":"80+","DateOfDeath":"2020-11-17","StateOfDeath":"OH","StateOfResidense":"OH"},{"County":"Crawford","Sex":"Male","AgeRange":"80+","DateOfDeath":"2020-11-19","StateOfDeath":"OH","StateOfResidense":"OH"},{"County":"Crawford","Sex":"Female","AgeRange":"80+","DateOfDeath":"2020-11-24","StateOfDeath":"OH","StateOfResidense":"OH"},{"County":"Crawford","Sex":"Female","AgeRange":"80+","DateOfDeath":"2020-11-26","StateOfDeath":"OH","StateOfResidense":"OH"},{"County":"Crawford","Sex":"Male","AgeRange":"60-69","DateOfDeath":"2020-11-26","StateOfDeath":"OH","StateOfResidense":"OH"},{"County":"Crawford","Sex":"Male","AgeRange":"80+","DateOfDeath":"2020-11-27","StateOfDeath":"OH","StateOfResidense":"OH"},{"County":"Crawford","Sex":"Female","AgeRange":"80+","DateOfDeath":"2020-11-28","StateOfDeath":"OH","StateOfResidense":"OH"},{"County":"Crawford","Sex":"Female","AgeRange":"80+","DateOfDeath":"2020-11-29","StateOfDeath":"OH","StateOfResidense":"OH"},{"County":"Crawford","Sex":"Female","AgeRange":"80+","DateOfDeath":"2020-12-01","StateOfDeath":"OH","StateOfResidense":"OH"},{"County":"Crawford","Sex":"Female","AgeRange":"80+","DateOfDeath":"2020-12-03","StateOfDeath":"OH","StateOfResidense":"OH"},{"County":"Crawford","Sex":"Female","AgeRange":"80+","DateOfDeath":"2020-12-04","StateOfDeath":"OH","StateOfResidense":"OH"},{"County":"Crawford","Sex":"Female","AgeRange":"80+","DateOfDeath":"2020-12-05","StateOfDeath":"OH","StateOfResidense":"OH"},{"County":"Crawford","Sex":"Male","AgeRange":"80+","DateOfDeath":"2020-12-06","StateOfDeath":"OH","StateOfResidense":"OH"},{"County":"Crawford","Sex":"Male","AgeRange":"60-69","DateOfDeath":"2020-12-07","StateOfDeath":"OH","StateOfResidense":"OH"},{"County":"Crawford","Sex":"Female","AgeRange":"80+","DateOfDeath":"2020-12-09","StateOfDeath":"OH","StateOfResidense":"OH"},{"County":"Crawford","Sex":"Male","AgeRange":"80+","DateOfDeath":"2020-12-13","StateOfDeath":"OH","StateOfResidense":"OH"},{"County":"Crawford","Sex":"Female","AgeRange":"60-69","DateOfDeath":"2020-12-14","StateOfDeath":"OH","StateOfResidense":"OH"},{"County":"Crawford","Sex":"Female","AgeRange":"70-79","DateOfDeath":"2020-12-14","StateOfDeath":"OH","StateOfResidense":"OH"},{"County":"Crawford","Sex":"Male","AgeRange":"70-79","DateOfDeath":"2020-12-15","StateOfDeath":"OH","StateOfResidense":"OH"},{"County":"Crawford","Sex":"Female","AgeRange":"80+","DateOfDeath":"2020-12-15","StateOfDeath":"OH","StateOfResidense":"OH"},{"County":"Crawford","Sex":"Female","AgeRange":"80+","DateOfDeath":"2020-12-16","StateOfDeath":"OH","StateOfResidense":"OH"},{"County":"Crawford","Sex":"Male","AgeRange":"70-79","DateOfDeath":"2020-12-16","StateOfDeath":"OH","StateOfResidense":"OH"},{"County":"Crawford","Sex":"Male","AgeRange":"70-79","DateOfDeath":"2020-12-18","StateOfDeath":"OH","StateOfResidense":"OH"},{"County":"Crawford","Sex":"Male","AgeRange":"80+","DateOfDeath":"2020-12-18","StateOfDeath":"OH","StateOfResidense":"OH"},{"County":"Crawford","Sex":"Male","AgeRange":"80+","DateOfDeath":"2020-12-21","StateOfDeath":"OH","StateOfResidense":"OH"},{"County":"Crawford","Sex":"Male","AgeRange":"80+","DateOfDeath":"2020-12-22","StateOfDeath":"OH","StateOfResidense":"OH"},{"County":"Crawford","Sex":"Female","AgeRange":"80+","DateOfDeath":"2020-12-31","StateOfDeath":"OH","StateOfResidense":"OH"},{"County":"Crawford","Sex":"Female","AgeRange":"80+","DateOfDeath":"2021-01-03","StateOfDeath":"OH","StateOfResidense":"OH"},{"County":"Crawford","Sex":"Male","AgeRange":"60-69","DateOfDeath":"2021-01-03","StateOfDeath":"OH","StateOfResidense":"OH"},{"County":"Crawford","Sex":"Female","AgeRange":"60-69","DateOfDeath":"2021-01-04","StateOfDeath":"OH","StateOfResidense":"OH"},{"County":"Crawford","Sex":"Female","AgeRange":"80+","DateOfDeath":"2021-01-08","StateOfDeath":"OH","StateOfResidense":"OH"},{"County":"Crawford","Sex":"Male","AgeRange":"70-79","DateOfDeath":"2021-01-10","StateOfDeath":"OH","StateOfResidense":"OH"},{"County":"Crawford","Sex":"Female","AgeRange":"80+","DateOfDeath":"2021-01-11","StateOfDeath":"OH","StateOfResidense":"OH"},{"County":"Crawford","Sex":"Female","AgeRange":"80+","DateOfDeath":"2021-01-14","StateOfDeath":"OH","StateOfResidense":"OH"},{"County":"Crawford","Sex":"Male","AgeRange":"70-79","DateOfDeath":"2021-01-15","StateOfDeath":"OH","StateOfResidense":"OH"},{"County":"Crawford","Sex":"Female","AgeRange":"50-59","DateOfDeath":"2021-01-18","StateOfDeath":"OH","StateOfResidense":"OH"},{"County":"Crawford","Sex":"Male","AgeRange":"80+","DateOfDeath":"2021-01-19","StateOfDeath":"OH","StateOfResidense":"OH"},{"County":"Crawford","Sex":"Female","AgeRange":"70-79","DateOfDeath":"2021-01-24","StateOfDeath":"OH","StateOfResidense":"OH"},{"County":"Crawford","Sex":"Female","AgeRange":"80+","DateOfDeath":"2021-01-24","StateOfDeath":"OH","StateOfResidense":"OH"},{"County":"Crawford","Sex":"Male","AgeRange":"80+","DateOfDeath":"2021-02-01","StateOfDeath":"OH","StateOfResidense":"OH"},{"County":"Crawford","Sex":"Male","AgeRange":"80+","DateOfDeath":"2021-02-05","StateOfDeath":"OH","StateOfResidense":"OH"},{"County":"Crawford","Sex":"Female","AgeRange":"70-79","DateOfDeath":"2021-02-06","StateOfDeath":"OH","StateOfResidense":"OH"},{"County":"Crawford","Sex":"Male","AgeRange":"70-79","DateOfDeath":"2021-03-09","StateOfDeath":"OH","StateOfResidense":"OH"},{"County":"Crawford","Sex":"Male","AgeRange":"80+","DateOfDeath":"2021-04-02","StateOfDeath":"OH","StateOfResidense":"OH"},{"County":"Crawford","Sex":"Male","AgeRange":"60-69","DateOfDeath":"2021-06-02","StateOfDeath":"OH","StateOfResidense":"OH"},{"County":"Crawford","Sex":"Male","AgeRange":"60-69","DateOfDeath":"2021-07-14","StateOfDeath":"OH","StateOfResidense":"OH"},{"County":"Crawford","Sex":"Male","AgeRange":"80+","DateOfDeath":"2021-08-20","StateOfDeath":"OH","StateOfResidense":"OH"},{"County":"Crawford","Sex":"Male","AgeRange":"80+","DateOfDeath":"2021-08-30","StateOfDeath":"OH","StateOfResidense":"OH"},{"County":"Crawford","Sex":"Female","AgeRange":"60-69","DateOfDeath":"2021-08-31","StateOfDeath":"OH","StateOfResidense":"OH"},{"County":"Crawford","Sex":"Female","AgeRange":"60-69","DateOfDeath":"2021-08-31","StateOfDeath":"OH","StateOfResidense":"OH"},{"County":"Crawford","Sex":"Female","AgeRange":"70-79","DateOfDeath":"2021-09-02","StateOfDeath":"OH","StateOfResidense":"OH"},{"County":"Crawford","Sex":"Male","AgeRange":"50-59","DateOfDeath":"2021-09-02","StateOfDeath":"OH","StateOfResidense":"OH"},{"County":"Crawford","Sex":"Male","AgeRange":"40-49","DateOfDeath":"2021-09-04","StateOfDeath":"OH","StateOfResidense":"OH"},{"County":"Crawford","Sex":"Male","AgeRange":"70-79","DateOfDeath":"2021-09-05","StateOfDeath":"OH","StateOfResidense":"OH"},{"County":"Crawford","Sex":"Female","AgeRange":"80+","DateOfDeath":"2021-09-08","StateOfDeath":"OH","StateOfResidense":"OH"},{"County":"Crawford","Sex":"Female","AgeRange":"70-79","DateOfDeath":"2021-09-10","StateOfDeath":"OH","StateOfResidense":"OH"},{"County":"Crawford","Sex":"Male","AgeRange":"80+","DateOfDeath":"2021-09-10","StateOfDeath":"OH","StateOfResidense":"OH"},{"County":"Crawford","Sex":"Male","AgeRange":"70-79","DateOfDeath":"2021-09-13","StateOfDeath":"OH","StateOfResidense":"OH"},{"County":"Crawford","Sex":"Female","AgeRange":"50-59","DateOfDeath":"2021-09-16","StateOfDeath":"OH","StateOfResidense":"OH"},{"County":"Crawford","Sex":"Female","AgeRange":"80+","DateOfDeath":"2021-09-16","StateOfDeath":"OH","StateOfResidense":"OH"},{"County":"Crawford","Sex":"Female","AgeRange":"70-79","DateOfDeath":"2021-09-18","StateOfDeath":"OH","StateOfResidense":"OH"},{"County":"Crawford","Sex":"Male","AgeRange":"50-59","DateOfDeath":"2021-09-19","StateOfDeath":"OH","StateOfResidense":"OH"},{"County":"Crawford","Sex":"Male","AgeRange":"60-69","DateOfDeath":"2021-09-23","StateOfDeath":"OH","StateOfResidense":"OH"},{"County":"Crawford","Sex":"Female","AgeRange":"70-79","DateOfDeath":"2021-09-25","StateOfDeath":"OH","StateOfResidense":"OH"},{"County":"Crawford","Sex":"Female","AgeRange":"80+","DateOfDeath":"2021-09-26","StateOfDeath":"OH","StateOfResidense":"OH"},{"County":"Crawford","Sex":"Female","AgeRange":"50-59","DateOfDeath":"2021-09-29","StateOfDeath":"OH","StateOfResidense":"OH"},{"County":"Crawford","Sex":"Female","AgeRange":"60-69","DateOfDeath":"2021-09-30","StateOfDeath":"OH","StateOfResidense":"OH"},{"County":"Crawford","Sex":"Male","AgeRange":"80+","DateOfDeath":"2021-09-30","StateOfDeath":"OH","StateOfResidense":"OH"},{"County":"Crawford","Sex":"Female","AgeRange":"60-69","DateOfDeath":"2021-10-08","StateOfDeath":"OH","StateOfResidense":"OH"},{"County":"Crawford","Sex":"Female","AgeRange":"50-59","DateOfDeath":"2021-10-09","StateOfDeath":"OH","StateOfResidense":"OH"},{"County":"Crawford","Sex":"Male","AgeRange":"60-69","DateOfDeath":"2021-10-10","StateOfDeath":"OH","StateOfResidense":"OH"},{"County":"Crawford","Sex":"Female","AgeRange":"50-59","DateOfDeath":"2021-10-10","StateOfDeath":"OH","StateOfResidense":"OH"},{"County":"Crawford","Sex":"Female","AgeRange":"60-69","DateOfDeath":"2021-10-10","StateOfDeath":"OH","StateOfResidense":"OH"},{"County":"Crawford","Sex":"Male","AgeRange":"50-59","DateOfDeath":"2021-10-11","StateOfDeath":"OH","StateOfResidense":"OH"},{"County":"Crawford","Sex":"Female","AgeRange":"70-79","DateOfDeath":"2021-10-16","StateOfDeath":"OH","StateOfResidense":"OH"},{"County":"Crawford","Sex":"Female","AgeRange":"80+","DateOfDeath":"2021-10-16","StateOfDeath":"OH","StateOfResidense":"OH"},{"County":"Crawford","Sex":"Male","AgeRange":"80+","DateOfDeath":"2021-10-17","StateOfDeath":"OH","StateOfResidense":"OH"},{"County":"Crawford","Sex":"Female","AgeRange":"60-69","DateOfDeath":"2021-10-20","StateOfDeath":"OH","StateOfResidense":"OH"},{"County":"Crawford","Sex":"Male","AgeRange":"60-69","DateOfDeath":"2021-10-21","StateOfDeath":"OH","StateOfResidense":"OH"},{"County":"Crawford","Sex":"Female","AgeRange":"60-69","DateOfDeath":"2021-10-22","StateOfDeath":"OH","StateOfResidense":"OH"},{"County":"Crawford","Sex":"Female","AgeRange":"70-79","DateOfDeath":"2021-10-28","StateOfDeath":"OH","StateOfResidense":"OH"},{"County":"Crawford","Sex":"Female","AgeRange":"70-79","DateOfDeath":"2021-11-01","StateOfDeath":"OH","StateOfResidense":"OH"},{"County":"Crawford","Sex":"Male","AgeRange":"60-69","DateOfDeath":"2021-11-07","StateOfDeath":"OH","StateOfResidense":"OH"},{"County":"Crawford","Sex":"Male","AgeRange":"70-79","DateOfDeath":"2021-11-09","StateOfDeath":"OH","StateOfResidense":"OH"},{"County":"Crawford","Sex":"Male","AgeRange":"40-49","DateOfDeath":"2021-11-12","StateOfDeath":"OH","StateOfResidense":"OH"},{"County":"Crawford","Sex":"Female","AgeRange":"70-79","DateOfDeath":"2021-11-12","StateOfDeath":"OH","StateOfResidense":"OH"},{"County":"Crawford","Sex":"Male","AgeRange":"50-59","DateOfDeath":"2021-11-24","StateOfDeath":"OH","StateOfResidense":"OH"}]