[{"County":"Scioto","Sex":"Male","AgeRange":"70-79","DateOfDeath":"2020-11-09","StateOfDeath":"OH","StateOfResidense":"OH"},{"County":"Scioto","Sex":"Male","AgeRange":"60-69","DateOfDeath":"2020-11-12","StateOfDeath":"OH","StateOfResidense":"KY"},{"County":"Scioto","Sex":"Female","AgeRange":"60-69","DateOfDeath":"2020-11-19","StateOfDeath":"OH","StateOfResidense":"OH"},{"County":"Scioto","Sex":"Male","AgeRange":"80+","DateOfDeath":"2020-11-20","StateOfDeath":"OH","StateOfResidense":"OH"},{"County":"Scioto","Sex":"Female","AgeRange":"60-69","DateOfDeath":"2020-11-20","StateOfDeath":"OH","StateOfResidense":"OH"},{"County":"Scioto","Sex":"Male","AgeRange":"70-79","DateOfDeath":"2020-11-25","StateOfDeath":"OH","StateOfResidense":"OH"},{"County":"Scioto","Sex":"Male","AgeRange":"80+","DateOfDeath":"2020-11-25","StateOfDeath":"OH","StateOfResidense":"OH"},{"County":"Scioto","Sex":"Male","AgeRange":"70-79","DateOfDeath":"2020-11-26","StateOfDeath":"OH","StateOfResidense":"KY"},{"County":"Scioto","Sex":"Female","AgeRange":"80+","DateOfDeath":"2020-11-26","StateOfDeath":"OH","StateOfResidense":"WV"},{"County":"Scioto","Sex":"Female","AgeRange":"50-59","DateOfDeath":"2020-11-26","StateOfDeath":"OH","StateOfResidense":"OH"},{"County":"Scioto","Sex":"Female","AgeRange":"80+","DateOfDeath":"2020-11-26","StateOfDeath":"OH","StateOfResidense":"OH"},{"County":"Scioto","Sex":"Male","AgeRange":"80+","DateOfDeath":"2020-11-26","StateOfDeath":"OH","StateOfResidense":"OH"},{"County":"Scioto","Sex":"Male","AgeRange":"70-79","DateOfDeath":"2020-11-27","StateOfDeath":"OH","StateOfResidense":"OH"},{"County":"Scioto","Sex":"Male","AgeRange":"70-79","DateOfDeath":"2020-11-27","StateOfDeath":"OH","StateOfResidense":"OH"},{"County":"Scioto","Sex":"Male","AgeRange":"80+","DateOfDeath":"2020-11-28","StateOfDeath":"OH","StateOfResidense":"OH"},{"County":"Scioto","Sex":"Male","AgeRange":"70-79","DateOfDeath":"2020-11-29","StateOfDeath":"OH","StateOfResidense":"OH"},{"County":"Scioto","Sex":"Male","AgeRange":"50-59","DateOfDeath":"2020-11-30","StateOfDeath":"OH","StateOfResidense":"KY"},{"County":"Scioto","Sex":"Male","AgeRange":"80+","DateOfDeath":"2020-11-30","StateOfDeath":"OH","StateOfResidense":"OH"},{"County":"Scioto","Sex":"Male","AgeRange":"80+","DateOfDeath":"2020-11-30","StateOfDeath":"OH","StateOfResidense":"KY"},{"County":"Scioto","Sex":"Male","AgeRange":"80+","DateOfDeath":"2020-12-01","StateOfDeath":"OH","StateOfResidense":"OH"},{"County":"Scioto","Sex":"Male","AgeRange":"80+","DateOfDeath":"2020-12-02","StateOfDeath":"OH","StateOfResidense":"OH"},{"County":"Scioto","Sex":"Female","AgeRange":"60-69","DateOfDeath":"2020-12-03","StateOfDeath":"OH","StateOfResidense":"OH"},{"County":"Scioto","Sex":"Male","AgeRange":"60-69","DateOfDeath":"2020-12-04","StateOfDeath":"OH","StateOfResidense":"OH"},{"County":"Scioto","Sex":"Male","AgeRange":"70-79","DateOfDeath":"2020-12-04","StateOfDeath":"OH","StateOfResidense":"OH"},{"County":"Scioto","Sex":"Female","AgeRange":"60-69","DateOfDeath":"2020-12-06","StateOfDeath":"OH","StateOfResidense":"OH"},{"County":"Scioto","Sex":"Female","AgeRange":"70-79","DateOfDeath":"2020-12-06","StateOfDeath":"OH","StateOfResidense":"OH"},{"County":"Scioto","Sex":"Female","AgeRange":"80+","DateOfDeath":"2020-12-06","StateOfDeath":"OH","StateOfResidense":"OH"},{"County":"Scioto","Sex":"Male","AgeRange":"60-69","DateOfDeath":"2020-12-07","StateOfDeath":"OH","StateOfResidense":"KY"},{"County":"Scioto","Sex":"Female","AgeRange":"80+","DateOfDeath":"2020-12-07","StateOfDeath":"OH","StateOfResidense":"OH"},{"County":"Scioto","Sex":"Female","AgeRange":"80+","DateOfDeath":"2020-12-08","StateOfDeath":"OH","StateOfResidense":"OH"},{"County":"Scioto","Sex":"Male","AgeRange":"50-59","DateOfDeath":"2020-12-08","StateOfDeath":"OH","StateOfResidense":"MS"},{"County":"Scioto","Sex":"Male","AgeRange":"70-79","DateOfDeath":"2020-12-10","StateOfDeath":"OH","StateOfResidense":"OH"},{"County":"Scioto","Sex":"Female","AgeRange":"60-69","DateOfDeath":"2020-12-11","StateOfDeath":"OH","StateOfResidense":"OH"},{"County":"Scioto","Sex":"Female","AgeRange":"80+","DateOfDeath":"2020-12-12","StateOfDeath":"OH","StateOfResidense":"OH"},{"County":"Scioto","Sex":"Male","AgeRange":"60-69","DateOfDeath":"2020-12-15","StateOfDeath":"OH","StateOfResidense":"OH"},{"County":"Scioto","Sex":"Male","AgeRange":"80+","DateOfDeath":"2020-12-15","StateOfDeath":"OH","StateOfResidense":"OH"},{"County":"Scioto","Sex":"Female","AgeRange":"70-79","DateOfDeath":"2020-12-18","StateOfDeath":"OH","StateOfResidense":"OH"},{"County":"Scioto","Sex":"Female","AgeRange":"80+","DateOfDeath":"2020-12-18","StateOfDeath":"OH","StateOfResidense":"OH"},{"County":"Scioto","Sex":"Female","AgeRange":"80+","DateOfDeath":"2020-12-19","StateOfDeath":"OH","StateOfResidense":"OH"},{"County":"Scioto","Sex":"Female","AgeRange":"30-39","DateOfDeath":"2020-12-20","StateOfDeath":"OH","StateOfResidense":"OH"},{"County":"Scioto","Sex":"Male","AgeRange":"80+","DateOfDeath":"2020-12-20","StateOfDeath":"OH","StateOfResidense":"OH"},{"County":"Scioto","Sex":"Female","AgeRange":"60-69","DateOfDeath":"2020-12-21","StateOfDeath":"OH","StateOfResidense":"OH"},{"County":"Scioto","Sex":"Male","AgeRange":"80+","DateOfDeath":"2020-12-22","StateOfDeath":"OH","StateOfResidense":"KY"},{"County":"Scioto","Sex":"Female","AgeRange":"80+","DateOfDeath":"2020-12-22","StateOfDeath":"OH","StateOfResidense":"OH"},{"County":"Scioto","Sex":"Female","AgeRange":"80+","DateOfDeath":"2020-12-23","StateOfDeath":"OH","StateOfResidense":"OH"},{"County":"Scioto","Sex":"Male","AgeRange":"60-69","DateOfDeath":"2020-12-23","StateOfDeath":"OH","StateOfResidense":"OH"},{"County":"Scioto","Sex":"Male","AgeRange":"80+","DateOfDeath":"2020-12-24","StateOfDeath":"OH","StateOfResidense":"OH"},{"County":"Scioto","Sex":"Female","AgeRange":"60-69","DateOfDeath":"2020-12-26","StateOfDeath":"OH","StateOfResidense":"OH"},{"County":"Scioto","Sex":"Male","AgeRange":"70-79","DateOfDeath":"2020-12-27","StateOfDeath":"OH","StateOfResidense":"KY"},{"County":"Scioto","Sex":"Male","AgeRange":"70-79","DateOfDeath":"2020-12-27","StateOfDeath":"OH","StateOfResidense":"KY"},{"County":"Scioto","Sex":"Male","AgeRange":"80+","DateOfDeath":"2020-12-28","StateOfDeath":"OH","StateOfResidense":"OH"},{"County":"Scioto","Sex":"Male","AgeRange":"60-69","DateOfDeath":"2020-12-29","StateOfDeath":"OH","StateOfResidense":"OH"},{"County":"Scioto","Sex":"Female","AgeRange":"70-79","DateOfDeath":"2020-12-30","StateOfDeath":"OH","StateOfResidense":"OH"},{"County":"Scioto","Sex":"Male","AgeRange":"60-69","DateOfDeath":"2020-12-31","StateOfDeath":"OH","StateOfResidense":"OH"},{"County":"Scioto","Sex":"Male","AgeRange":"80+","DateOfDeath":"2021-01-02","StateOfDeath":"OH","StateOfResidense":"KY"},{"County":"Scioto","Sex":"Male","AgeRange":"80+","DateOfDeath":"2021-01-02","StateOfDeath":"OH","StateOfResidense":"OH"},{"County":"Scioto","Sex":"Female","AgeRange":"80+","DateOfDeath":"2021-01-04","StateOfDeath":"OH","StateOfResidense":"OH"},{"County":"Scioto","Sex":"Female","AgeRange":"80+","DateOfDeath":"2021-01-05","StateOfDeath":"OH","StateOfResidense":"OH"},{"County":"Scioto","Sex":"Male","AgeRange":"70-79","DateOfDeath":"2021-01-05","StateOfDeath":"OH","StateOfResidense":"OH"},{"County":"Scioto","Sex":"Male","AgeRange":"80+","DateOfDeath":"2021-01-06","StateOfDeath":"OH","StateOfResidense":"OH"},{"County":"Scioto","Sex":"Male","AgeRange":"60-69","DateOfDeath":"2021-01-06","StateOfDeath":"OH","StateOfResidense":"OH"},{"County":"Scioto","Sex":"Male","AgeRange":"70-79","DateOfDeath":"2021-01-07","StateOfDeath":"OH","StateOfResidense":"OH"},{"County":"Scioto","Sex":"Male","AgeRange":"80+","DateOfDeath":"2021-01-07","StateOfDeath":"OH","StateOfResidense":"OH"},{"County":"Scioto","Sex":"Male","AgeRange":"60-69","DateOfDeath":"2021-01-08","StateOfDeath":"OH","StateOfResidense":"OH"},{"County":"Scioto","Sex":"Male","AgeRange":"50-59","DateOfDeath":"2021-01-10","StateOfDeath":"OH","StateOfResidense":"OH"},{"County":"Scioto","Sex":"Male","AgeRange":"80+","DateOfDeath":"2021-01-12","StateOfDeath":"OH","StateOfResidense":"OH"},{"County":"Scioto","Sex":"Female","AgeRange":"60-69","DateOfDeath":"2021-01-13","StateOfDeath":"OH","StateOfResidense":"OH"},{"County":"Scioto","Sex":"Male","AgeRange":"60-69","DateOfDeath":"2021-01-13","StateOfDeath":"OH","StateOfResidense":"OH"},{"County":"Scioto","Sex":"Male","AgeRange":"60-69","DateOfDeath":"2021-01-17","StateOfDeath":"OH","StateOfResidense":"OH"},{"County":"Scioto","Sex":"Female","AgeRange":"80+","DateOfDeath":"2021-01-19","StateOfDeath":"OH","StateOfResidense":"KY"},{"County":"Scioto","Sex":"Female","AgeRange":"80+","DateOfDeath":"2021-01-27","StateOfDeath":"OH","StateOfResidense":"OH"},{"County":"Scioto","Sex":"Male","AgeRange":"80+","DateOfDeath":"2021-01-28","StateOfDeath":"OH","StateOfResidense":"OH"},{"County":"Scioto","Sex":"Female","AgeRange":"80+","DateOfDeath":"2021-02-01","StateOfDeath":"OH","StateOfResidense":"OH"},{"County":"Scioto","Sex":"Female","AgeRange":"60-69","DateOfDeath":"2021-02-02","StateOfDeath":"OH","StateOfResidense":"OH"},{"County":"Scioto","Sex":"Female","AgeRange":"80+","DateOfDeath":"2021-02-04","StateOfDeath":"OH","StateOfResidense":"OH"},{"County":"Scioto","Sex":"Male","AgeRange":"80+","DateOfDeath":"2021-02-06","StateOfDeath":"OH","StateOfResidense":"OH"},{"County":"Scioto","Sex":"Female","AgeRange":"80+","DateOfDeath":"2021-02-08","StateOfDeath":"OH","StateOfResidense":"OH"},{"County":"Scioto","Sex":"Female","AgeRange":"70-79","DateOfDeath":"2021-02-28","StateOfDeath":"OH","StateOfResidense":"OH"},{"County":"Scioto","Sex":"Female","AgeRange":"80+","DateOfDeath":"2021-03-06","StateOfDeath":"OH","StateOfResidense":"KY"},{"County":"Scioto","Sex":"Female","AgeRange":"80+","DateOfDeath":"2021-03-08","StateOfDeath":"OH","StateOfResidense":"OH"},{"County":"Scioto","Sex":"Female","AgeRange":"40-49","DateOfDeath":"2021-03-19","StateOfDeath":"OH","StateOfResidense":"OH"},{"County":"Scioto","Sex":"Female","AgeRange":"50-59","DateOfDeath":"2021-03-24","StateOfDeath":"OH","StateOfResidense":"OH"},{"County":"Scioto","Sex":"Male","AgeRange":"70-79","DateOfDeath":"2021-03-31","StateOfDeath":"OH","StateOfResidense":"OH"},{"County":"Scioto","Sex":"Male","AgeRange":"80+","DateOfDeath":"2021-04-22","StateOfDeath":"OH","StateOfResidense":"KY"},{"County":"Scioto","Sex":"Female","AgeRange":"80+","DateOfDeath":"2021-05-13","StateOfDeath":"OH","StateOfResidense":"OH"},{"County":"Scioto","Sex":"Male","AgeRange":"60-69","DateOfDeath":"2021-05-22","StateOfDeath":"OH","StateOfResidense":"KY"},{"County":"Scioto","Sex":"Male","AgeRange":"60-69","DateOfDeath":"2021-06-04","StateOfDeath":"OH","StateOfResidense":"OH"},{"County":"Scioto","Sex":"Male","AgeRange":"60-69","DateOfDeath":"2021-07-06","StateOfDeath":"OH","StateOfResidense":"OH"},{"County":"Scioto","Sex":"Male","AgeRange":"80+","DateOfDeath":"2021-07-20","StateOfDeath":"OH","StateOfResidense":"OH"},{"County":"Scioto","Sex":"Female","AgeRange":"50-59","DateOfDeath":"2021-07-25","StateOfDeath":"OH","StateOfResidense":"OH"},{"County":"Scioto","Sex":"Male","AgeRange":"60-69","DateOfDeath":"2021-08-02","StateOfDeath":"OH","StateOfResidense":"OH"},{"County":"Scioto","Sex":"Male","AgeRange":"60-69","DateOfDeath":"2021-08-11","StateOfDeath":"OH","StateOfResidense":"KY"},{"County":"Scioto","Sex":"Male","AgeRange":"80+","DateOfDeath":"2021-08-11","StateOfDeath":"OH","StateOfResidense":"KY"},{"County":"Scioto","Sex":"Male","AgeRange":"70-79","DateOfDeath":"2021-08-11","StateOfDeath":"OH","StateOfResidense":"OH"},{"County":"Scioto","Sex":"Male","AgeRange":"80+","DateOfDeath":"2021-08-11","StateOfDeath":"OH","StateOfResidense":"OH"},{"County":"Scioto","Sex":"Male","AgeRange":"60-69","DateOfDeath":"2021-08-13","StateOfDeath":"OH","StateOfResidense":"OH"},{"County":"Scioto","Sex":"Male","AgeRange":"50-59","DateOfDeath":"2021-08-15","StateOfDeath":"OH","StateOfResidense":"OH"},{"County":"Scioto","Sex":"Male","AgeRange":"60-69","DateOfDeath":"2021-08-16","StateOfDeath":"OH","StateOfResidense":"KY"},{"County":"Scioto","Sex":"Male","AgeRange":"70-79","DateOfDeath":"2021-08-17","StateOfDeath":"OH","StateOfResidense":"OH"},{"County":"Scioto","Sex":"Female","AgeRange":"70-79","DateOfDeath":"2021-08-18","StateOfDeath":"OH","StateOfResidense":"OH"},{"County":"Scioto","Sex":"Male","AgeRange":"80+","DateOfDeath":"2021-08-19","StateOfDeath":"OH","StateOfResidense":"OH"},{"County":"Scioto","Sex":"Female","AgeRange":"60-69","DateOfDeath":"2021-08-22","StateOfDeath":"OH","StateOfResidense":"KY"},{"County":"Scioto","Sex":"Male","AgeRange":"60-69","DateOfDeath":"2021-08-24","StateOfDeath":"OH","StateOfResidense":"OH"},{"County":"Scioto","Sex":"Male","AgeRange":"40-49","DateOfDeath":"2021-08-25","StateOfDeath":"OH","StateOfResidense":"KY"},{"County":"Scioto","Sex":"Female","AgeRange":"80+","DateOfDeath":"2021-08-31","StateOfDeath":"OH","StateOfResidense":"OH"},{"County":"Scioto","Sex":"Female","AgeRange":"60-69","DateOfDeath":"2021-08-31","StateOfDeath":"OH","StateOfResidense":"OH"},{"County":"Scioto","Sex":"Female","AgeRange":"70-79","DateOfDeath":"2021-09-02","StateOfDeath":"OH","StateOfResidense":"OH"},{"County":"Scioto","Sex":"Female","AgeRange":"60-69","DateOfDeath":"2021-09-03","StateOfDeath":"OH","StateOfResidense":"OH"},{"County":"Scioto","Sex":"Female","AgeRange":"80+","DateOfDeath":"2021-09-04","StateOfDeath":"OH","StateOfResidense":"OH"},{"County":"Scioto","Sex":"Female","AgeRange":"80+","DateOfDeath":"2021-09-07","StateOfDeath":"OH","StateOfResidense":"OH"},{"County":"Scioto","Sex":"Male","AgeRange":"60-69","DateOfDeath":"2021-09-12","StateOfDeath":"OH","StateOfResidense":"OH"},{"County":"Scioto","Sex":"Male","AgeRange":"80+","DateOfDeath":"2021-09-13","StateOfDeath":"OH","StateOfResidense":"OH"},{"County":"Scioto","Sex":"Female","AgeRange":"60-69","DateOfDeath":"2021-09-13","StateOfDeath":"OH","StateOfResidense":"OH"},{"County":"Scioto","Sex":"Female","AgeRange":"40-49","DateOfDeath":"2021-09-14","StateOfDeath":"OH","StateOfResidense":"OH"},{"County":"Scioto","Sex":"Male","AgeRange":"70-79","DateOfDeath":"2021-09-14","StateOfDeath":"OH","StateOfResidense":"OH"},{"County":"Scioto","Sex":"Male","AgeRange":"70-79","DateOfDeath":"2021-09-15","StateOfDeath":"OH","StateOfResidense":"OH"},{"County":"Scioto","Sex":"Female","AgeRange":"30-39","DateOfDeath":"2021-09-16","StateOfDeath":"OH","StateOfResidense":"KY"},{"County":"Scioto","Sex":"Female","AgeRange":"40-49","DateOfDeath":"2021-09-16","StateOfDeath":"OH","StateOfResidense":"OH"},{"County":"Scioto","Sex":"Male","AgeRange":"70-79","DateOfDeath":"2021-09-16","StateOfDeath":"OH","StateOfResidense":"OH"},{"County":"Scioto","Sex":"Male","AgeRange":"50-59","DateOfDeath":"2021-09-18","StateOfDeath":"OH","StateOfResidense":"KY"},{"County":"Scioto","Sex":"Male","AgeRange":"80+","DateOfDeath":"2021-09-18","StateOfDeath":"OH","StateOfResidense":"OH"},{"County":"Scioto","Sex":"Female","AgeRange":"70-79","DateOfDeath":"2021-09-19","StateOfDeath":"OH","StateOfResidense":"OH"},{"County":"Scioto","Sex":"Female","AgeRange":"80+","DateOfDeath":"2021-09-19","StateOfDeath":"OH","StateOfResidense":"OH"},{"County":"Scioto","Sex":"Male","AgeRange":"70-79","DateOfDeath":"2021-09-20","StateOfDeath":"OH","StateOfResidense":"OH"},{"County":"Scioto","Sex":"Male","AgeRange":"40-49","DateOfDeath":"2021-09-21","StateOfDeath":"OH","StateOfResidense":"OH"},{"County":"Scioto","Sex":"Female","AgeRange":"70-79","DateOfDeath":"2021-09-21","StateOfDeath":"OH","StateOfResidense":"OH"},{"County":"Scioto","Sex":"Female","AgeRange":"70-79","DateOfDeath":"2021-09-22","StateOfDeath":"OH","StateOfResidense":"KY"},{"County":"Scioto","Sex":"Female","AgeRange":"60-69","DateOfDeath":"2021-09-23","StateOfDeath":"OH","StateOfResidense":"KY"},{"County":"Scioto","Sex":"Female","AgeRange":"50-59","DateOfDeath":"2021-09-23","StateOfDeath":"OH","StateOfResidense":"OH"},{"County":"Scioto","Sex":"Female","AgeRange":"60-69","DateOfDeath":"2021-09-23","StateOfDeath":"OH","StateOfResidense":"OH"},{"County":"Scioto","Sex":"Female","AgeRange":"70-79","DateOfDeath":"2021-09-23","StateOfDeath":"OH","StateOfResidense":"OH"},{"County":"Scioto","Sex":"Male","AgeRange":"80+","DateOfDeath":"2021-09-24","StateOfDeath":"OH","StateOfResidense":"OH"},{"County":"Scioto","Sex":"Female","AgeRange":"50-59","DateOfDeath":"2021-09-24","StateOfDeath":"OH","StateOfResidense":"KY"},{"County":"Scioto","Sex":"Male","AgeRange":"50-59","DateOfDeath":"2021-09-24","StateOfDeath":"OH","StateOfResidense":"OH"},{"County":"Scioto","Sex":"Female","AgeRange":"80+","DateOfDeath":"2021-09-24","StateOfDeath":"OH","StateOfResidense":"OH"},{"County":"Scioto","Sex":"Male","AgeRange":"70-79","DateOfDeath":"2021-09-24","StateOfDeath":"OH","StateOfResidense":"OH"},{"County":"Scioto","Sex":"Male","AgeRange":"60-69","DateOfDeath":"2021-09-25","StateOfDeath":"OH","StateOfResidense":"OH"},{"County":"Scioto","Sex":"Male","AgeRange":"70-79","DateOfDeath":"2021-09-26","StateOfDeath":"OH","StateOfResidense":"OH"},{"County":"Scioto","Sex":"Female","AgeRange":"40-49","DateOfDeath":"2021-09-27","StateOfDeath":"OH","StateOfResidense":"OH"},{"County":"Scioto","Sex":"Female","AgeRange":"50-59","DateOfDeath":"2021-09-27","StateOfDeath":"OH","StateOfResidense":"OH"},{"County":"Scioto","Sex":"Male","AgeRange":"60-69","DateOfDeath":"2021-09-27","StateOfDeath":"OH","StateOfResidense":"OH"},{"County":"Scioto","Sex":"Female","AgeRange":"80+","DateOfDeath":"2021-09-28","StateOfDeath":"OH","StateOfResidense":"OH"},{"County":"Scioto","Sex":"Male","AgeRange":"70-79","DateOfDeath":"2021-09-28","StateOfDeath":"OH","StateOfResidense":"OH"},{"County":"Scioto","Sex":"Male","AgeRange":"80+","DateOfDeath":"2021-09-28","StateOfDeath":"OH","StateOfResidense":"OH"},{"County":"Scioto","Sex":"Female","AgeRange":"80+","DateOfDeath":"2021-09-29","StateOfDeath":"OH","StateOfResidense":"OH"},{"County":"Scioto","Sex":"Male","AgeRange":"60-69","DateOfDeath":"2021-09-30","StateOfDeath":"OH","StateOfResidense":"OH"},{"County":"Scioto","Sex":"Female","AgeRange":"60-69","DateOfDeath":"2021-09-30","StateOfDeath":"OH","StateOfResidense":"OH"},{"County":"Scioto","Sex":"Female","AgeRange":"70-79","DateOfDeath":"2021-09-30","StateOfDeath":"OH","StateOfResidense":"OH"},{"County":"Scioto","Sex":"Male","AgeRange":"70-79","DateOfDeath":"2021-09-30","StateOfDeath":"OH","StateOfResidense":"OH"},{"County":"Scioto","Sex":"Male","AgeRange":"80+","DateOfDeath":"2021-10-01","StateOfDeath":"OH","StateOfResidense":"KY"},{"County":"Scioto","Sex":"Female","AgeRange":"80+","DateOfDeath":"2021-10-01","StateOfDeath":"OH","StateOfResidense":"OH"},{"County":"Scioto","Sex":"Male","AgeRange":"60-69","DateOfDeath":"2021-10-01","StateOfDeath":"OH","StateOfResidense":"OH"},{"County":"Scioto","Sex":"Male","AgeRange":"40-49","DateOfDeath":"2021-10-02","StateOfDeath":"OH","StateOfResidense":"OH"},{"County":"Scioto","Sex":"Female","AgeRange":"70-79","DateOfDeath":"2021-10-03","StateOfDeath":"OH","StateOfResidense":"KY"},{"County":"Scioto","Sex":"Female","AgeRange":"70-79","DateOfDeath":"2021-10-03","StateOfDeath":"OH","StateOfResidense":"OH"},{"County":"Scioto","Sex":"Male","AgeRange":"70-79","DateOfDeath":"2021-10-04","StateOfDeath":"OH","StateOfResidense":"OH"},{"County":"Scioto","Sex":"Male","AgeRange":"60-69","DateOfDeath":"2021-10-06","StateOfDeath":"OH","StateOfResidense":"OH"},{"County":"Scioto","Sex":"Female","AgeRange":"50-59","DateOfDeath":"2021-10-07","StateOfDeath":"OH","StateOfResidense":"OH"},{"County":"Scioto","Sex":"Female","AgeRange":"60-69","DateOfDeath":"2021-10-08","StateOfDeath":"OH","StateOfResidense":"OH"},{"County":"Scioto","Sex":"Female","AgeRange":"70-79","DateOfDeath":"2021-10-10","StateOfDeath":"OH","StateOfResidense":"KY"},{"County":"Scioto","Sex":"Male","AgeRange":"50-59","DateOfDeath":"2021-10-12","StateOfDeath":"OH","StateOfResidense":"OH"},{"County":"Scioto","Sex":"Male","AgeRange":"50-59","DateOfDeath":"2021-10-13","StateOfDeath":"OH","StateOfResidense":"OH"},{"County":"Scioto","Sex":"Male","AgeRange":"60-69","DateOfDeath":"2021-10-13","StateOfDeath":"OH","StateOfResidense":"OH"},{"County":"Scioto","Sex":"Female","AgeRange":"80+","DateOfDeath":"2021-10-18","StateOfDeath":"OH","StateOfResidense":"OH"},{"County":"Scioto","Sex":"Female","AgeRange":"60-69","DateOfDeath":"2021-10-20","StateOfDeath":"OH","StateOfResidense":"OH"},{"County":"Scioto","Sex":"Female","AgeRange":"60-69","DateOfDeath":"2021-10-21","StateOfDeath":"OH","StateOfResidense":"OH"},{"County":"Scioto","Sex":"Female","AgeRange":"50-59","DateOfDeath":"2021-10-22","StateOfDeath":"OH","StateOfResidense":"KY"},{"County":"Scioto","Sex":"Female","AgeRange":"50-59","DateOfDeath":"2021-10-23","StateOfDeath":"OH","StateOfResidense":"OH"},{"County":"Scioto","Sex":"Male","AgeRange":"70-79","DateOfDeath":"2021-10-27","StateOfDeath":"OH","StateOfResidense":"OH"},{"County":"Scioto","Sex":"Female","AgeRange":"60-69","DateOfDeath":"2021-10-28","StateOfDeath":"OH","StateOfResidense":"OH"},{"County":"Scioto","Sex":"Female","AgeRange":"80+","DateOfDeath":"2021-10-28","StateOfDeath":"OH","StateOfResidense":"OH"},{"County":"Scioto","Sex":"Female","AgeRange":"60-69","DateOfDeath":"2021-10-31","StateOfDeath":"OH","StateOfResidense":"OH"},{"County":"Scioto","Sex":"Female","AgeRange":"80+","DateOfDeath":"2021-10-31","StateOfDeath":"OH","StateOfResidense":"OH"},{"County":"Scioto","Sex":"Male","AgeRange":"60-69","DateOfDeath":"2021-11-02","StateOfDeath":"OH","StateOfResidense":"OH"},{"County":"Scioto","Sex":"Male","AgeRange":"80+","DateOfDeath":"2021-11-05","StateOfDeath":"OH","StateOfResidense":"OH"},{"County":"Scioto","Sex":"Female","AgeRange":"60-69","DateOfDeath":"2021-11-09","StateOfDeath":"OH","StateOfResidense":"OH"},{"County":"Scioto","Sex":"Female","AgeRange":"80+","DateOfDeath":"2021-11-12","StateOfDeath":"OH","StateOfResidense":"OH"},{"County":"Scioto","Sex":"Female","AgeRange":"80+","DateOfDeath":"2021-11-19","StateOfDeath":"OH","StateOfResidense":"OH"},{"County":"Scioto","Sex":"Female","AgeRange":"80+","DateOfDeath":"2021-11-26","StateOfDeath":"OH","StateOfResidense":"OH"},{"County":"Scioto","Sex":"Female","AgeRange":"80+","DateOfDeath":"2021-12-01","StateOfDeath":"OH","StateOfResidense":"KY"}]