[{"County":"Lawrence","Sex":"Male","AgeRange":"80+","DateOfDeath":"2020-11-11","StateOfDeath":"OH","StateOfResidense":"WV"},{"County":"Lawrence","Sex":"Male","AgeRange":"70-79","DateOfDeath":"2020-12-21","StateOfDeath":"OH","StateOfResidense":"OH"},{"County":"Lawrence","Sex":"Male","AgeRange":"80+","DateOfDeath":"2021-01-15","StateOfDeath":"OH","StateOfResidense":"OH"},{"County":"Lawrence","Sex":"Male","AgeRange":"80+","DateOfDeath":"2021-01-18","StateOfDeath":"OH","StateOfResidense":"OH"},{"County":"Lawrence","Sex":"Male","AgeRange":"80+","DateOfDeath":"2021-01-18","StateOfDeath":"OH","StateOfResidense":"WV"},{"County":"Lawrence","Sex":"Female","AgeRange":"80+","DateOfDeath":"2021-01-21","StateOfDeath":"OH","StateOfResidense":"OH"},{"County":"Lawrence","Sex":"Male","AgeRange":"80+","DateOfDeath":"2021-01-23","StateOfDeath":"OH","StateOfResidense":"OH"},{"County":"Lawrence","Sex":"Female","AgeRange":"80+","DateOfDeath":"2021-01-31","StateOfDeath":"OH","StateOfResidense":"OH"},{"County":"Lawrence","Sex":"Male","AgeRange":"80+","DateOfDeath":"2021-02-01","StateOfDeath":"OH","StateOfResidense":"WV"},{"County":"Lawrence","Sex":"Female","AgeRange":"80+","DateOfDeath":"2021-02-10","StateOfDeath":"OH","StateOfResidense":"WV"},{"County":"Lawrence","Sex":"Male","AgeRange":"70-79","DateOfDeath":"2021-05-09","StateOfDeath":"OH","StateOfResidense":"OH"},{"County":"Lawrence","Sex":"Female","AgeRange":"50-59","DateOfDeath":"2021-07-21","StateOfDeath":"OH","StateOfResidense":"OH"},{"County":"Lawrence","Sex":"Female","AgeRange":"80+","DateOfDeath":"2021-08-07","StateOfDeath":"OH","StateOfResidense":"OH"},{"County":"Lawrence","Sex":"Male","AgeRange":"80+","DateOfDeath":"2021-08-08","StateOfDeath":"OH","StateOfResidense":"WV"},{"County":"Lawrence","Sex":"Male","AgeRange":"70-79","DateOfDeath":"2021-08-12","StateOfDeath":"OH","StateOfResidense":"OH"},{"County":"Lawrence","Sex":"Female","AgeRange":"80+","DateOfDeath":"2021-09-30","StateOfDeath":"OH","StateOfResidense":"WV"},{"County":"Lawrence","Sex":"Male","AgeRange":"30-39","DateOfDeath":"2021-10-08","StateOfDeath":"OH","StateOfResidense":"OH"},{"County":"Lawrence","Sex":"Female","AgeRange":"80+","DateOfDeath":"2021-10-23","StateOfDeath":"OH","StateOfResidense":"OH"},{"County":"Lawrence","Sex":"Female","AgeRange":"70-79","DateOfDeath":"2021-10-31","StateOfDeath":"OH","StateOfResidense":"OH"},{"County":"Lawrence","Sex":"Male","AgeRange":"40-49","DateOfDeath":"2021-11-04","StateOfDeath":"OH","StateOfResidense":"OH"}]