[{"County":"Knox","Sex":"Male","AgeRange":"60-69","DateOfDeath":"2020-11-11","StateOfDeath":"OH","StateOfResidense":"OH"},{"County":"Knox","Sex":"Male","AgeRange":"60-69","DateOfDeath":"2020-11-15","StateOfDeath":"OH","StateOfResidense":"OH"},{"County":"Knox","Sex":"Male","AgeRange":"70-79","DateOfDeath":"2020-11-16","StateOfDeath":"OH","StateOfResidense":"OH"},{"County":"Knox","Sex":"Female","AgeRange":"80+","DateOfDeath":"2020-11-17","StateOfDeath":"OH","StateOfResidense":"OH"},{"County":"Knox","Sex":"Female","AgeRange":"80+","DateOfDeath":"2020-11-18","StateOfDeath":"OH","StateOfResidense":"OH"},{"County":"Knox","Sex":"Female","AgeRange":"80+","DateOfDeath":"2020-11-23","StateOfDeath":"OH","StateOfResidense":"OH"},{"County":"Knox","Sex":"Male","AgeRange":"80+","DateOfDeath":"2020-11-23","StateOfDeath":"OH","StateOfResidense":"OH"},{"County":"Knox","Sex":"Male","AgeRange":"80+","DateOfDeath":"2020-11-24","StateOfDeath":"OH","StateOfResidense":"OH"},{"County":"Knox","Sex":"Female","AgeRange":"70-79","DateOfDeath":"2020-11-27","StateOfDeath":"OH","StateOfResidense":"OH"},{"County":"Knox","Sex":"Male","AgeRange":"70-79","DateOfDeath":"2020-11-27","StateOfDeath":"OH","StateOfResidense":"OH"},{"County":"Knox","Sex":"Male","AgeRange":"80+","DateOfDeath":"2020-11-27","StateOfDeath":"OH","StateOfResidense":"OH"},{"County":"Knox","Sex":"Female","AgeRange":"70-79","DateOfDeath":"2020-11-28","StateOfDeath":"OH","StateOfResidense":"OH"},{"County":"Knox","Sex":"Female","AgeRange":"80+","DateOfDeath":"2020-11-29","StateOfDeath":"OH","StateOfResidense":"OH"},{"County":"Knox","Sex":"Male","AgeRange":"80+","DateOfDeath":"2020-11-29","StateOfDeath":"OH","StateOfResidense":"OH"},{"County":"Knox","Sex":"Female","AgeRange":"70-79","DateOfDeath":"2020-11-30","StateOfDeath":"OH","StateOfResidense":"OH"},{"County":"Knox","Sex":"Female","AgeRange":"70-79","DateOfDeath":"2020-12-01","StateOfDeath":"OH","StateOfResidense":"OH"},{"County":"Knox","Sex":"Male","AgeRange":"70-79","DateOfDeath":"2020-12-01","StateOfDeath":"OH","StateOfResidense":"OH"},{"County":"Knox","Sex":"Male","AgeRange":"80+","DateOfDeath":"2020-12-01","StateOfDeath":"OH","StateOfResidense":"OH"},{"County":"Knox","Sex":"Female","AgeRange":"80+","DateOfDeath":"2020-12-02","StateOfDeath":"OH","StateOfResidense":"OH"},{"County":"Knox","Sex":"Male","AgeRange":"70-79","DateOfDeath":"2020-12-02","StateOfDeath":"OH","StateOfResidense":"OH"},{"County":"Knox","Sex":"Female","AgeRange":"80+","DateOfDeath":"2020-12-03","StateOfDeath":"OH","StateOfResidense":"OH"},{"County":"Knox","Sex":"Male","AgeRange":"60-69","DateOfDeath":"2020-12-06","StateOfDeath":"OH","StateOfResidense":"OH"},{"County":"Knox","Sex":"Male","AgeRange":"70-79","DateOfDeath":"2020-12-06","StateOfDeath":"OH","StateOfResidense":"OH"},{"County":"Knox","Sex":"Female","AgeRange":"80+","DateOfDeath":"2020-12-07","StateOfDeath":"OH","StateOfResidense":"OH"},{"County":"Knox","Sex":"Male","AgeRange":"80+","DateOfDeath":"2020-12-08","StateOfDeath":"OH","StateOfResidense":"OH"},{"County":"Knox","Sex":"Female","AgeRange":"80+","DateOfDeath":"2020-12-10","StateOfDeath":"OH","StateOfResidense":"OH"},{"County":"Knox","Sex":"Male","AgeRange":"80+","DateOfDeath":"2020-12-11","StateOfDeath":"OH","StateOfResidense":"OH"},{"County":"Knox","Sex":"Male","AgeRange":"80+","DateOfDeath":"2020-12-17","StateOfDeath":"OH","StateOfResidense":"OH"},{"County":"Knox","Sex":"Female","AgeRange":"80+","DateOfDeath":"2020-12-23","StateOfDeath":"OH","StateOfResidense":"OH"},{"County":"Knox","Sex":"Female","AgeRange":"60-69","DateOfDeath":"2020-12-25","StateOfDeath":"OH","StateOfResidense":"OH"},{"County":"Knox","Sex":"Male","AgeRange":"70-79","DateOfDeath":"2020-12-26","StateOfDeath":"OH","StateOfResidense":"OH"},{"County":"Knox","Sex":"Female","AgeRange":"80+","DateOfDeath":"2020-12-29","StateOfDeath":"OH","StateOfResidense":"OH"},{"County":"Knox","Sex":"Male","AgeRange":"80+","DateOfDeath":"2020-12-29","StateOfDeath":"OH","StateOfResidense":"OH"},{"County":"Knox","Sex":"Male","AgeRange":"80+","DateOfDeath":"2020-12-30","StateOfDeath":"OH","StateOfResidense":"OH"},{"County":"Knox","Sex":"Male","AgeRange":"80+","DateOfDeath":"2020-12-31","StateOfDeath":"OH","StateOfResidense":"OH"},{"County":"Knox","Sex":"Female","AgeRange":"60-69","DateOfDeath":"2021-01-03","StateOfDeath":"OH","StateOfResidense":"OH"},{"County":"Knox","Sex":"Female","AgeRange":"80+","DateOfDeath":"2021-01-05","StateOfDeath":"OH","StateOfResidense":"OH"},{"County":"Knox","Sex":"Female","AgeRange":"80+","DateOfDeath":"2021-01-06","StateOfDeath":"OH","StateOfResidense":"OH"},{"County":"Knox","Sex":"Female","AgeRange":"70-79","DateOfDeath":"2021-01-09","StateOfDeath":"OH","StateOfResidense":"OH"},{"County":"Knox","Sex":"Male","AgeRange":"80+","DateOfDeath":"2021-01-10","StateOfDeath":"OH","StateOfResidense":"OH"},{"County":"Knox","Sex":"Female","AgeRange":"80+","DateOfDeath":"2021-01-15","StateOfDeath":"OH","StateOfResidense":"OH"},{"County":"Knox","Sex":"Female","AgeRange":"70-79","DateOfDeath":"2021-01-16","StateOfDeath":"OH","StateOfResidense":"OH"},{"County":"Knox","Sex":"Female","AgeRange":"80+","DateOfDeath":"2021-01-16","StateOfDeath":"OH","StateOfResidense":"OH"},{"County":"Knox","Sex":"Male","AgeRange":"80+","DateOfDeath":"2021-01-16","StateOfDeath":"OH","StateOfResidense":"OH"},{"County":"Knox","Sex":"Female","AgeRange":"80+","DateOfDeath":"2021-01-17","StateOfDeath":"OH","StateOfResidense":"OH"},{"County":"Knox","Sex":"Male","AgeRange":"60-69","DateOfDeath":"2021-01-18","StateOfDeath":"OH","StateOfResidense":"OH"},{"County":"Knox","Sex":"Female","AgeRange":"80+","DateOfDeath":"2021-01-19","StateOfDeath":"OH","StateOfResidense":"OH"},{"County":"Knox","Sex":"Male","AgeRange":"60-69","DateOfDeath":"2021-01-24","StateOfDeath":"OH","StateOfResidense":"OH"},{"County":"Knox","Sex":"Female","AgeRange":"80+","DateOfDeath":"2021-01-25","StateOfDeath":"OH","StateOfResidense":"OH"},{"County":"Knox","Sex":"Female","AgeRange":"70-79","DateOfDeath":"2021-01-29","StateOfDeath":"OH","StateOfResidense":"OH"},{"County":"Knox","Sex":"Male","AgeRange":"80+","DateOfDeath":"2021-01-30","StateOfDeath":"OH","StateOfResidense":"OH"},{"County":"Knox","Sex":"Female","AgeRange":"60-69","DateOfDeath":"2021-01-31","StateOfDeath":"OH","StateOfResidense":"OH"},{"County":"Knox","Sex":"Female","AgeRange":"80+","DateOfDeath":"2021-02-01","StateOfDeath":"OH","StateOfResidense":"OH"},{"County":"Knox","Sex":"Male","AgeRange":"80+","DateOfDeath":"2021-02-07","StateOfDeath":"OH","StateOfResidense":"OH"},{"County":"Knox","Sex":"Male","AgeRange":"50-59","DateOfDeath":"2021-02-18","StateOfDeath":"OH","StateOfResidense":"OH"},{"County":"Knox","Sex":"Male","AgeRange":"80+","DateOfDeath":"2021-02-19","StateOfDeath":"OH","StateOfResidense":"OH"},{"County":"Knox","Sex":"Male","AgeRange":"60-69","DateOfDeath":"2021-03-23","StateOfDeath":"OH","StateOfResidense":"OH"},{"County":"Knox","Sex":"Female","AgeRange":"70-79","DateOfDeath":"2021-04-09","StateOfDeath":"OH","StateOfResidense":"OH"},{"County":"Knox","Sex":"Female","AgeRange":"70-79","DateOfDeath":"2021-04-22","StateOfDeath":"OH","StateOfResidense":"OH"},{"County":"Knox","Sex":"Male","AgeRange":"80+","DateOfDeath":"2021-04-23","StateOfDeath":"OH","StateOfResidense":"OH"},{"County":"Knox","Sex":"Female","AgeRange":"70-79","DateOfDeath":"2021-05-28","StateOfDeath":"OH","StateOfResidense":"OH"},{"County":"Knox","Sex":"Male","AgeRange":"80+","DateOfDeath":"2021-07-05","StateOfDeath":"OH","StateOfResidense":"OH"},{"County":"Knox","Sex":"Male","AgeRange":"70-79","DateOfDeath":"2021-08-09","StateOfDeath":"OH","StateOfResidense":"OH"},{"County":"Knox","Sex":"Male","AgeRange":"70-79","DateOfDeath":"2021-08-31","StateOfDeath":"OH","StateOfResidense":"OH"},{"County":"Knox","Sex":"Female","AgeRange":"70-79","DateOfDeath":"2021-09-11","StateOfDeath":"OH","StateOfResidense":"OH"},{"County":"Knox","Sex":"Female","AgeRange":"50-59","DateOfDeath":"2021-09-21","StateOfDeath":"OH","StateOfResidense":"OH"},{"County":"Knox","Sex":"Male","AgeRange":"70-79","DateOfDeath":"2021-09-22","StateOfDeath":"OH","StateOfResidense":"OH"},{"County":"Knox","Sex":"Female","AgeRange":"60-69","DateOfDeath":"2021-09-28","StateOfDeath":"OH","StateOfResidense":"OH"},{"County":"Knox","Sex":"Male","AgeRange":"70-79","DateOfDeath":"2021-09-28","StateOfDeath":"OH","StateOfResidense":"OH"},{"County":"Knox","Sex":"Female","AgeRange":"60-69","DateOfDeath":"2021-09-29","StateOfDeath":"OH","StateOfResidense":"OH"},{"County":"Knox","Sex":"Male","AgeRange":"50-59","DateOfDeath":"2021-10-01","StateOfDeath":"OH","StateOfResidense":"OH"},{"County":"Knox","Sex":"Female","AgeRange":"80+","DateOfDeath":"2021-10-02","StateOfDeath":"OH","StateOfResidense":"OH"},{"County":"Knox","Sex":"Male","AgeRange":"80+","DateOfDeath":"2021-10-02","StateOfDeath":"OH","StateOfResidense":"OH"},{"County":"Knox","Sex":"Male","AgeRange":"70-79","DateOfDeath":"2021-10-03","StateOfDeath":"OH","StateOfResidense":"OH"},{"County":"Knox","Sex":"Female","AgeRange":"70-79","DateOfDeath":"2021-10-05","StateOfDeath":"OH","StateOfResidense":"OH"},{"County":"Knox","Sex":"Female","AgeRange":"80+","DateOfDeath":"2021-10-05","StateOfDeath":"OH","StateOfResidense":"OH"},{"County":"Knox","Sex":"Female","AgeRange":"80+","DateOfDeath":"2021-10-07","StateOfDeath":"OH","StateOfResidense":"OH"},{"County":"Knox","Sex":"Male","AgeRange":"70-79","DateOfDeath":"2021-10-09","StateOfDeath":"OH","StateOfResidense":"OH"},{"County":"Knox","Sex":"Female","AgeRange":"50-59","DateOfDeath":"2021-10-10","StateOfDeath":"OH","StateOfResidense":"OH"},{"County":"Knox","Sex":"Male","AgeRange":"60-69","DateOfDeath":"2021-10-11","StateOfDeath":"OH","StateOfResidense":"OH"},{"County":"Knox","Sex":"Male","AgeRange":"70-79","DateOfDeath":"2021-10-12","StateOfDeath":"OH","StateOfResidense":"OH"},{"County":"Knox","Sex":"Male","AgeRange":"60-69","DateOfDeath":"2021-10-13","StateOfDeath":"OH","StateOfResidense":"OH"},{"County":"Knox","Sex":"Male","AgeRange":"70-79","DateOfDeath":"2021-10-15","StateOfDeath":"OH","StateOfResidense":"OH"},{"County":"Knox","Sex":"Female","AgeRange":"70-79","DateOfDeath":"2021-10-16","StateOfDeath":"OH","StateOfResidense":"OH"},{"County":"Knox","Sex":"Female","AgeRange":"80+","DateOfDeath":"2021-10-16","StateOfDeath":"OH","StateOfResidense":"OH"},{"County":"Knox","Sex":"Female","AgeRange":"40-49","DateOfDeath":"2021-10-21","StateOfDeath":"OH","StateOfResidense":"OH"},{"County":"Knox","Sex":"Male","AgeRange":"60-69","DateOfDeath":"2021-10-25","StateOfDeath":"OH","StateOfResidense":"OH"},{"County":"Knox","Sex":"Male","AgeRange":"70-79","DateOfDeath":"2021-10-25","StateOfDeath":"OH","StateOfResidense":"OH"},{"County":"Knox","Sex":"Male","AgeRange":"70-79","DateOfDeath":"2021-10-26","StateOfDeath":"OH","StateOfResidense":"OH"},{"County":"Knox","Sex":"Male","AgeRange":"80+","DateOfDeath":"2021-10-26","StateOfDeath":"OH","StateOfResidense":"OH"},{"County":"Knox","Sex":"Female","AgeRange":"70-79","DateOfDeath":"2021-10-29","StateOfDeath":"OH","StateOfResidense":"OH"},{"County":"Knox","Sex":"Male","AgeRange":"60-69","DateOfDeath":"2021-10-31","StateOfDeath":"OH","StateOfResidense":"OH"},{"County":"Knox","Sex":"Male","AgeRange":"80+","DateOfDeath":"2021-10-31","StateOfDeath":"OH","StateOfResidense":"OH"},{"County":"Knox","Sex":"Female","AgeRange":"70-79","DateOfDeath":"2021-11-04","StateOfDeath":"OH","StateOfResidense":"OH"},{"County":"Knox","Sex":"Female","AgeRange":"70-79","DateOfDeath":"2021-11-05","StateOfDeath":"OH","StateOfResidense":"OH"},{"County":"Knox","Sex":"Male","AgeRange":"80+","DateOfDeath":"2021-11-08","StateOfDeath":"OH","StateOfResidense":"OH"},{"County":"Knox","Sex":"Female","AgeRange":"60-69","DateOfDeath":"2021-11-09","StateOfDeath":"OH","StateOfResidense":"OH"},{"County":"Knox","Sex":"Male","AgeRange":"60-69","DateOfDeath":"2021-11-12","StateOfDeath":"OH","StateOfResidense":"OH"},{"County":"Knox","Sex":"Male","AgeRange":"80+","DateOfDeath":"2021-11-15","StateOfDeath":"OH","StateOfResidense":"OH"},{"County":"Knox","Sex":"Female","AgeRange":"60-69","DateOfDeath":"2021-11-18","StateOfDeath":"OH","StateOfResidense":"OH"},{"County":"Knox","Sex":"Female","AgeRange":"60-69","DateOfDeath":"2021-11-22","StateOfDeath":"OH","StateOfResidense":"OH"},{"County":"Knox","Sex":"Male","AgeRange":"80+","DateOfDeath":"2021-11-23","StateOfDeath":"OH","StateOfResidense":"OH"},{"County":"Knox","Sex":"Female","AgeRange":"50-59","DateOfDeath":"2021-11-26","StateOfDeath":"OH","StateOfResidense":"OH"},{"County":"Knox","Sex":"Female","AgeRange":"80+","DateOfDeath":"2021-11-27","StateOfDeath":"OH","StateOfResidense":"OH"},{"County":"Knox","Sex":"Male","AgeRange":"70-79","DateOfDeath":"2021-11-27","StateOfDeath":"OH","StateOfResidense":"OH"}]