[{"County":"Muskingum","Sex":"Male","AgeRange":"80+","DateOfDeath":"2020-11-11","StateOfDeath":"OH","StateOfResidense":"OH"},{"County":"Muskingum","Sex":"Male","AgeRange":"80+","DateOfDeath":"2020-11-11","StateOfDeath":"OH","StateOfResidense":"OH"},{"County":"Muskingum","Sex":"Female","AgeRange":"80+","DateOfDeath":"2020-11-18","StateOfDeath":"OH","StateOfResidense":"OH"},{"County":"Muskingum","Sex":"Male","AgeRange":"80+","DateOfDeath":"2020-11-20","StateOfDeath":"OH","StateOfResidense":"OH"},{"County":"Muskingum","Sex":"Male","AgeRange":"60-69","DateOfDeath":"2020-11-21","StateOfDeath":"OH","StateOfResidense":"OH"},{"County":"Muskingum","Sex":"Male","AgeRange":"70-79","DateOfDeath":"2020-11-23","StateOfDeath":"OH","StateOfResidense":"OH"},{"County":"Muskingum","Sex":"Female","AgeRange":"70-79","DateOfDeath":"2020-11-25","StateOfDeath":"OH","StateOfResidense":"OH"},{"County":"Muskingum","Sex":"Male","AgeRange":"60-69","DateOfDeath":"2020-11-25","StateOfDeath":"OH","StateOfResidense":"OH"},{"County":"Muskingum","Sex":"Male","AgeRange":"80+","DateOfDeath":"2020-11-25","StateOfDeath":"OH","StateOfResidense":"OH"},{"County":"Muskingum","Sex":"Female","AgeRange":"80+","DateOfDeath":"2020-11-29","StateOfDeath":"OH","StateOfResidense":"OH"},{"County":"Muskingum","Sex":"Male","AgeRange":"70-79","DateOfDeath":"2020-11-30","StateOfDeath":"OH","StateOfResidense":"OH"},{"County":"Muskingum","Sex":"Female","AgeRange":"80+","DateOfDeath":"2020-11-30","StateOfDeath":"OH","StateOfResidense":"OH"},{"County":"Muskingum","Sex":"Female","AgeRange":"70-79","DateOfDeath":"2020-11-30","StateOfDeath":"OH","StateOfResidense":"OH"},{"County":"Muskingum","Sex":"Male","AgeRange":"80+","DateOfDeath":"2020-11-30","StateOfDeath":"OH","StateOfResidense":"OH"},{"County":"Muskingum","Sex":"Female","AgeRange":"80+","DateOfDeath":"2020-12-01","StateOfDeath":"OH","StateOfResidense":"OH"},{"County":"Muskingum","Sex":"Male","AgeRange":"80+","DateOfDeath":"2020-12-01","StateOfDeath":"OH","StateOfResidense":"OH"},{"County":"Muskingum","Sex":"Male","AgeRange":"70-79","DateOfDeath":"2020-12-01","StateOfDeath":"OH","StateOfResidense":"OH"},{"County":"Muskingum","Sex":"Female","AgeRange":"80+","DateOfDeath":"2020-12-02","StateOfDeath":"OH","StateOfResidense":"OH"},{"County":"Muskingum","Sex":"Female","AgeRange":"80+","DateOfDeath":"2020-12-03","StateOfDeath":"OH","StateOfResidense":"OH"},{"County":"Muskingum","Sex":"Male","AgeRange":"80+","DateOfDeath":"2020-12-03","StateOfDeath":"OH","StateOfResidense":"OH"},{"County":"Muskingum","Sex":"Female","AgeRange":"70-79","DateOfDeath":"2020-12-04","StateOfDeath":"OH","StateOfResidense":"OH"},{"County":"Muskingum","Sex":"Male","AgeRange":"70-79","DateOfDeath":"2020-12-05","StateOfDeath":"OH","StateOfResidense":"OH"},{"County":"Muskingum","Sex":"Female","AgeRange":"60-69","DateOfDeath":"2020-12-06","StateOfDeath":"OH","StateOfResidense":"OH"},{"County":"Muskingum","Sex":"Female","AgeRange":"70-79","DateOfDeath":"2020-12-06","StateOfDeath":"OH","StateOfResidense":"OH"},{"County":"Muskingum","Sex":"Male","AgeRange":"70-79","DateOfDeath":"2020-12-07","StateOfDeath":"OH","StateOfResidense":"OH"},{"County":"Muskingum","Sex":"Male","AgeRange":"80+","DateOfDeath":"2020-12-07","StateOfDeath":"OH","StateOfResidense":"OH"},{"County":"Muskingum","Sex":"Female","AgeRange":"80+","DateOfDeath":"2020-12-08","StateOfDeath":"OH","StateOfResidense":"OH"},{"County":"Muskingum","Sex":"Female","AgeRange":"70-79","DateOfDeath":"2020-12-08","StateOfDeath":"OH","StateOfResidense":"OH"},{"County":"Muskingum","Sex":"Male","AgeRange":"60-69","DateOfDeath":"2020-12-09","StateOfDeath":"OH","StateOfResidense":"OH"},{"County":"Muskingum","Sex":"Male","AgeRange":"60-69","DateOfDeath":"2020-12-09","StateOfDeath":"OH","StateOfResidense":"OH"},{"County":"Muskingum","Sex":"Male","AgeRange":"70-79","DateOfDeath":"2020-12-10","StateOfDeath":"OH","StateOfResidense":"OH"},{"County":"Muskingum","Sex":"Female","AgeRange":"80+","DateOfDeath":"2020-12-10","StateOfDeath":"OH","StateOfResidense":"OH"},{"County":"Muskingum","Sex":"Male","AgeRange":"80+","DateOfDeath":"2020-12-11","StateOfDeath":"OH","StateOfResidense":"OH"},{"County":"Muskingum","Sex":"Male","AgeRange":"60-69","DateOfDeath":"2020-12-12","StateOfDeath":"OH","StateOfResidense":"OH"},{"County":"Muskingum","Sex":"Female","AgeRange":"80+","DateOfDeath":"2020-12-12","StateOfDeath":"OH","StateOfResidense":"OH"},{"County":"Muskingum","Sex":"Male","AgeRange":"80+","DateOfDeath":"2020-12-12","StateOfDeath":"OH","StateOfResidense":"OH"},{"County":"Muskingum","Sex":"Male","AgeRange":"60-69","DateOfDeath":"2020-12-12","StateOfDeath":"OH","StateOfResidense":"OH"},{"County":"Muskingum","Sex":"Female","AgeRange":"80+","DateOfDeath":"2020-12-14","StateOfDeath":"OH","StateOfResidense":"OH"},{"County":"Muskingum","Sex":"Male","AgeRange":"80+","DateOfDeath":"2020-12-14","StateOfDeath":"OH","StateOfResidense":"OH"},{"County":"Muskingum","Sex":"Female","AgeRange":"80+","DateOfDeath":"2020-12-15","StateOfDeath":"OH","StateOfResidense":"OH"},{"County":"Muskingum","Sex":"Male","AgeRange":"60-69","DateOfDeath":"2020-12-15","StateOfDeath":"OH","StateOfResidense":"OH"},{"County":"Muskingum","Sex":"Male","AgeRange":"80+","DateOfDeath":"2020-12-15","StateOfDeath":"OH","StateOfResidense":"OH"},{"County":"Muskingum","Sex":"Female","AgeRange":"70-79","DateOfDeath":"2020-12-16","StateOfDeath":"OH","StateOfResidense":"OH"},{"County":"Muskingum","Sex":"Female","AgeRange":"60-69","DateOfDeath":"2020-12-16","StateOfDeath":"OH","StateOfResidense":"OH"},{"County":"Muskingum","Sex":"Female","AgeRange":"80+","DateOfDeath":"2020-12-16","StateOfDeath":"OH","StateOfResidense":"OH"},{"County":"Muskingum","Sex":"Male","AgeRange":"70-79","DateOfDeath":"2020-12-16","StateOfDeath":"OH","StateOfResidense":"OH"},{"County":"Muskingum","Sex":"Female","AgeRange":"80+","DateOfDeath":"2020-12-17","StateOfDeath":"OH","StateOfResidense":"OH"},{"County":"Muskingum","Sex":"Male","AgeRange":"70-79","DateOfDeath":"2020-12-17","StateOfDeath":"OH","StateOfResidense":"OH"},{"County":"Muskingum","Sex":"Male","AgeRange":"80+","DateOfDeath":"2020-12-17","StateOfDeath":"OH","StateOfResidense":"OH"},{"County":"Muskingum","Sex":"Male","AgeRange":"80+","DateOfDeath":"2020-12-18","StateOfDeath":"OH","StateOfResidense":"OH"},{"County":"Muskingum","Sex":"Female","AgeRange":"40-49","DateOfDeath":"2020-12-18","StateOfDeath":"OH","StateOfResidense":"OH"},{"County":"Muskingum","Sex":"Female","AgeRange":"70-79","DateOfDeath":"2020-12-18","StateOfDeath":"OH","StateOfResidense":"OH"},{"County":"Muskingum","Sex":"Female","AgeRange":"80+","DateOfDeath":"2020-12-18","StateOfDeath":"OH","StateOfResidense":"OH"},{"County":"Muskingum","Sex":"Male","AgeRange":"80+","DateOfDeath":"2020-12-18","StateOfDeath":"OH","StateOfResidense":"OH"},{"County":"Muskingum","Sex":"Male","AgeRange":"80+","DateOfDeath":"2020-12-18","StateOfDeath":"OH","StateOfResidense":"OH"},{"County":"Muskingum","Sex":"Male","AgeRange":"70-79","DateOfDeath":"2020-12-19","StateOfDeath":"OH","StateOfResidense":"OH"},{"County":"Muskingum","Sex":"Male","AgeRange":"80+","DateOfDeath":"2020-12-19","StateOfDeath":"OH","StateOfResidense":"OH"},{"County":"Muskingum","Sex":"Male","AgeRange":"80+","DateOfDeath":"2020-12-20","StateOfDeath":"OH","StateOfResidense":"OH"},{"County":"Muskingum","Sex":"Female","AgeRange":"80+","DateOfDeath":"2020-12-20","StateOfDeath":"OH","StateOfResidense":"OH"},{"County":"Muskingum","Sex":"Male","AgeRange":"80+","DateOfDeath":"2020-12-20","StateOfDeath":"OH","StateOfResidense":"OH"},{"County":"Muskingum","Sex":"Female","AgeRange":"60-69","DateOfDeath":"2020-12-21","StateOfDeath":"OH","StateOfResidense":"OH"},{"County":"Muskingum","Sex":"Male","AgeRange":"80+","DateOfDeath":"2020-12-21","StateOfDeath":"OH","StateOfResidense":"OH"},{"County":"Muskingum","Sex":"Female","AgeRange":"80+","DateOfDeath":"2020-12-22","StateOfDeath":"OH","StateOfResidense":"OH"},{"County":"Muskingum","Sex":"Female","AgeRange":"80+","DateOfDeath":"2020-12-24","StateOfDeath":"OH","StateOfResidense":"OH"},{"County":"Muskingum","Sex":"Male","AgeRange":"50-59","DateOfDeath":"2020-12-24","StateOfDeath":"OH","StateOfResidense":"OH"},{"County":"Muskingum","Sex":"Male","AgeRange":"70-79","DateOfDeath":"2020-12-24","StateOfDeath":"OH","StateOfResidense":"OH"},{"County":"Muskingum","Sex":"Male","AgeRange":"80+","DateOfDeath":"2020-12-24","StateOfDeath":"OH","StateOfResidense":"OH"},{"County":"Muskingum","Sex":"Male","AgeRange":"80+","DateOfDeath":"2020-12-24","StateOfDeath":"OH","StateOfResidense":"OH"},{"County":"Muskingum","Sex":"Female","AgeRange":"80+","DateOfDeath":"2020-12-25","StateOfDeath":"OH","StateOfResidense":"OH"},{"County":"Muskingum","Sex":"Male","AgeRange":"60-69","DateOfDeath":"2020-12-25","StateOfDeath":"OH","StateOfResidense":"OH"},{"County":"Muskingum","Sex":"Female","AgeRange":"80+","DateOfDeath":"2020-12-26","StateOfDeath":"OH","StateOfResidense":"OH"},{"County":"Muskingum","Sex":"Male","AgeRange":"60-69","DateOfDeath":"2020-12-26","StateOfDeath":"OH","StateOfResidense":"OH"},{"County":"Muskingum","Sex":"Male","AgeRange":"60-69","DateOfDeath":"2020-12-27","StateOfDeath":"OH","StateOfResidense":"OH"},{"County":"Muskingum","Sex":"Female","AgeRange":"70-79","DateOfDeath":"2020-12-28","StateOfDeath":"OH","StateOfResidense":"OH"},{"County":"Muskingum","Sex":"Female","AgeRange":"80+","DateOfDeath":"2020-12-28","StateOfDeath":"OH","StateOfResidense":"OH"},{"County":"Muskingum","Sex":"Male","AgeRange":"80+","DateOfDeath":"2020-12-29","StateOfDeath":"OH","StateOfResidense":"OH"},{"County":"Muskingum","Sex":"Female","AgeRange":"80+","DateOfDeath":"2020-12-30","StateOfDeath":"OH","StateOfResidense":"OH"},{"County":"Muskingum","Sex":"Male","AgeRange":"80+","DateOfDeath":"2020-12-30","StateOfDeath":"OH","StateOfResidense":"OH"},{"County":"Muskingum","Sex":"Female","AgeRange":"80+","DateOfDeath":"2020-12-31","StateOfDeath":"OH","StateOfResidense":"OH"},{"County":"Muskingum","Sex":"Male","AgeRange":"70-79","DateOfDeath":"2021-01-01","StateOfDeath":"OH","StateOfResidense":"OH"},{"County":"Muskingum","Sex":"Female","AgeRange":"80+","DateOfDeath":"2021-01-02","StateOfDeath":"OH","StateOfResidense":"OH"},{"County":"Muskingum","Sex":"Male","AgeRange":"60-69","DateOfDeath":"2021-01-02","StateOfDeath":"OH","StateOfResidense":"OH"},{"County":"Muskingum","Sex":"Female","AgeRange":"80+","DateOfDeath":"2021-01-03","StateOfDeath":"OH","StateOfResidense":"OH"},{"County":"Muskingum","Sex":"Female","AgeRange":"60-69","DateOfDeath":"2021-01-04","StateOfDeath":"OH","StateOfResidense":"OH"},{"County":"Muskingum","Sex":"Female","AgeRange":"80+","DateOfDeath":"2021-01-04","StateOfDeath":"OH","StateOfResidense":"OH"},{"County":"Muskingum","Sex":"Male","AgeRange":"70-79","DateOfDeath":"2021-01-04","StateOfDeath":"OH","StateOfResidense":"OH"},{"County":"Muskingum","Sex":"Male","AgeRange":"70-79","DateOfDeath":"2021-01-05","StateOfDeath":"OH","StateOfResidense":"OH"},{"County":"Muskingum","Sex":"Male","AgeRange":"80+","DateOfDeath":"2021-01-05","StateOfDeath":"OH","StateOfResidense":"OH"},{"County":"Muskingum","Sex":"Female","AgeRange":"80+","DateOfDeath":"2021-01-06","StateOfDeath":"OH","StateOfResidense":"OH"},{"County":"Muskingum","Sex":"Male","AgeRange":"60-69","DateOfDeath":"2021-01-06","StateOfDeath":"OH","StateOfResidense":"OH"},{"County":"Muskingum","Sex":"Female","AgeRange":"80+","DateOfDeath":"2021-01-06","StateOfDeath":"OH","StateOfResidense":"OH"},{"County":"Muskingum","Sex":"Male","AgeRange":"70-79","DateOfDeath":"2021-01-08","StateOfDeath":"OH","StateOfResidense":"OH"},{"County":"Muskingum","Sex":"Female","AgeRange":"80+","DateOfDeath":"2021-01-12","StateOfDeath":"OH","StateOfResidense":"OH"},{"County":"Muskingum","Sex":"Male","AgeRange":"80+","DateOfDeath":"2021-01-12","StateOfDeath":"OH","StateOfResidense":"OH"},{"County":"Muskingum","Sex":"Female","AgeRange":"80+","DateOfDeath":"2021-01-13","StateOfDeath":"OH","StateOfResidense":"OH"},{"County":"Muskingum","Sex":"Female","AgeRange":"60-69","DateOfDeath":"2021-01-13","StateOfDeath":"OH","StateOfResidense":"OH"},{"County":"Muskingum","Sex":"Female","AgeRange":"80+","DateOfDeath":"2021-01-16","StateOfDeath":"OH","StateOfResidense":"OH"},{"County":"Muskingum","Sex":"Female","AgeRange":"60-69","DateOfDeath":"2021-01-16","StateOfDeath":"OH","StateOfResidense":"OH"},{"County":"Muskingum","Sex":"Male","AgeRange":"80+","DateOfDeath":"2021-01-18","StateOfDeath":"OH","StateOfResidense":"OH"},{"County":"Muskingum","Sex":"Male","AgeRange":"80+","DateOfDeath":"2021-01-21","StateOfDeath":"OH","StateOfResidense":"OH"},{"County":"Muskingum","Sex":"Female","AgeRange":"80+","DateOfDeath":"2021-01-21","StateOfDeath":"OH","StateOfResidense":"OH"},{"County":"Muskingum","Sex":"Male","AgeRange":"70-79","DateOfDeath":"2021-01-22","StateOfDeath":"OH","StateOfResidense":"OH"},{"County":"Muskingum","Sex":"Female","AgeRange":"80+","DateOfDeath":"2021-01-22","StateOfDeath":"OH","StateOfResidense":"OH"},{"County":"Muskingum","Sex":"Male","AgeRange":"60-69","DateOfDeath":"2021-01-22","StateOfDeath":"OH","StateOfResidense":"OH"},{"County":"Muskingum","Sex":"Male","AgeRange":"80+","DateOfDeath":"2021-01-22","StateOfDeath":"OH","StateOfResidense":"OH"},{"County":"Muskingum","Sex":"Female","AgeRange":"70-79","DateOfDeath":"2021-01-23","StateOfDeath":"OH","StateOfResidense":"OH"},{"County":"Muskingum","Sex":"Female","AgeRange":"50-59","DateOfDeath":"2021-01-24","StateOfDeath":"OH","StateOfResidense":"OH"},{"County":"Muskingum","Sex":"Male","AgeRange":"70-79","DateOfDeath":"2021-01-27","StateOfDeath":"OH","StateOfResidense":"OH"},{"County":"Muskingum","Sex":"Female","AgeRange":"80+","DateOfDeath":"2021-01-27","StateOfDeath":"OH","StateOfResidense":"OH"},{"County":"Muskingum","Sex":"Female","AgeRange":"80+","DateOfDeath":"2021-01-28","StateOfDeath":"OH","StateOfResidense":"OH"},{"County":"Muskingum","Sex":"Male","AgeRange":"70-79","DateOfDeath":"2021-01-29","StateOfDeath":"OH","StateOfResidense":"OH"},{"County":"Muskingum","Sex":"Female","AgeRange":"70-79","DateOfDeath":"2021-01-30","StateOfDeath":"OH","StateOfResidense":"OH"},{"County":"Muskingum","Sex":"Male","AgeRange":"80+","DateOfDeath":"2021-01-31","StateOfDeath":"OH","StateOfResidense":"OH"},{"County":"Muskingum","Sex":"Male","AgeRange":"80+","DateOfDeath":"2021-02-02","StateOfDeath":"OH","StateOfResidense":"OH"},{"County":"Muskingum","Sex":"Male","AgeRange":"80+","DateOfDeath":"2021-02-06","StateOfDeath":"OH","StateOfResidense":"OH"},{"County":"Muskingum","Sex":"Male","AgeRange":"70-79","DateOfDeath":"2021-02-08","StateOfDeath":"OH","StateOfResidense":"OH"},{"County":"Muskingum","Sex":"Female","AgeRange":"50-59","DateOfDeath":"2021-02-09","StateOfDeath":"OH","StateOfResidense":"OH"},{"County":"Muskingum","Sex":"Female","AgeRange":"60-69","DateOfDeath":"2021-02-09","StateOfDeath":"OH","StateOfResidense":"OH"},{"County":"Muskingum","Sex":"Male","AgeRange":"80+","DateOfDeath":"2021-02-11","StateOfDeath":"OH","StateOfResidense":"OH"},{"County":"Muskingum","Sex":"Male","AgeRange":"70-79","DateOfDeath":"2021-02-11","StateOfDeath":"OH","StateOfResidense":"OH"},{"County":"Muskingum","Sex":"Male","AgeRange":"80+","DateOfDeath":"2021-02-13","StateOfDeath":"OH","StateOfResidense":"OH"},{"County":"Muskingum","Sex":"Male","AgeRange":"70-79","DateOfDeath":"2021-02-13","StateOfDeath":"OH","StateOfResidense":"OH"},{"County":"Muskingum","Sex":"Female","AgeRange":"60-69","DateOfDeath":"2021-02-19","StateOfDeath":"OH","StateOfResidense":"OH"},{"County":"Muskingum","Sex":"Male","AgeRange":"80+","DateOfDeath":"2021-02-20","StateOfDeath":"OH","StateOfResidense":"OH"},{"County":"Muskingum","Sex":"Female","AgeRange":"80+","DateOfDeath":"2021-02-21","StateOfDeath":"OH","StateOfResidense":"OH"},{"County":"Muskingum","Sex":"Female","AgeRange":"70-79","DateOfDeath":"2021-02-22","StateOfDeath":"OH","StateOfResidense":"OH"},{"County":"Muskingum","Sex":"Male","AgeRange":"80+","DateOfDeath":"2021-02-22","StateOfDeath":"OH","StateOfResidense":"OH"},{"County":"Muskingum","Sex":"Female","AgeRange":"60-69","DateOfDeath":"2021-02-23","StateOfDeath":"OH","StateOfResidense":"OH"},{"County":"Muskingum","Sex":"Female","AgeRange":"80+","DateOfDeath":"2021-02-23","StateOfDeath":"OH","StateOfResidense":"OH"},{"County":"Muskingum","Sex":"Male","AgeRange":"70-79","DateOfDeath":"2021-02-28","StateOfDeath":"OH","StateOfResidense":"OH"},{"County":"Muskingum","Sex":"Male","AgeRange":"80+","DateOfDeath":"2021-03-10","StateOfDeath":"OH","StateOfResidense":"OH"},{"County":"Muskingum","Sex":"Male","AgeRange":"50-59","DateOfDeath":"2021-03-11","StateOfDeath":"OH","StateOfResidense":"OH"},{"County":"Muskingum","Sex":"Female","AgeRange":"70-79","DateOfDeath":"2021-03-13","StateOfDeath":"OH","StateOfResidense":"OH"},{"County":"Muskingum","Sex":"Female","AgeRange":"80+","DateOfDeath":"2021-03-21","StateOfDeath":"OH","StateOfResidense":"OH"},{"County":"Muskingum","Sex":"Male","AgeRange":"80+","DateOfDeath":"2021-04-08","StateOfDeath":"OH","StateOfResidense":"OH"},{"County":"Muskingum","Sex":"Male","AgeRange":"50-59","DateOfDeath":"2021-04-11","StateOfDeath":"OH","StateOfResidense":"OH"},{"County":"Muskingum","Sex":"Male","AgeRange":"60-69","DateOfDeath":"2021-04-18","StateOfDeath":"OH","StateOfResidense":"OH"},{"County":"Muskingum","Sex":"Female","AgeRange":"70-79","DateOfDeath":"2021-04-19","StateOfDeath":"OH","StateOfResidense":"OH"},{"County":"Muskingum","Sex":"Female","AgeRange":"80+","DateOfDeath":"2021-04-22","StateOfDeath":"OH","StateOfResidense":"OH"},{"County":"Muskingum","Sex":"Male","AgeRange":"50-59","DateOfDeath":"2021-04-23","StateOfDeath":"OH","StateOfResidense":"OH"},{"County":"Muskingum","Sex":"Female","AgeRange":"80+","DateOfDeath":"2021-04-30","StateOfDeath":"OH","StateOfResidense":"OH"},{"County":"Muskingum","Sex":"Male","AgeRange":"60-69","DateOfDeath":"2021-05-03","StateOfDeath":"OH","StateOfResidense":"OH"},{"County":"Muskingum","Sex":"Female","AgeRange":"70-79","DateOfDeath":"2021-05-08","StateOfDeath":"OH","StateOfResidense":"OH"},{"County":"Muskingum","Sex":"Male","AgeRange":"30-39","DateOfDeath":"2021-05-14","StateOfDeath":"OH","StateOfResidense":"OH"},{"County":"Muskingum","Sex":"Male","AgeRange":"80+","DateOfDeath":"2021-05-19","StateOfDeath":"OH","StateOfResidense":"OH"},{"County":"Muskingum","Sex":"Female","AgeRange":"80+","DateOfDeath":"2021-05-31","StateOfDeath":"OH","StateOfResidense":"OH"},{"County":"Muskingum","Sex":"Male","AgeRange":"60-69","DateOfDeath":"2021-06-03","StateOfDeath":"OH","StateOfResidense":"OH"},{"County":"Muskingum","Sex":"Male","AgeRange":"60-69","DateOfDeath":"2021-06-04","StateOfDeath":"OH","StateOfResidense":"OH"},{"County":"Muskingum","Sex":"Female","AgeRange":"60-69","DateOfDeath":"2021-06-14","StateOfDeath":"OH","StateOfResidense":"OH"},{"County":"Muskingum","Sex":"Male","AgeRange":"50-59","DateOfDeath":"2021-07-17","StateOfDeath":"OH","StateOfResidense":"OH"},{"County":"Muskingum","Sex":"Male","AgeRange":"80+","DateOfDeath":"2021-07-24","StateOfDeath":"OH","StateOfResidense":"OH"},{"County":"Muskingum","Sex":"Female","AgeRange":"70-79","DateOfDeath":"2021-07-28","StateOfDeath":"OH","StateOfResidense":"OH"},{"County":"Muskingum","Sex":"Male","AgeRange":"50-59","DateOfDeath":"2021-08-10","StateOfDeath":"OH","StateOfResidense":"OH"},{"County":"Muskingum","Sex":"Female","AgeRange":"70-79","DateOfDeath":"2021-08-12","StateOfDeath":"OH","StateOfResidense":"OH"},{"County":"Muskingum","Sex":"Female","AgeRange":"40-49","DateOfDeath":"2021-08-18","StateOfDeath":"OH","StateOfResidense":"OH"},{"County":"Muskingum","Sex":"Female","AgeRange":"70-79","DateOfDeath":"2021-08-21","StateOfDeath":"OH","StateOfResidense":"OH"},{"County":"Muskingum","Sex":"Male","AgeRange":"50-59","DateOfDeath":"2021-08-21","StateOfDeath":"OH","StateOfResidense":"OH"},{"County":"Muskingum","Sex":"Male","AgeRange":"60-69","DateOfDeath":"2021-08-24","StateOfDeath":"OH","StateOfResidense":"OH"},{"County":"Muskingum","Sex":"Female","AgeRange":"40-49","DateOfDeath":"2021-08-26","StateOfDeath":"OH","StateOfResidense":"OH"},{"County":"Muskingum","Sex":"Female","AgeRange":"70-79","DateOfDeath":"2021-08-30","StateOfDeath":"OH","StateOfResidense":"OH"},{"County":"Muskingum","Sex":"Female","AgeRange":"80+","DateOfDeath":"2021-08-31","StateOfDeath":"OH","StateOfResidense":"OH"},{"County":"Muskingum","Sex":"Male","AgeRange":"50-59","DateOfDeath":"2021-09-01","StateOfDeath":"OH","StateOfResidense":"OH"},{"County":"Muskingum","Sex":"Male","AgeRange":"60-69","DateOfDeath":"2021-09-04","StateOfDeath":"OH","StateOfResidense":"OH"},{"County":"Muskingum","Sex":"Female","AgeRange":"70-79","DateOfDeath":"2021-09-04","StateOfDeath":"OH","StateOfResidense":"OH"},{"County":"Muskingum","Sex":"Female","AgeRange":"70-79","DateOfDeath":"2021-09-05","StateOfDeath":"OH","StateOfResidense":"OH"},{"County":"Muskingum","Sex":"Male","AgeRange":"70-79","DateOfDeath":"2021-09-09","StateOfDeath":"OH","StateOfResidense":"OH"},{"County":"Muskingum","Sex":"Male","AgeRange":"80+","DateOfDeath":"2021-09-09","StateOfDeath":"OH","StateOfResidense":"OH"},{"County":"Muskingum","Sex":"Female","AgeRange":"70-79","DateOfDeath":"2021-09-11","StateOfDeath":"OH","StateOfResidense":"OH"},{"County":"Muskingum","Sex":"Female","AgeRange":"80+","DateOfDeath":"2021-09-12","StateOfDeath":"OH","StateOfResidense":"OH"},{"County":"Muskingum","Sex":"Male","AgeRange":"80+","DateOfDeath":"2021-09-13","StateOfDeath":"OH","StateOfResidense":"OH"},{"County":"Muskingum","Sex":"Female","AgeRange":"70-79","DateOfDeath":"2021-09-13","StateOfDeath":"OH","StateOfResidense":"OH"},{"County":"Muskingum","Sex":"Female","AgeRange":"40-49","DateOfDeath":"2021-09-14","StateOfDeath":"OH","StateOfResidense":"OH"},{"County":"Muskingum","Sex":"Male","AgeRange":"60-69","DateOfDeath":"2021-09-14","StateOfDeath":"OH","StateOfResidense":"OH"},{"County":"Muskingum","Sex":"Male","AgeRange":"60-69","DateOfDeath":"2021-09-15","StateOfDeath":"OH","StateOfResidense":"OH"},{"County":"Muskingum","Sex":"Male","AgeRange":"80+","DateOfDeath":"2021-09-15","StateOfDeath":"OH","StateOfResidense":"OH"},{"County":"Muskingum","Sex":"Female","AgeRange":"60-69","DateOfDeath":"2021-09-16","StateOfDeath":"OH","StateOfResidense":"OH"},{"County":"Muskingum","Sex":"Male","AgeRange":"50-59","DateOfDeath":"2021-09-16","StateOfDeath":"OH","StateOfResidense":"OH"},{"County":"Muskingum","Sex":"Female","AgeRange":"70-79","DateOfDeath":"2021-09-16","StateOfDeath":"OH","StateOfResidense":"OH"},{"County":"Muskingum","Sex":"Female","AgeRange":"60-69","DateOfDeath":"2021-09-17","StateOfDeath":"OH","StateOfResidense":"OH"},{"County":"Muskingum","Sex":"Male","AgeRange":"60-69","DateOfDeath":"2021-09-17","StateOfDeath":"OH","StateOfResidense":"OH"},{"County":"Muskingum","Sex":"Male","AgeRange":"70-79","DateOfDeath":"2021-09-17","StateOfDeath":"OH","StateOfResidense":"OH"},{"County":"Muskingum","Sex":"Female","AgeRange":"50-59","DateOfDeath":"2021-09-17","StateOfDeath":"OH","StateOfResidense":"OH"},{"County":"Muskingum","Sex":"Female","AgeRange":"60-69","DateOfDeath":"2021-09-18","StateOfDeath":"OH","StateOfResidense":"OH"},{"County":"Muskingum","Sex":"Male","AgeRange":"70-79","DateOfDeath":"2021-09-18","StateOfDeath":"OH","StateOfResidense":"OH"},{"County":"Muskingum","Sex":"Male","AgeRange":"70-79","DateOfDeath":"2021-09-19","StateOfDeath":"OH","StateOfResidense":"OH"},{"County":"Muskingum","Sex":"Male","AgeRange":"20-29","DateOfDeath":"2021-09-21","StateOfDeath":"OH","StateOfResidense":"OH"},{"County":"Muskingum","Sex":"Male","AgeRange":"70-79","DateOfDeath":"2021-09-23","StateOfDeath":"OH","StateOfResidense":"OH"},{"County":"Muskingum","Sex":"Male","AgeRange":"60-69","DateOfDeath":"2021-09-23","StateOfDeath":"OH","StateOfResidense":"OH"},{"County":"Muskingum","Sex":"Female","AgeRange":"70-79","DateOfDeath":"2021-09-24","StateOfDeath":"OH","StateOfResidense":"OH"},{"County":"Muskingum","Sex":"Male","AgeRange":"60-69","DateOfDeath":"2021-09-25","StateOfDeath":"OH","StateOfResidense":"OH"},{"County":"Muskingum","Sex":"Male","AgeRange":"60-69","DateOfDeath":"2021-09-26","StateOfDeath":"OH","StateOfResidense":"OH"},{"County":"Muskingum","Sex":"Male","AgeRange":"60-69","DateOfDeath":"2021-09-26","StateOfDeath":"OH","StateOfResidense":"OH"},{"County":"Muskingum","Sex":"Female","AgeRange":"70-79","DateOfDeath":"2021-09-28","StateOfDeath":"OH","StateOfResidense":"OH"},{"County":"Muskingum","Sex":"Male","AgeRange":"80+","DateOfDeath":"2021-09-28","StateOfDeath":"OH","StateOfResidense":"OH"},{"County":"Muskingum","Sex":"Female","AgeRange":"40-49","DateOfDeath":"2021-09-29","StateOfDeath":"OH","StateOfResidense":"OH"},{"County":"Muskingum","Sex":"Male","AgeRange":"70-79","DateOfDeath":"2021-09-29","StateOfDeath":"OH","StateOfResidense":"OH"},{"County":"Muskingum","Sex":"Female","AgeRange":"50-59","DateOfDeath":"2021-09-30","StateOfDeath":"OH","StateOfResidense":"OH"},{"County":"Muskingum","Sex":"Male","AgeRange":"80+","DateOfDeath":"2021-09-30","StateOfDeath":"OH","StateOfResidense":"OH"},{"County":"Muskingum","Sex":"Female","AgeRange":"60-69","DateOfDeath":"2021-10-01","StateOfDeath":"OH","StateOfResidense":"OH"},{"County":"Muskingum","Sex":"Female","AgeRange":"50-59","DateOfDeath":"2021-10-02","StateOfDeath":"OH","StateOfResidense":"OH"},{"County":"Muskingum","Sex":"Male","AgeRange":"50-59","DateOfDeath":"2021-10-02","StateOfDeath":"OH","StateOfResidense":"OH"},{"County":"Muskingum","Sex":"Male","AgeRange":"60-69","DateOfDeath":"2021-10-02","StateOfDeath":"OH","StateOfResidense":"OH"},{"County":"Muskingum","Sex":"Male","AgeRange":"60-69","DateOfDeath":"2021-10-03","StateOfDeath":"OH","StateOfResidense":"OH"},{"County":"Muskingum","Sex":"Female","AgeRange":"60-69","DateOfDeath":"2021-10-03","StateOfDeath":"OH","StateOfResidense":"OH"},{"County":"Muskingum","Sex":"Female","AgeRange":"70-79","DateOfDeath":"2021-10-04","StateOfDeath":"OH","StateOfResidense":"OH"},{"County":"Muskingum","Sex":"Male","AgeRange":"80+","DateOfDeath":"2021-10-05","StateOfDeath":"OH","StateOfResidense":"OH"},{"County":"Muskingum","Sex":"Female","AgeRange":"70-79","DateOfDeath":"2021-10-05","StateOfDeath":"OH","StateOfResidense":"OH"},{"County":"Muskingum","Sex":"Male","AgeRange":"60-69","DateOfDeath":"2021-10-05","StateOfDeath":"OH","StateOfResidense":"OH"},{"County":"Muskingum","Sex":"Female","AgeRange":"70-79","DateOfDeath":"2021-10-05","StateOfDeath":"OH","StateOfResidense":"OH"},{"County":"Muskingum","Sex":"Male","AgeRange":"80+","DateOfDeath":"2021-10-06","StateOfDeath":"OH","StateOfResidense":"OH"},{"County":"Muskingum","Sex":"Male","AgeRange":"50-59","DateOfDeath":"2021-10-07","StateOfDeath":"OH","StateOfResidense":"OH"},{"County":"Muskingum","Sex":"Female","AgeRange":"40-49","DateOfDeath":"2021-10-09","StateOfDeath":"OH","StateOfResidense":"OH"},{"County":"Muskingum","Sex":"Male","AgeRange":"80+","DateOfDeath":"2021-10-09","StateOfDeath":"OH","StateOfResidense":"OH"},{"County":"Muskingum","Sex":"Male","AgeRange":"60-69","DateOfDeath":"2021-10-11","StateOfDeath":"OH","StateOfResidense":"OH"},{"County":"Muskingum","Sex":"Female","AgeRange":"70-79","DateOfDeath":"2021-10-11","StateOfDeath":"OH","StateOfResidense":"OH"},{"County":"Muskingum","Sex":"Female","AgeRange":"80+","DateOfDeath":"2021-10-11","StateOfDeath":"OH","StateOfResidense":"OH"},{"County":"Muskingum","Sex":"Female","AgeRange":"70-79","DateOfDeath":"2021-10-12","StateOfDeath":"OH","StateOfResidense":"OH"},{"County":"Muskingum","Sex":"Male","AgeRange":"80+","DateOfDeath":"2021-10-12","StateOfDeath":"OH","StateOfResidense":"OH"},{"County":"Muskingum","Sex":"Female","AgeRange":"80+","DateOfDeath":"2021-10-13","StateOfDeath":"OH","StateOfResidense":"OH"},{"County":"Muskingum","Sex":"Male","AgeRange":"60-69","DateOfDeath":"2021-10-13","StateOfDeath":"OH","StateOfResidense":"OH"},{"County":"Muskingum","Sex":"Male","AgeRange":"40-49","DateOfDeath":"2021-10-13","StateOfDeath":"OH","StateOfResidense":"OH"},{"County":"Muskingum","Sex":"Female","AgeRange":"60-69","DateOfDeath":"2021-10-14","StateOfDeath":"OH","StateOfResidense":"OH"},{"County":"Muskingum","Sex":"Female","AgeRange":"60-69","DateOfDeath":"2021-10-14","StateOfDeath":"OH","StateOfResidense":"OH"},{"County":"Muskingum","Sex":"Female","AgeRange":"50-59","DateOfDeath":"2021-10-15","StateOfDeath":"OH","StateOfResidense":"OH"},{"County":"Muskingum","Sex":"Male","AgeRange":"50-59","DateOfDeath":"2021-10-16","StateOfDeath":"OH","StateOfResidense":"OH"},{"County":"Muskingum","Sex":"Male","AgeRange":"70-79","DateOfDeath":"2021-10-16","StateOfDeath":"OH","StateOfResidense":"OH"},{"County":"Muskingum","Sex":"Male","AgeRange":"50-59","DateOfDeath":"2021-10-19","StateOfDeath":"OH","StateOfResidense":"OH"},{"County":"Muskingum","Sex":"Male","AgeRange":"60-69","DateOfDeath":"2021-10-19","StateOfDeath":"OH","StateOfResidense":"OH"},{"County":"Muskingum","Sex":"Male","AgeRange":"70-79","DateOfDeath":"2021-10-19","StateOfDeath":"OH","StateOfResidense":"OH"},{"County":"Muskingum","Sex":"Male","AgeRange":"80+","DateOfDeath":"2021-10-20","StateOfDeath":"OH","StateOfResidense":"OH"},{"County":"Muskingum","Sex":"Male","AgeRange":"50-59","DateOfDeath":"2021-10-21","StateOfDeath":"OH","StateOfResidense":"OH"},{"County":"Muskingum","Sex":"Male","AgeRange":"80+","DateOfDeath":"2021-10-21","StateOfDeath":"OH","StateOfResidense":"OH"},{"County":"Muskingum","Sex":"Male","AgeRange":"80+","DateOfDeath":"2021-10-21","StateOfDeath":"OH","StateOfResidense":"OH"},{"County":"Muskingum","Sex":"Male","AgeRange":"60-69","DateOfDeath":"2021-10-24","StateOfDeath":"OH","StateOfResidense":"OH"},{"County":"Muskingum","Sex":"Female","AgeRange":"50-59","DateOfDeath":"2021-10-25","StateOfDeath":"OH","StateOfResidense":"OH"},{"County":"Muskingum","Sex":"Male","AgeRange":"70-79","DateOfDeath":"2021-10-25","StateOfDeath":"OH","StateOfResidense":"OH"},{"County":"Muskingum","Sex":"Female","AgeRange":"40-49","DateOfDeath":"2021-10-26","StateOfDeath":"OH","StateOfResidense":"OH"},{"County":"Muskingum","Sex":"Female","AgeRange":"70-79","DateOfDeath":"2021-10-26","StateOfDeath":"OH","StateOfResidense":"OH"},{"County":"Muskingum","Sex":"Female","AgeRange":"80+","DateOfDeath":"2021-10-28","StateOfDeath":"OH","StateOfResidense":"OH"},{"County":"Muskingum","Sex":"Female","AgeRange":"60-69","DateOfDeath":"2021-11-02","StateOfDeath":"OH","StateOfResidense":"OH"},{"County":"Muskingum","Sex":"Male","AgeRange":"40-49","DateOfDeath":"2021-11-03","StateOfDeath":"OH","StateOfResidense":"OH"},{"County":"Muskingum","Sex":"Female","AgeRange":"70-79","DateOfDeath":"2021-11-06","StateOfDeath":"OH","StateOfResidense":"OH"},{"County":"Muskingum","Sex":"Male","AgeRange":"40-49","DateOfDeath":"2021-11-07","StateOfDeath":"OH","StateOfResidense":"OH"},{"County":"Muskingum","Sex":"Female","AgeRange":"70-79","DateOfDeath":"2021-11-10","StateOfDeath":"OH","StateOfResidense":"OH"},{"County":"Muskingum","Sex":"Male","AgeRange":"50-59","DateOfDeath":"2021-11-10","StateOfDeath":"OH","StateOfResidense":"OH"},{"County":"Muskingum","Sex":"Male","AgeRange":"70-79","DateOfDeath":"2021-11-10","StateOfDeath":"OH","StateOfResidense":"OH"},{"County":"Muskingum","Sex":"Male","AgeRange":"80+","DateOfDeath":"2021-11-11","StateOfDeath":"OH","StateOfResidense":"OH"},{"County":"Muskingum","Sex":"Male","AgeRange":"60-69","DateOfDeath":"2021-11-12","StateOfDeath":"OH","StateOfResidense":"OH"},{"County":"Muskingum","Sex":"Male","AgeRange":"60-69","DateOfDeath":"2021-11-14","StateOfDeath":"OH","StateOfResidense":"OH"},{"County":"Muskingum","Sex":"Male","AgeRange":"70-79","DateOfDeath":"2021-11-20","StateOfDeath":"OH","StateOfResidense":"OH"},{"County":"Muskingum","Sex":"Female","AgeRange":"70-79","DateOfDeath":"2021-11-27","StateOfDeath":"OH","StateOfResidense":"OH"},{"County":"Muskingum","Sex":"Female","AgeRange":"50-59","DateOfDeath":"2021-11-28","StateOfDeath":"OH","StateOfResidense":"OH"},{"County":"Muskingum","Sex":"Male","AgeRange":"60-69","DateOfDeath":"2021-11-29","StateOfDeath":"OH","StateOfResidense":"OH"},{"County":"Muskingum","Sex":"Female","AgeRange":"80+","DateOfDeath":"2021-11-30","StateOfDeath":"OH","StateOfResidense":"OH"}]