[{"County":"Clermont","Sex":"Male","AgeRange":"80+","DateOfDeath":"2020-11-15","StateOfDeath":"OH","StateOfResidense":"OH"},{"County":"Clermont","Sex":"Female","AgeRange":"80+","DateOfDeath":"2020-11-17","StateOfDeath":"OH","StateOfResidense":"OH"},{"County":"Clermont","Sex":"Female","AgeRange":"80+","DateOfDeath":"2020-11-18","StateOfDeath":"OH","StateOfResidense":"OH"},{"County":"Clermont","Sex":"Female","AgeRange":"80+","DateOfDeath":"2020-11-20","StateOfDeath":"OH","StateOfResidense":"OH"},{"County":"Clermont","Sex":"Female","AgeRange":"80+","DateOfDeath":"2020-11-21","StateOfDeath":"OH","StateOfResidense":"OH"},{"County":"Clermont","Sex":"Female","AgeRange":"70-79","DateOfDeath":"2020-11-21","StateOfDeath":"OH","StateOfResidense":"OH"},{"County":"Clermont","Sex":"Female","AgeRange":"60-69","DateOfDeath":"2020-11-22","StateOfDeath":"OH","StateOfResidense":"OH"},{"County":"Clermont","Sex":"Male","AgeRange":"80+","DateOfDeath":"2020-11-23","StateOfDeath":"OH","StateOfResidense":"OH"},{"County":"Clermont","Sex":"Female","AgeRange":"80+","DateOfDeath":"2020-11-25","StateOfDeath":"OH","StateOfResidense":"OH"},{"County":"Clermont","Sex":"Female","AgeRange":"70-79","DateOfDeath":"2020-11-27","StateOfDeath":"OH","StateOfResidense":"OH"},{"County":"Clermont","Sex":"Male","AgeRange":"50-59","DateOfDeath":"2020-11-27","StateOfDeath":"OH","StateOfResidense":"OH"},{"County":"Clermont","Sex":"Female","AgeRange":"80+","DateOfDeath":"2020-11-29","StateOfDeath":"OH","StateOfResidense":"OH"},{"County":"Clermont","Sex":"Male","AgeRange":"70-79","DateOfDeath":"2020-11-30","StateOfDeath":"OH","StateOfResidense":"OH"},{"County":"Clermont","Sex":"Male","AgeRange":"80+","DateOfDeath":"2020-12-01","StateOfDeath":"OH","StateOfResidense":"OH"},{"County":"Clermont","Sex":"Female","AgeRange":"40-49","DateOfDeath":"2020-12-04","StateOfDeath":"OH","StateOfResidense":"OH"},{"County":"Clermont","Sex":"Female","AgeRange":"70-79","DateOfDeath":"2020-12-06","StateOfDeath":"OH","StateOfResidense":"OH"},{"County":"Clermont","Sex":"Male","AgeRange":"80+","DateOfDeath":"2020-12-07","StateOfDeath":"OH","StateOfResidense":"OH"},{"County":"Clermont","Sex":"Female","AgeRange":"80+","DateOfDeath":"2020-12-08","StateOfDeath":"OH","StateOfResidense":"OH"},{"County":"Clermont","Sex":"Male","AgeRange":"80+","DateOfDeath":"2020-12-08","StateOfDeath":"OH","StateOfResidense":"OH"},{"County":"Clermont","Sex":"Female","AgeRange":"60-69","DateOfDeath":"2020-12-09","StateOfDeath":"OH","StateOfResidense":"OH"},{"County":"Clermont","Sex":"Male","AgeRange":"80+","DateOfDeath":"2020-12-10","StateOfDeath":"OH","StateOfResidense":"OH"},{"County":"Clermont","Sex":"Female","AgeRange":"70-79","DateOfDeath":"2020-12-11","StateOfDeath":"OH","StateOfResidense":"OH"},{"County":"Clermont","Sex":"Male","AgeRange":"70-79","DateOfDeath":"2020-12-11","StateOfDeath":"OH","StateOfResidense":"OH"},{"County":"Clermont","Sex":"Male","AgeRange":"80+","DateOfDeath":"2020-12-11","StateOfDeath":"OH","StateOfResidense":"OH"},{"County":"Clermont","Sex":"Female","AgeRange":"80+","DateOfDeath":"2020-12-12","StateOfDeath":"OH","StateOfResidense":"OH"},{"County":"Clermont","Sex":"Female","AgeRange":"80+","DateOfDeath":"2020-12-13","StateOfDeath":"OH","StateOfResidense":"OH"},{"County":"Clermont","Sex":"Female","AgeRange":"80+","DateOfDeath":"2020-12-16","StateOfDeath":"OH","StateOfResidense":"OH"},{"County":"Clermont","Sex":"Female","AgeRange":"60-69","DateOfDeath":"2020-12-17","StateOfDeath":"OH","StateOfResidense":"OH"},{"County":"Clermont","Sex":"Female","AgeRange":"80+","DateOfDeath":"2020-12-20","StateOfDeath":"OH","StateOfResidense":"OH"},{"County":"Clermont","Sex":"Female","AgeRange":"80+","DateOfDeath":"2020-12-20","StateOfDeath":"OH","StateOfResidense":"OH"},{"County":"Clermont","Sex":"Male","AgeRange":"80+","DateOfDeath":"2020-12-20","StateOfDeath":"OH","StateOfResidense":"OH"},{"County":"Clermont","Sex":"Male","AgeRange":"80+","DateOfDeath":"2020-12-21","StateOfDeath":"OH","StateOfResidense":"OH"},{"County":"Clermont","Sex":"Male","AgeRange":"80+","DateOfDeath":"2020-12-22","StateOfDeath":"OH","StateOfResidense":"OH"},{"County":"Clermont","Sex":"Female","AgeRange":"80+","DateOfDeath":"2020-12-22","StateOfDeath":"OH","StateOfResidense":"OH"},{"County":"Clermont","Sex":"Male","AgeRange":"80+","DateOfDeath":"2020-12-22","StateOfDeath":"OH","StateOfResidense":"OH"},{"County":"Clermont","Sex":"Female","AgeRange":"80+","DateOfDeath":"2020-12-23","StateOfDeath":"OH","StateOfResidense":"OH"},{"County":"Clermont","Sex":"Male","AgeRange":"80+","DateOfDeath":"2020-12-23","StateOfDeath":"OH","StateOfResidense":"OH"},{"County":"Clermont","Sex":"Male","AgeRange":"70-79","DateOfDeath":"2020-12-23","StateOfDeath":"OH","StateOfResidense":"MS"},{"County":"Clermont","Sex":"Male","AgeRange":"70-79","DateOfDeath":"2020-12-26","StateOfDeath":"OH","StateOfResidense":"OH"},{"County":"Clermont","Sex":"Female","AgeRange":"80+","DateOfDeath":"2020-12-27","StateOfDeath":"OH","StateOfResidense":"OH"},{"County":"Clermont","Sex":"Male","AgeRange":"80+","DateOfDeath":"2020-12-27","StateOfDeath":"OH","StateOfResidense":"OH"},{"County":"Clermont","Sex":"Female","AgeRange":"70-79","DateOfDeath":"2020-12-27","StateOfDeath":"OH","StateOfResidense":"OH"},{"County":"Clermont","Sex":"Female","AgeRange":"70-79","DateOfDeath":"2021-01-01","StateOfDeath":"OH","StateOfResidense":"OH"},{"County":"Clermont","Sex":"Female","AgeRange":"80+","DateOfDeath":"2021-01-01","StateOfDeath":"OH","StateOfResidense":"OH"},{"County":"Clermont","Sex":"Male","AgeRange":"50-59","DateOfDeath":"2021-01-01","StateOfDeath":"OH","StateOfResidense":"OH"},{"County":"Clermont","Sex":"Female","AgeRange":"70-79","DateOfDeath":"2021-01-04","StateOfDeath":"OH","StateOfResidense":"OH"},{"County":"Clermont","Sex":"Male","AgeRange":"60-69","DateOfDeath":"2021-01-04","StateOfDeath":"OH","StateOfResidense":"OH"},{"County":"Clermont","Sex":"Male","AgeRange":"80+","DateOfDeath":"2021-01-06","StateOfDeath":"OH","StateOfResidense":"OH"},{"County":"Clermont","Sex":"Female","AgeRange":"80+","DateOfDeath":"2021-01-06","StateOfDeath":"OH","StateOfResidense":"OH"},{"County":"Clermont","Sex":"Male","AgeRange":"80+","DateOfDeath":"2021-01-07","StateOfDeath":"OH","StateOfResidense":"OH"},{"County":"Clermont","Sex":"Male","AgeRange":"80+","DateOfDeath":"2021-01-08","StateOfDeath":"OH","StateOfResidense":"OH"},{"County":"Clermont","Sex":"Female","AgeRange":"80+","DateOfDeath":"2021-01-09","StateOfDeath":"OH","StateOfResidense":"OH"},{"County":"Clermont","Sex":"Female","AgeRange":"70-79","DateOfDeath":"2021-01-10","StateOfDeath":"OH","StateOfResidense":"OH"},{"County":"Clermont","Sex":"Female","AgeRange":"80+","DateOfDeath":"2021-01-10","StateOfDeath":"OH","StateOfResidense":"OH"},{"County":"Clermont","Sex":"Female","AgeRange":"70-79","DateOfDeath":"2021-01-11","StateOfDeath":"OH","StateOfResidense":"OH"},{"County":"Clermont","Sex":"Female","AgeRange":"80+","DateOfDeath":"2021-01-12","StateOfDeath":"OH","StateOfResidense":"OH"},{"County":"Clermont","Sex":"Male","AgeRange":"70-79","DateOfDeath":"2021-01-13","StateOfDeath":"OH","StateOfResidense":"OH"},{"County":"Clermont","Sex":"Female","AgeRange":"80+","DateOfDeath":"2021-01-13","StateOfDeath":"OH","StateOfResidense":"OH"},{"County":"Clermont","Sex":"Female","AgeRange":"60-69","DateOfDeath":"2021-01-15","StateOfDeath":"OH","StateOfResidense":"OH"},{"County":"Clermont","Sex":"Female","AgeRange":"80+","DateOfDeath":"2021-01-16","StateOfDeath":"OH","StateOfResidense":"OH"},{"County":"Clermont","Sex":"Male","AgeRange":"80+","DateOfDeath":"2021-01-17","StateOfDeath":"OH","StateOfResidense":"OH"},{"County":"Clermont","Sex":"Female","AgeRange":"70-79","DateOfDeath":"2021-01-17","StateOfDeath":"OH","StateOfResidense":"OH"},{"County":"Clermont","Sex":"Female","AgeRange":"80+","DateOfDeath":"2021-01-17","StateOfDeath":"OH","StateOfResidense":"OH"},{"County":"Clermont","Sex":"Male","AgeRange":"80+","DateOfDeath":"2021-01-18","StateOfDeath":"OH","StateOfResidense":"FL"},{"County":"Clermont","Sex":"Male","AgeRange":"80+","DateOfDeath":"2021-01-19","StateOfDeath":"OH","StateOfResidense":"OH"},{"County":"Clermont","Sex":"Male","AgeRange":"50-59","DateOfDeath":"2021-01-20","StateOfDeath":"OH","StateOfResidense":"OH"},{"County":"Clermont","Sex":"Male","AgeRange":"70-79","DateOfDeath":"2021-01-20","StateOfDeath":"OH","StateOfResidense":"OH"},{"County":"Clermont","Sex":"Female","AgeRange":"50-59","DateOfDeath":"2021-01-21","StateOfDeath":"OH","StateOfResidense":"OH"},{"County":"Clermont","Sex":"Female","AgeRange":"70-79","DateOfDeath":"2021-01-23","StateOfDeath":"OH","StateOfResidense":"OH"},{"County":"Clermont","Sex":"Male","AgeRange":"60-69","DateOfDeath":"2021-01-25","StateOfDeath":"OH","StateOfResidense":"OH"},{"County":"Clermont","Sex":"Male","AgeRange":"80+","DateOfDeath":"2021-01-26","StateOfDeath":"OH","StateOfResidense":"OH"},{"County":"Clermont","Sex":"Male","AgeRange":"80+","DateOfDeath":"2021-01-26","StateOfDeath":"OH","StateOfResidense":"OH"},{"County":"Clermont","Sex":"Male","AgeRange":"70-79","DateOfDeath":"2021-01-27","StateOfDeath":"OH","StateOfResidense":"OH"},{"County":"Clermont","Sex":"Male","AgeRange":"50-59","DateOfDeath":"2021-01-27","StateOfDeath":"OH","StateOfResidense":"OH"},{"County":"Clermont","Sex":"Male","AgeRange":"70-79","DateOfDeath":"2021-01-30","StateOfDeath":"OH","StateOfResidense":"OH"},{"County":"Clermont","Sex":"Male","AgeRange":"70-79","DateOfDeath":"2021-01-31","StateOfDeath":"OH","StateOfResidense":"OH"},{"County":"Clermont","Sex":"Female","AgeRange":"60-69","DateOfDeath":"2021-02-04","StateOfDeath":"OH","StateOfResidense":"OH"},{"County":"Clermont","Sex":"Female","AgeRange":"80+","DateOfDeath":"2021-02-09","StateOfDeath":"OH","StateOfResidense":"OH"},{"County":"Clermont","Sex":"Female","AgeRange":"70-79","DateOfDeath":"2021-02-11","StateOfDeath":"OH","StateOfResidense":"OH"},{"County":"Clermont","Sex":"Female","AgeRange":"70-79","DateOfDeath":"2021-02-15","StateOfDeath":"OH","StateOfResidense":"OH"},{"County":"Clermont","Sex":"Female","AgeRange":"80+","DateOfDeath":"2021-02-15","StateOfDeath":"OH","StateOfResidense":"OH"},{"County":"Clermont","Sex":"Male","AgeRange":"70-79","DateOfDeath":"2021-03-06","StateOfDeath":"OH","StateOfResidense":"OH"},{"County":"Clermont","Sex":"Male","AgeRange":"80+","DateOfDeath":"2021-03-13","StateOfDeath":"OH","StateOfResidense":"OH"},{"County":"Clermont","Sex":"Female","AgeRange":"80+","DateOfDeath":"2021-03-14","StateOfDeath":"OH","StateOfResidense":"OH"},{"County":"Clermont","Sex":"Male","AgeRange":"80+","DateOfDeath":"2021-03-31","StateOfDeath":"OH","StateOfResidense":"OH"},{"County":"Clermont","Sex":"Male","AgeRange":"60-69","DateOfDeath":"2021-04-22","StateOfDeath":"OH","StateOfResidense":"OH"},{"County":"Clermont","Sex":"Female","AgeRange":"70-79","DateOfDeath":"2021-04-25","StateOfDeath":"OH","StateOfResidense":"OH"},{"County":"Clermont","Sex":"Female","AgeRange":"70-79","DateOfDeath":"2021-04-29","StateOfDeath":"OH","StateOfResidense":"OH"},{"County":"Clermont","Sex":"Male","AgeRange":"80+","DateOfDeath":"2021-05-05","StateOfDeath":"OH","StateOfResidense":"OH"},{"County":"Clermont","Sex":"Male","AgeRange":"80+","DateOfDeath":"2021-05-14","StateOfDeath":"OH","StateOfResidense":"OH"},{"County":"Clermont","Sex":"Female","AgeRange":"80+","DateOfDeath":"2021-06-11","StateOfDeath":"OH","StateOfResidense":"OH"},{"County":"Clermont","Sex":"Female","AgeRange":"60-69","DateOfDeath":"2021-06-23","StateOfDeath":"OH","StateOfResidense":"OH"},{"County":"Clermont","Sex":"Male","AgeRange":"70-79","DateOfDeath":"2021-07-07","StateOfDeath":"OH","StateOfResidense":"OH"},{"County":"Clermont","Sex":"Female","AgeRange":"80+","DateOfDeath":"2021-07-11","StateOfDeath":"OH","StateOfResidense":"OH"},{"County":"Clermont","Sex":"Male","AgeRange":"70-79","DateOfDeath":"2021-07-21","StateOfDeath":"OH","StateOfResidense":"OH"},{"County":"Clermont","Sex":"Female","AgeRange":"70-79","DateOfDeath":"2021-08-03","StateOfDeath":"OH","StateOfResidense":"OH"},{"County":"Clermont","Sex":"Female","AgeRange":"70-79","DateOfDeath":"2021-08-20","StateOfDeath":"OH","StateOfResidense":"OH"},{"County":"Clermont","Sex":"Female","AgeRange":"80+","DateOfDeath":"2021-08-25","StateOfDeath":"OH","StateOfResidense":"OH"},{"County":"Clermont","Sex":"Female","AgeRange":"80+","DateOfDeath":"2021-09-04","StateOfDeath":"OH","StateOfResidense":"OH"},{"County":"Clermont","Sex":"Female","AgeRange":"80+","DateOfDeath":"2021-09-06","StateOfDeath":"OH","StateOfResidense":"OH"},{"County":"Clermont","Sex":"Female","AgeRange":"80+","DateOfDeath":"2021-09-07","StateOfDeath":"OH","StateOfResidense":"OH"},{"County":"Clermont","Sex":"Female","AgeRange":"80+","DateOfDeath":"2021-09-11","StateOfDeath":"OH","StateOfResidense":"OH"},{"County":"Clermont","Sex":"Female","AgeRange":"80+","DateOfDeath":"2021-09-12","StateOfDeath":"OH","StateOfResidense":"OH"},{"County":"Clermont","Sex":"Male","AgeRange":"80+","DateOfDeath":"2021-09-12","StateOfDeath":"OH","StateOfResidense":"OH"},{"County":"Clermont","Sex":"Female","AgeRange":"40-49","DateOfDeath":"2021-09-13","StateOfDeath":"OH","StateOfResidense":"OH"},{"County":"Clermont","Sex":"Female","AgeRange":"70-79","DateOfDeath":"2021-09-15","StateOfDeath":"OH","StateOfResidense":"OH"},{"County":"Clermont","Sex":"Male","AgeRange":"70-79","DateOfDeath":"2021-09-15","StateOfDeath":"OH","StateOfResidense":"OH"},{"County":"Clermont","Sex":"Female","AgeRange":"80+","DateOfDeath":"2021-09-16","StateOfDeath":"OH","StateOfResidense":"OH"},{"County":"Clermont","Sex":"Female","AgeRange":"30-39","DateOfDeath":"2021-09-16","StateOfDeath":"OH","StateOfResidense":"OH"},{"County":"Clermont","Sex":"Male","AgeRange":"60-69","DateOfDeath":"2021-09-16","StateOfDeath":"OH","StateOfResidense":"OH"},{"County":"Clermont","Sex":"Female","AgeRange":"80+","DateOfDeath":"2021-09-16","StateOfDeath":"OH","StateOfResidense":"OH"},{"County":"Clermont","Sex":"Female","AgeRange":"50-59","DateOfDeath":"2021-09-18","StateOfDeath":"OH","StateOfResidense":"OH"},{"County":"Clermont","Sex":"Female","AgeRange":"80+","DateOfDeath":"2021-09-21","StateOfDeath":"OH","StateOfResidense":"OH"},{"County":"Clermont","Sex":"Female","AgeRange":"50-59","DateOfDeath":"2021-09-21","StateOfDeath":"OH","StateOfResidense":"OH"},{"County":"Clermont","Sex":"Male","AgeRange":"80+","DateOfDeath":"2021-09-21","StateOfDeath":"OH","StateOfResidense":"OH"},{"County":"Clermont","Sex":"Male","AgeRange":"70-79","DateOfDeath":"2021-09-23","StateOfDeath":"OH","StateOfResidense":"OH"},{"County":"Clermont","Sex":"Female","AgeRange":"70-79","DateOfDeath":"2021-09-23","StateOfDeath":"OH","StateOfResidense":"OH"},{"County":"Clermont","Sex":"Male","AgeRange":"60-69","DateOfDeath":"2021-09-24","StateOfDeath":"OH","StateOfResidense":"OH"},{"County":"Clermont","Sex":"Female","AgeRange":"60-69","DateOfDeath":"2021-09-26","StateOfDeath":"OH","StateOfResidense":"OH"},{"County":"Clermont","Sex":"Male","AgeRange":"50-59","DateOfDeath":"2021-09-30","StateOfDeath":"OH","StateOfResidense":"OH"},{"County":"Clermont","Sex":"Female","AgeRange":"70-79","DateOfDeath":"2021-10-01","StateOfDeath":"OH","StateOfResidense":"OH"},{"County":"Clermont","Sex":"Female","AgeRange":"80+","DateOfDeath":"2021-10-01","StateOfDeath":"OH","StateOfResidense":"OH"},{"County":"Clermont","Sex":"Female","AgeRange":"60-69","DateOfDeath":"2021-10-02","StateOfDeath":"OH","StateOfResidense":"OH"},{"County":"Clermont","Sex":"Female","AgeRange":"70-79","DateOfDeath":"2021-10-02","StateOfDeath":"OH","StateOfResidense":"OH"},{"County":"Clermont","Sex":"Male","AgeRange":"60-69","DateOfDeath":"2021-10-06","StateOfDeath":"OH","StateOfResidense":"OH"},{"County":"Clermont","Sex":"Male","AgeRange":"80+","DateOfDeath":"2021-10-08","StateOfDeath":"OH","StateOfResidense":"OH"},{"County":"Clermont","Sex":"Female","AgeRange":"60-69","DateOfDeath":"2021-10-09","StateOfDeath":"OH","StateOfResidense":"OH"},{"County":"Clermont","Sex":"Female","AgeRange":"40-49","DateOfDeath":"2021-10-09","StateOfDeath":"OH","StateOfResidense":"OH"},{"County":"Clermont","Sex":"Female","AgeRange":"80+","DateOfDeath":"2021-10-09","StateOfDeath":"OH","StateOfResidense":"OH"},{"County":"Clermont","Sex":"Male","AgeRange":"40-49","DateOfDeath":"2021-10-09","StateOfDeath":"OH","StateOfResidense":"OH"},{"County":"Clermont","Sex":"Male","AgeRange":"40-49","DateOfDeath":"2021-10-13","StateOfDeath":"OH","StateOfResidense":"OH"},{"County":"Clermont","Sex":"Female","AgeRange":"80+","DateOfDeath":"2021-10-13","StateOfDeath":"OH","StateOfResidense":"OH"},{"County":"Clermont","Sex":"Male","AgeRange":"60-69","DateOfDeath":"2021-10-15","StateOfDeath":"OH","StateOfResidense":"OH"},{"County":"Clermont","Sex":"Female","AgeRange":"70-79","DateOfDeath":"2021-10-16","StateOfDeath":"OH","StateOfResidense":"OH"},{"County":"Clermont","Sex":"Female","AgeRange":"50-59","DateOfDeath":"2021-10-17","StateOfDeath":"OH","StateOfResidense":"OH"},{"County":"Clermont","Sex":"Male","AgeRange":"80+","DateOfDeath":"2021-10-25","StateOfDeath":"OH","StateOfResidense":"OH"},{"County":"Clermont","Sex":"Male","AgeRange":"60-69","DateOfDeath":"2021-10-26","StateOfDeath":"OH","StateOfResidense":"OH"},{"County":"Clermont","Sex":"Female","AgeRange":"60-69","DateOfDeath":"2021-10-26","StateOfDeath":"OH","StateOfResidense":"OH"},{"County":"Clermont","Sex":"Male","AgeRange":"50-59","DateOfDeath":"2021-10-28","StateOfDeath":"OH","StateOfResidense":"OH"},{"County":"Clermont","Sex":"Female","AgeRange":"70-79","DateOfDeath":"2021-11-01","StateOfDeath":"OH","StateOfResidense":"OH"},{"County":"Clermont","Sex":"Male","AgeRange":"80+","DateOfDeath":"2021-11-03","StateOfDeath":"OH","StateOfResidense":"OH"},{"County":"Clermont","Sex":"Male","AgeRange":"70-79","DateOfDeath":"2021-11-03","StateOfDeath":"OH","StateOfResidense":"OH"},{"County":"Clermont","Sex":"Female","AgeRange":"70-79","DateOfDeath":"2021-11-09","StateOfDeath":"OH","StateOfResidense":"OH"},{"County":"Clermont","Sex":"Female","AgeRange":"80+","DateOfDeath":"2021-11-09","StateOfDeath":"OH","StateOfResidense":"OH"},{"County":"Clermont","Sex":"Male","AgeRange":"80+","DateOfDeath":"2021-11-10","StateOfDeath":"OH","StateOfResidense":"OH"},{"County":"Clermont","Sex":"Male","AgeRange":"80+","DateOfDeath":"2021-11-15","StateOfDeath":"OH","StateOfResidense":"OH"},{"County":"Clermont","Sex":"Male","AgeRange":"80+","DateOfDeath":"2021-11-19","StateOfDeath":"OH","StateOfResidense":"OH"},{"County":"Clermont","Sex":"Female","AgeRange":"70-79","DateOfDeath":"2021-11-23","StateOfDeath":"OH","StateOfResidense":"OH"}]