[{"County":"Meigs","Sex":"Male","AgeRange":"80+","DateOfDeath":"2020-12-10","StateOfDeath":"OH","StateOfResidense":"OH"},{"County":"Meigs","Sex":"Male","AgeRange":"80+","DateOfDeath":"2020-12-23","StateOfDeath":"OH","StateOfResidense":"OH"},{"County":"Meigs","Sex":"Male","AgeRange":"70-79","DateOfDeath":"2021-01-31","StateOfDeath":"OH","StateOfResidense":"OH"},{"County":"Meigs","Sex":"Male","AgeRange":"80+","DateOfDeath":"2021-01-31","StateOfDeath":"OH","StateOfResidense":"OH"},{"County":"Meigs","Sex":"Male","AgeRange":"80+","DateOfDeath":"2021-02-19","StateOfDeath":"OH","StateOfResidense":"OH"},{"County":"Meigs","Sex":"Female","AgeRange":"50-59","DateOfDeath":"2021-09-06","StateOfDeath":"OH","StateOfResidense":"OH"},{"County":"Meigs","Sex":"Male","AgeRange":"70-79","DateOfDeath":"2021-09-24","StateOfDeath":"OH","StateOfResidense":"OH"},{"County":"Meigs","Sex":"Male","AgeRange":"80+","DateOfDeath":"2021-10-05","StateOfDeath":"OH","StateOfResidense":"OH"},{"County":"Meigs","Sex":"Male","AgeRange":"60-69","DateOfDeath":"2021-10-28","StateOfDeath":"OH","StateOfResidense":"OH"},{"County":"Meigs","Sex":"Female","AgeRange":"80+","DateOfDeath":"2021-11-19","StateOfDeath":"OH","StateOfResidense":"WV"},{"County":"Meigs","Sex":"Female","AgeRange":"80+","DateOfDeath":"2021-11-20","StateOfDeath":"OH","StateOfResidense":"WV"},{"County":"Meigs","Sex":"Male","AgeRange":"70-79","DateOfDeath":"2021-11-23","StateOfDeath":"OH","StateOfResidense":"OH"}]