[{"County":"Mercer","Sex":"Female","AgeRange":"80+","DateOfDeath":"2020-11-10","StateOfDeath":"OH","StateOfResidense":"OH"},{"County":"Mercer","Sex":"Female","AgeRange":"80+","DateOfDeath":"2020-11-11","StateOfDeath":"OH","StateOfResidense":"OH"},{"County":"Mercer","Sex":"Male","AgeRange":"80+","DateOfDeath":"2020-11-12","StateOfDeath":"OH","StateOfResidense":"OH"},{"County":"Mercer","Sex":"Male","AgeRange":"80+","DateOfDeath":"2020-11-15","StateOfDeath":"OH","StateOfResidense":"OH"},{"County":"Mercer","Sex":"Female","AgeRange":"60-69","DateOfDeath":"2020-11-18","StateOfDeath":"OH","StateOfResidense":"OH"},{"County":"Mercer","Sex":"Male","AgeRange":"80+","DateOfDeath":"2020-11-18","StateOfDeath":"OH","StateOfResidense":"OH"},{"County":"Mercer","Sex":"Male","AgeRange":"70-79","DateOfDeath":"2020-11-19","StateOfDeath":"OH","StateOfResidense":"OH"},{"County":"Mercer","Sex":"Male","AgeRange":"80+","DateOfDeath":"2020-11-20","StateOfDeath":"OH","StateOfResidense":"OH"},{"County":"Mercer","Sex":"Female","AgeRange":"70-79","DateOfDeath":"2020-11-22","StateOfDeath":"OH","StateOfResidense":"OH"},{"County":"Mercer","Sex":"Female","AgeRange":"80+","DateOfDeath":"2020-11-23","StateOfDeath":"OH","StateOfResidense":"IN"},{"County":"Mercer","Sex":"Female","AgeRange":"80+","DateOfDeath":"2020-11-24","StateOfDeath":"OH","StateOfResidense":"OH"},{"County":"Mercer","Sex":"Female","AgeRange":"80+","DateOfDeath":"2020-11-25","StateOfDeath":"OH","StateOfResidense":"OH"},{"County":"Mercer","Sex":"Female","AgeRange":"80+","DateOfDeath":"2020-11-27","StateOfDeath":"OH","StateOfResidense":"OH"},{"County":"Mercer","Sex":"Male","AgeRange":"60-69","DateOfDeath":"2020-11-27","StateOfDeath":"OH","StateOfResidense":"OH"},{"County":"Mercer","Sex":"Male","AgeRange":"80+","DateOfDeath":"2020-11-28","StateOfDeath":"OH","StateOfResidense":"OH"},{"County":"Mercer","Sex":"Female","AgeRange":"60-69","DateOfDeath":"2020-11-28","StateOfDeath":"OH","StateOfResidense":"OH"},{"County":"Mercer","Sex":"Female","AgeRange":"80+","DateOfDeath":"2020-11-29","StateOfDeath":"OH","StateOfResidense":"OH"},{"County":"Mercer","Sex":"Male","AgeRange":"70-79","DateOfDeath":"2020-11-30","StateOfDeath":"OH","StateOfResidense":"OH"},{"County":"Mercer","Sex":"Female","AgeRange":"80+","DateOfDeath":"2020-11-30","StateOfDeath":"OH","StateOfResidense":"OH"},{"County":"Mercer","Sex":"Female","AgeRange":"80+","DateOfDeath":"2020-12-01","StateOfDeath":"OH","StateOfResidense":"OH"},{"County":"Mercer","Sex":"Female","AgeRange":"80+","DateOfDeath":"2020-12-02","StateOfDeath":"OH","StateOfResidense":"OH"},{"County":"Mercer","Sex":"Male","AgeRange":"80+","DateOfDeath":"2020-12-04","StateOfDeath":"OH","StateOfResidense":"OH"},{"County":"Mercer","Sex":"Female","AgeRange":"80+","DateOfDeath":"2020-12-05","StateOfDeath":"OH","StateOfResidense":"OH"},{"County":"Mercer","Sex":"Female","AgeRange":"80+","DateOfDeath":"2020-12-06","StateOfDeath":"OH","StateOfResidense":"OH"},{"County":"Mercer","Sex":"Male","AgeRange":"70-79","DateOfDeath":"2020-12-06","StateOfDeath":"OH","StateOfResidense":"OH"},{"County":"Mercer","Sex":"Male","AgeRange":"80+","DateOfDeath":"2020-12-08","StateOfDeath":"OH","StateOfResidense":"OH"},{"County":"Mercer","Sex":"Female","AgeRange":"80+","DateOfDeath":"2020-12-13","StateOfDeath":"OH","StateOfResidense":"OH"},{"County":"Mercer","Sex":"Male","AgeRange":"80+","DateOfDeath":"2020-12-15","StateOfDeath":"OH","StateOfResidense":"OH"},{"County":"Mercer","Sex":"Female","AgeRange":"80+","DateOfDeath":"2020-12-17","StateOfDeath":"OH","StateOfResidense":"IN"},{"County":"Mercer","Sex":"Female","AgeRange":"80+","DateOfDeath":"2020-12-18","StateOfDeath":"OH","StateOfResidense":"OH"},{"County":"Mercer","Sex":"Female","AgeRange":"80+","DateOfDeath":"2020-12-19","StateOfDeath":"OH","StateOfResidense":"OH"},{"County":"Mercer","Sex":"Female","AgeRange":"80+","DateOfDeath":"2020-12-21","StateOfDeath":"OH","StateOfResidense":"OH"},{"County":"Mercer","Sex":"Male","AgeRange":"80+","DateOfDeath":"2020-12-23","StateOfDeath":"OH","StateOfResidense":"OH"},{"County":"Mercer","Sex":"Female","AgeRange":"80+","DateOfDeath":"2021-01-13","StateOfDeath":"OH","StateOfResidense":"OH"},{"County":"Mercer","Sex":"Male","AgeRange":"80+","DateOfDeath":"2021-01-13","StateOfDeath":"OH","StateOfResidense":"OH"},{"County":"Mercer","Sex":"Male","AgeRange":"80+","DateOfDeath":"2021-02-03","StateOfDeath":"OH","StateOfResidense":"OH"},{"County":"Mercer","Sex":"Female","AgeRange":"80+","DateOfDeath":"2021-08-20","StateOfDeath":"OH","StateOfResidense":"OH"},{"County":"Mercer","Sex":"Female","AgeRange":"80+","DateOfDeath":"2021-09-03","StateOfDeath":"OH","StateOfResidense":"OH"},{"County":"Mercer","Sex":"Female","AgeRange":"80+","DateOfDeath":"2021-09-22","StateOfDeath":"OH","StateOfResidense":"OH"},{"County":"Mercer","Sex":"Female","AgeRange":"70-79","DateOfDeath":"2021-10-10","StateOfDeath":"OH","StateOfResidense":"OH"}]