[{"County":"Hocking","Sex":"Female","AgeRange":"80+","DateOfDeath":"2020-11-10","StateOfDeath":"OH","StateOfResidense":"OH"},{"County":"Hocking","Sex":"Female","AgeRange":"80+","DateOfDeath":"2020-11-12","StateOfDeath":"OH","StateOfResidense":"OH"},{"County":"Hocking","Sex":"Male","AgeRange":"50-59","DateOfDeath":"2020-11-16","StateOfDeath":"OH","StateOfResidense":"OH"},{"County":"Hocking","Sex":"Male","AgeRange":"80+","DateOfDeath":"2020-11-18","StateOfDeath":"OH","StateOfResidense":"OH"},{"County":"Hocking","Sex":"Male","AgeRange":"80+","DateOfDeath":"2020-11-19","StateOfDeath":"OH","StateOfResidense":"OH"},{"County":"Hocking","Sex":"Female","AgeRange":"70-79","DateOfDeath":"2020-11-20","StateOfDeath":"OH","StateOfResidense":"OH"},{"County":"Hocking","Sex":"Male","AgeRange":"80+","DateOfDeath":"2020-11-21","StateOfDeath":"OH","StateOfResidense":"OH"},{"County":"Hocking","Sex":"Male","AgeRange":"70-79","DateOfDeath":"2020-11-22","StateOfDeath":"OH","StateOfResidense":"OH"},{"County":"Hocking","Sex":"Male","AgeRange":"80+","DateOfDeath":"2020-11-22","StateOfDeath":"OH","StateOfResidense":"XX"},{"County":"Hocking","Sex":"Male","AgeRange":"60-69","DateOfDeath":"2020-11-27","StateOfDeath":"OH","StateOfResidense":"OH"},{"County":"Hocking","Sex":"Male","AgeRange":"70-79","DateOfDeath":"2020-12-02","StateOfDeath":"OH","StateOfResidense":"OH"},{"County":"Hocking","Sex":"Female","AgeRange":"80+","DateOfDeath":"2020-12-04","StateOfDeath":"OH","StateOfResidense":"OH"},{"County":"Hocking","Sex":"Male","AgeRange":"70-79","DateOfDeath":"2020-12-04","StateOfDeath":"OH","StateOfResidense":"OH"},{"County":"Hocking","Sex":"Female","AgeRange":"80+","DateOfDeath":"2020-12-05","StateOfDeath":"OH","StateOfResidense":"OH"},{"County":"Hocking","Sex":"Female","AgeRange":"80+","DateOfDeath":"2020-12-09","StateOfDeath":"OH","StateOfResidense":"OH"},{"County":"Hocking","Sex":"Male","AgeRange":"70-79","DateOfDeath":"2020-12-16","StateOfDeath":"OH","StateOfResidense":"OH"},{"County":"Hocking","Sex":"Female","AgeRange":"70-79","DateOfDeath":"2020-12-19","StateOfDeath":"OH","StateOfResidense":"OH"},{"County":"Hocking","Sex":"Male","AgeRange":"80+","DateOfDeath":"2020-12-28","StateOfDeath":"OH","StateOfResidense":"OH"},{"County":"Hocking","Sex":"Male","AgeRange":"80+","DateOfDeath":"2021-01-22","StateOfDeath":"OH","StateOfResidense":"OH"},{"County":"Hocking","Sex":"Male","AgeRange":"70-79","DateOfDeath":"2021-02-12","StateOfDeath":"OH","StateOfResidense":"OH"},{"County":"Hocking","Sex":"Male","AgeRange":"60-69","DateOfDeath":"2021-03-05","StateOfDeath":"OH","StateOfResidense":"OH"},{"County":"Hocking","Sex":"Female","AgeRange":"80+","DateOfDeath":"2021-04-04","StateOfDeath":"OH","StateOfResidense":"OH"},{"County":"Hocking","Sex":"Male","AgeRange":"40-49","DateOfDeath":"2021-08-18","StateOfDeath":"OH","StateOfResidense":"OH"},{"County":"Hocking","Sex":"Male","AgeRange":"70-79","DateOfDeath":"2021-09-02","StateOfDeath":"OH","StateOfResidense":"OH"},{"County":"Hocking","Sex":"Male","AgeRange":"60-69","DateOfDeath":"2021-09-07","StateOfDeath":"OH","StateOfResidense":"OH"},{"County":"Hocking","Sex":"Male","AgeRange":"50-59","DateOfDeath":"2021-09-08","StateOfDeath":"OH","StateOfResidense":"OH"},{"County":"Hocking","Sex":"Male","AgeRange":"80+","DateOfDeath":"2021-09-27","StateOfDeath":"OH","StateOfResidense":"OH"},{"County":"Hocking","Sex":"Male","AgeRange":"40-49","DateOfDeath":"2021-10-11","StateOfDeath":"OH","StateOfResidense":"OH"},{"County":"Hocking","Sex":"Male","AgeRange":"70-79","DateOfDeath":"2021-10-13","StateOfDeath":"OH","StateOfResidense":"OH"},{"County":"Hocking","Sex":"Female","AgeRange":"80+","DateOfDeath":"2021-10-20","StateOfDeath":"OH","StateOfResidense":"OH"},{"County":"Hocking","Sex":"Female","AgeRange":"80+","DateOfDeath":"2021-10-23","StateOfDeath":"OH","StateOfResidense":"OH"}]