[{"County":"Ashtabula","Sex":"Female","AgeRange":"80+","DateOfDeath":"2020-11-10","StateOfDeath":"OH","StateOfResidense":"OH"},{"County":"Ashtabula","Sex":"Female","AgeRange":"80+","DateOfDeath":"2020-11-11","StateOfDeath":"OH","StateOfResidense":"OH"},{"County":"Ashtabula","Sex":"Female","AgeRange":"80+","DateOfDeath":"2020-11-14","StateOfDeath":"OH","StateOfResidense":"OH"},{"County":"Ashtabula","Sex":"Male","AgeRange":"80+","DateOfDeath":"2020-11-18","StateOfDeath":"OH","StateOfResidense":"OH"},{"County":"Ashtabula","Sex":"Male","AgeRange":"60-69","DateOfDeath":"2020-11-20","StateOfDeath":"OH","StateOfResidense":"OH"},{"County":"Ashtabula","Sex":"Male","AgeRange":"70-79","DateOfDeath":"2020-11-23","StateOfDeath":"OH","StateOfResidense":"OH"},{"County":"Ashtabula","Sex":"Male","AgeRange":"80+","DateOfDeath":"2020-11-23","StateOfDeath":"OH","StateOfResidense":"OH"},{"County":"Ashtabula","Sex":"Female","AgeRange":"40-49","DateOfDeath":"2020-11-24","StateOfDeath":"OH","StateOfResidense":"OH"},{"County":"Ashtabula","Sex":"Female","AgeRange":"80+","DateOfDeath":"2020-11-28","StateOfDeath":"OH","StateOfResidense":"OH"},{"County":"Ashtabula","Sex":"Female","AgeRange":"80+","DateOfDeath":"2020-11-29","StateOfDeath":"OH","StateOfResidense":"OH"},{"County":"Ashtabula","Sex":"Male","AgeRange":"70-79","DateOfDeath":"2020-11-29","StateOfDeath":"OH","StateOfResidense":"OH"},{"County":"Ashtabula","Sex":"Male","AgeRange":"80+","DateOfDeath":"2020-11-29","StateOfDeath":"OH","StateOfResidense":"OH"},{"County":"Ashtabula","Sex":"Male","AgeRange":"70-79","DateOfDeath":"2020-11-29","StateOfDeath":"OH","StateOfResidense":"OH"},{"County":"Ashtabula","Sex":"Male","AgeRange":"80+","DateOfDeath":"2020-12-01","StateOfDeath":"OH","StateOfResidense":"OH"},{"County":"Ashtabula","Sex":"Female","AgeRange":"80+","DateOfDeath":"2020-12-02","StateOfDeath":"OH","StateOfResidense":"OH"},{"County":"Ashtabula","Sex":"Male","AgeRange":"70-79","DateOfDeath":"2020-12-02","StateOfDeath":"OH","StateOfResidense":"OH"},{"County":"Ashtabula","Sex":"Female","AgeRange":"70-79","DateOfDeath":"2020-12-04","StateOfDeath":"OH","StateOfResidense":"OH"},{"County":"Ashtabula","Sex":"Male","AgeRange":"70-79","DateOfDeath":"2020-12-04","StateOfDeath":"OH","StateOfResidense":"OH"},{"County":"Ashtabula","Sex":"Female","AgeRange":"80+","DateOfDeath":"2020-12-04","StateOfDeath":"OH","StateOfResidense":"OH"},{"County":"Ashtabula","Sex":"Female","AgeRange":"60-69","DateOfDeath":"2020-12-05","StateOfDeath":"OH","StateOfResidense":"OH"},{"County":"Ashtabula","Sex":"Male","AgeRange":"80+","DateOfDeath":"2020-12-05","StateOfDeath":"OH","StateOfResidense":"OH"},{"County":"Ashtabula","Sex":"Female","AgeRange":"80+","DateOfDeath":"2020-12-06","StateOfDeath":"OH","StateOfResidense":"OH"},{"County":"Ashtabula","Sex":"Male","AgeRange":"80+","DateOfDeath":"2020-12-06","StateOfDeath":"OH","StateOfResidense":"OH"},{"County":"Ashtabula","Sex":"Male","AgeRange":"80+","DateOfDeath":"2020-12-06","StateOfDeath":"OH","StateOfResidense":"OH"},{"County":"Ashtabula","Sex":"Female","AgeRange":"80+","DateOfDeath":"2020-12-07","StateOfDeath":"OH","StateOfResidense":"OH"},{"County":"Ashtabula","Sex":"Female","AgeRange":"60-69","DateOfDeath":"2020-12-08","StateOfDeath":"OH","StateOfResidense":"OH"},{"County":"Ashtabula","Sex":"Male","AgeRange":"70-79","DateOfDeath":"2020-12-08","StateOfDeath":"OH","StateOfResidense":"OH"},{"County":"Ashtabula","Sex":"Male","AgeRange":"80+","DateOfDeath":"2020-12-08","StateOfDeath":"OH","StateOfResidense":"OH"},{"County":"Ashtabula","Sex":"Female","AgeRange":"80+","DateOfDeath":"2020-12-09","StateOfDeath":"OH","StateOfResidense":"OH"},{"County":"Ashtabula","Sex":"Female","AgeRange":"70-79","DateOfDeath":"2020-12-10","StateOfDeath":"OH","StateOfResidense":"OH"},{"County":"Ashtabula","Sex":"Female","AgeRange":"80+","DateOfDeath":"2020-12-10","StateOfDeath":"OH","StateOfResidense":"OH"},{"County":"Ashtabula","Sex":"Male","AgeRange":"60-69","DateOfDeath":"2020-12-10","StateOfDeath":"OH","StateOfResidense":"OH"},{"County":"Ashtabula","Sex":"Male","AgeRange":"60-69","DateOfDeath":"2020-12-11","StateOfDeath":"OH","StateOfResidense":"OH"},{"County":"Ashtabula","Sex":"Male","AgeRange":"70-79","DateOfDeath":"2020-12-11","StateOfDeath":"OH","StateOfResidense":"OH"},{"County":"Ashtabula","Sex":"Female","AgeRange":"80+","DateOfDeath":"2020-12-12","StateOfDeath":"OH","StateOfResidense":"OH"},{"County":"Ashtabula","Sex":"Male","AgeRange":"40-49","DateOfDeath":"2020-12-12","StateOfDeath":"OH","StateOfResidense":"OH"},{"County":"Ashtabula","Sex":"Male","AgeRange":"80+","DateOfDeath":"2020-12-12","StateOfDeath":"OH","StateOfResidense":"OH"},{"County":"Ashtabula","Sex":"Female","AgeRange":"80+","DateOfDeath":"2020-12-12","StateOfDeath":"OH","StateOfResidense":"OH"},{"County":"Ashtabula","Sex":"Male","AgeRange":"50-59","DateOfDeath":"2020-12-12","StateOfDeath":"OH","StateOfResidense":"OH"},{"County":"Ashtabula","Sex":"Female","AgeRange":"80+","DateOfDeath":"2020-12-13","StateOfDeath":"OH","StateOfResidense":"OH"},{"County":"Ashtabula","Sex":"Male","AgeRange":"80+","DateOfDeath":"2020-12-13","StateOfDeath":"OH","StateOfResidense":"OH"},{"County":"Ashtabula","Sex":"Male","AgeRange":"80+","DateOfDeath":"2020-12-14","StateOfDeath":"OH","StateOfResidense":"OH"},{"County":"Ashtabula","Sex":"Male","AgeRange":"80+","DateOfDeath":"2020-12-15","StateOfDeath":"OH","StateOfResidense":"OH"},{"County":"Ashtabula","Sex":"Female","AgeRange":"60-69","DateOfDeath":"2020-12-16","StateOfDeath":"OH","StateOfResidense":"OH"},{"County":"Ashtabula","Sex":"Male","AgeRange":"60-69","DateOfDeath":"2020-12-16","StateOfDeath":"OH","StateOfResidense":"OH"},{"County":"Ashtabula","Sex":"Male","AgeRange":"80+","DateOfDeath":"2020-12-17","StateOfDeath":"OH","StateOfResidense":"OH"},{"County":"Ashtabula","Sex":"Female","AgeRange":"70-79","DateOfDeath":"2020-12-18","StateOfDeath":"OH","StateOfResidense":"OH"},{"County":"Ashtabula","Sex":"Female","AgeRange":"80+","DateOfDeath":"2020-12-18","StateOfDeath":"OH","StateOfResidense":"OH"},{"County":"Ashtabula","Sex":"Female","AgeRange":"80+","DateOfDeath":"2020-12-18","StateOfDeath":"OH","StateOfResidense":"OH"},{"County":"Ashtabula","Sex":"Female","AgeRange":"60-69","DateOfDeath":"2020-12-19","StateOfDeath":"OH","StateOfResidense":"OH"},{"County":"Ashtabula","Sex":"Female","AgeRange":"50-59","DateOfDeath":"2020-12-20","StateOfDeath":"OH","StateOfResidense":"OH"},{"County":"Ashtabula","Sex":"Female","AgeRange":"70-79","DateOfDeath":"2020-12-20","StateOfDeath":"OH","StateOfResidense":"OH"},{"County":"Ashtabula","Sex":"Male","AgeRange":"60-69","DateOfDeath":"2020-12-20","StateOfDeath":"OH","StateOfResidense":"OH"},{"County":"Ashtabula","Sex":"Female","AgeRange":"80+","DateOfDeath":"2020-12-22","StateOfDeath":"OH","StateOfResidense":"OH"},{"County":"Ashtabula","Sex":"Male","AgeRange":"50-59","DateOfDeath":"2020-12-22","StateOfDeath":"OH","StateOfResidense":"OH"},{"County":"Ashtabula","Sex":"Male","AgeRange":"80+","DateOfDeath":"2020-12-22","StateOfDeath":"OH","StateOfResidense":"OH"},{"County":"Ashtabula","Sex":"Male","AgeRange":"70-79","DateOfDeath":"2020-12-23","StateOfDeath":"OH","StateOfResidense":"OH"},{"County":"Ashtabula","Sex":"Female","AgeRange":"80+","DateOfDeath":"2020-12-25","StateOfDeath":"OH","StateOfResidense":"OH"},{"County":"Ashtabula","Sex":"Female","AgeRange":"80+","DateOfDeath":"2020-12-26","StateOfDeath":"OH","StateOfResidense":"OH"},{"County":"Ashtabula","Sex":"Male","AgeRange":"70-79","DateOfDeath":"2020-12-26","StateOfDeath":"OH","StateOfResidense":"PA"},{"County":"Ashtabula","Sex":"Male","AgeRange":"50-59","DateOfDeath":"2020-12-29","StateOfDeath":"OH","StateOfResidense":"OH"},{"County":"Ashtabula","Sex":"Female","AgeRange":"70-79","DateOfDeath":"2020-12-31","StateOfDeath":"OH","StateOfResidense":"OH"},{"County":"Ashtabula","Sex":"Male","AgeRange":"70-79","DateOfDeath":"2020-12-31","StateOfDeath":"OH","StateOfResidense":"OH"},{"County":"Ashtabula","Sex":"Female","AgeRange":"50-59","DateOfDeath":"2021-01-01","StateOfDeath":"OH","StateOfResidense":"OH"},{"County":"Ashtabula","Sex":"Female","AgeRange":"70-79","DateOfDeath":"2021-01-01","StateOfDeath":"OH","StateOfResidense":"OH"},{"County":"Ashtabula","Sex":"Female","AgeRange":"80+","DateOfDeath":"2021-01-02","StateOfDeath":"OH","StateOfResidense":"OH"},{"County":"Ashtabula","Sex":"Female","AgeRange":"70-79","DateOfDeath":"2021-01-02","StateOfDeath":"OH","StateOfResidense":"OH"},{"County":"Ashtabula","Sex":"Female","AgeRange":"80+","DateOfDeath":"2021-01-04","StateOfDeath":"OH","StateOfResidense":"OH"},{"County":"Ashtabula","Sex":"Male","AgeRange":"60-69","DateOfDeath":"2021-01-04","StateOfDeath":"OH","StateOfResidense":"OH"},{"County":"Ashtabula","Sex":"Male","AgeRange":"80+","DateOfDeath":"2021-01-05","StateOfDeath":"OH","StateOfResidense":"OH"},{"County":"Ashtabula","Sex":"Female","AgeRange":"80+","DateOfDeath":"2021-01-06","StateOfDeath":"OH","StateOfResidense":"OH"},{"County":"Ashtabula","Sex":"Male","AgeRange":"60-69","DateOfDeath":"2021-01-07","StateOfDeath":"OH","StateOfResidense":"OH"},{"County":"Ashtabula","Sex":"Male","AgeRange":"80+","DateOfDeath":"2021-01-07","StateOfDeath":"OH","StateOfResidense":"OH"},{"County":"Ashtabula","Sex":"Female","AgeRange":"50-59","DateOfDeath":"2021-01-08","StateOfDeath":"OH","StateOfResidense":"OH"},{"County":"Ashtabula","Sex":"Female","AgeRange":"50-59","DateOfDeath":"2021-01-10","StateOfDeath":"OH","StateOfResidense":"OH"},{"County":"Ashtabula","Sex":"Male","AgeRange":"80+","DateOfDeath":"2021-01-10","StateOfDeath":"OH","StateOfResidense":"OH"},{"County":"Ashtabula","Sex":"Male","AgeRange":"80+","DateOfDeath":"2021-01-11","StateOfDeath":"OH","StateOfResidense":"OH"},{"County":"Ashtabula","Sex":"Female","AgeRange":"70-79","DateOfDeath":"2021-01-15","StateOfDeath":"OH","StateOfResidense":"OH"},{"County":"Ashtabula","Sex":"Male","AgeRange":"70-79","DateOfDeath":"2021-01-15","StateOfDeath":"OH","StateOfResidense":"OH"},{"County":"Ashtabula","Sex":"Male","AgeRange":"70-79","DateOfDeath":"2021-01-16","StateOfDeath":"OH","StateOfResidense":"OH"},{"County":"Ashtabula","Sex":"Female","AgeRange":"80+","DateOfDeath":"2021-01-17","StateOfDeath":"OH","StateOfResidense":"OH"},{"County":"Ashtabula","Sex":"Male","AgeRange":"80+","DateOfDeath":"2021-01-18","StateOfDeath":"OH","StateOfResidense":"OH"},{"County":"Ashtabula","Sex":"Male","AgeRange":"60-69","DateOfDeath":"2021-01-19","StateOfDeath":"OH","StateOfResidense":"OH"},{"County":"Ashtabula","Sex":"Male","AgeRange":"70-79","DateOfDeath":"2021-01-19","StateOfDeath":"OH","StateOfResidense":"OH"},{"County":"Ashtabula","Sex":"Male","AgeRange":"80+","DateOfDeath":"2021-01-20","StateOfDeath":"OH","StateOfResidense":"OH"},{"County":"Ashtabula","Sex":"Female","AgeRange":"80+","DateOfDeath":"2021-01-27","StateOfDeath":"OH","StateOfResidense":"OH"},{"County":"Ashtabula","Sex":"Female","AgeRange":"50-59","DateOfDeath":"2021-02-02","StateOfDeath":"OH","StateOfResidense":"OH"},{"County":"Ashtabula","Sex":"Male","AgeRange":"80+","DateOfDeath":"2021-02-03","StateOfDeath":"OH","StateOfResidense":"OH"},{"County":"Ashtabula","Sex":"Female","AgeRange":"50-59","DateOfDeath":"2021-02-16","StateOfDeath":"OH","StateOfResidense":"OH"},{"County":"Ashtabula","Sex":"Female","AgeRange":"70-79","DateOfDeath":"2021-02-16","StateOfDeath":"OH","StateOfResidense":"OH"},{"County":"Ashtabula","Sex":"Male","AgeRange":"80+","DateOfDeath":"2021-03-02","StateOfDeath":"OH","StateOfResidense":"OH"},{"County":"Ashtabula","Sex":"Male","AgeRange":"60-69","DateOfDeath":"2021-03-03","StateOfDeath":"OH","StateOfResidense":"OH"},{"County":"Ashtabula","Sex":"Male","AgeRange":"80+","DateOfDeath":"2021-03-06","StateOfDeath":"OH","StateOfResidense":"OH"},{"County":"Ashtabula","Sex":"Female","AgeRange":"80+","DateOfDeath":"2021-03-07","StateOfDeath":"OH","StateOfResidense":"OH"},{"County":"Ashtabula","Sex":"Male","AgeRange":"70-79","DateOfDeath":"2021-03-18","StateOfDeath":"OH","StateOfResidense":"OH"},{"County":"Ashtabula","Sex":"Female","AgeRange":"70-79","DateOfDeath":"2021-03-22","StateOfDeath":"OH","StateOfResidense":"OH"},{"County":"Ashtabula","Sex":"Female","AgeRange":"80+","DateOfDeath":"2021-03-25","StateOfDeath":"OH","StateOfResidense":"OH"},{"County":"Ashtabula","Sex":"Male","AgeRange":"80+","DateOfDeath":"2021-05-06","StateOfDeath":"OH","StateOfResidense":"OH"},{"County":"Ashtabula","Sex":"Male","AgeRange":"80+","DateOfDeath":"2021-07-05","StateOfDeath":"OH","StateOfResidense":"NY"},{"County":"Ashtabula","Sex":"Male","AgeRange":"80+","DateOfDeath":"2021-08-11","StateOfDeath":"OH","StateOfResidense":"OH"},{"County":"Ashtabula","Sex":"Male","AgeRange":"80+","DateOfDeath":"2021-08-14","StateOfDeath":"OH","StateOfResidense":"OH"},{"County":"Ashtabula","Sex":"Male","AgeRange":"50-59","DateOfDeath":"2021-08-20","StateOfDeath":"OH","StateOfResidense":"OH"},{"County":"Ashtabula","Sex":"Male","AgeRange":"70-79","DateOfDeath":"2021-08-31","StateOfDeath":"OH","StateOfResidense":"OH"},{"County":"Ashtabula","Sex":"Male","AgeRange":"30-39","DateOfDeath":"2021-09-13","StateOfDeath":"OH","StateOfResidense":"OH"},{"County":"Ashtabula","Sex":"Female","AgeRange":"80+","DateOfDeath":"2021-09-14","StateOfDeath":"OH","StateOfResidense":"OH"},{"County":"Ashtabula","Sex":"Female","AgeRange":"80+","DateOfDeath":"2021-09-15","StateOfDeath":"OH","StateOfResidense":"OH"},{"County":"Ashtabula","Sex":"Male","AgeRange":"40-49","DateOfDeath":"2021-09-16","StateOfDeath":"OH","StateOfResidense":"TX"},{"County":"Ashtabula","Sex":"Male","AgeRange":"50-59","DateOfDeath":"2021-09-19","StateOfDeath":"OH","StateOfResidense":"OH"},{"County":"Ashtabula","Sex":"Male","AgeRange":"40-49","DateOfDeath":"2021-09-24","StateOfDeath":"OH","StateOfResidense":"OH"},{"County":"Ashtabula","Sex":"Male","AgeRange":"70-79","DateOfDeath":"2021-09-28","StateOfDeath":"OH","StateOfResidense":"OH"},{"County":"Ashtabula","Sex":"Male","AgeRange":"40-49","DateOfDeath":"2021-10-03","StateOfDeath":"OH","StateOfResidense":"OH"},{"County":"Ashtabula","Sex":"Male","AgeRange":"50-59","DateOfDeath":"2021-10-06","StateOfDeath":"OH","StateOfResidense":"OH"},{"County":"Ashtabula","Sex":"Female","AgeRange":"70-79","DateOfDeath":"2021-10-07","StateOfDeath":"OH","StateOfResidense":"OH"},{"County":"Ashtabula","Sex":"Male","AgeRange":"80+","DateOfDeath":"2021-10-08","StateOfDeath":"OH","StateOfResidense":"OH"},{"County":"Ashtabula","Sex":"Male","AgeRange":"80+","DateOfDeath":"2021-10-08","StateOfDeath":"OH","StateOfResidense":"OH"},{"County":"Ashtabula","Sex":"Female","AgeRange":"80+","DateOfDeath":"2021-10-12","StateOfDeath":"OH","StateOfResidense":"OH"},{"County":"Ashtabula","Sex":"Male","AgeRange":"30-39","DateOfDeath":"2021-10-13","StateOfDeath":"OH","StateOfResidense":"OH"},{"County":"Ashtabula","Sex":"Male","AgeRange":"80+","DateOfDeath":"2021-10-13","StateOfDeath":"OH","StateOfResidense":"OH"},{"County":"Ashtabula","Sex":"Male","AgeRange":"80+","DateOfDeath":"2021-10-14","StateOfDeath":"OH","StateOfResidense":"OH"},{"County":"Ashtabula","Sex":"Male","AgeRange":"70-79","DateOfDeath":"2021-10-15","StateOfDeath":"OH","StateOfResidense":"OH"},{"County":"Ashtabula","Sex":"Female","AgeRange":"60-69","DateOfDeath":"2021-10-17","StateOfDeath":"OH","StateOfResidense":"OH"},{"County":"Ashtabula","Sex":"Female","AgeRange":"80+","DateOfDeath":"2021-10-17","StateOfDeath":"OH","StateOfResidense":"OH"},{"County":"Ashtabula","Sex":"Male","AgeRange":"80+","DateOfDeath":"2021-10-20","StateOfDeath":"OH","StateOfResidense":"OH"},{"County":"Ashtabula","Sex":"Male","AgeRange":"50-59","DateOfDeath":"2021-10-21","StateOfDeath":"OH","StateOfResidense":"OH"},{"County":"Ashtabula","Sex":"Female","AgeRange":"70-79","DateOfDeath":"2021-10-24","StateOfDeath":"OH","StateOfResidense":"OH"},{"County":"Ashtabula","Sex":"Female","AgeRange":"70-79","DateOfDeath":"2021-10-25","StateOfDeath":"OH","StateOfResidense":"OH"},{"County":"Ashtabula","Sex":"Male","AgeRange":"80+","DateOfDeath":"2021-10-26","StateOfDeath":"OH","StateOfResidense":"OH"},{"County":"Ashtabula","Sex":"Male","AgeRange":"80+","DateOfDeath":"2021-10-31","StateOfDeath":"OH","StateOfResidense":"OH"},{"County":"Ashtabula","Sex":"Male","AgeRange":"80+","DateOfDeath":"2021-11-03","StateOfDeath":"OH","StateOfResidense":"OH"},{"County":"Ashtabula","Sex":"Female","AgeRange":"60-69","DateOfDeath":"2021-11-04","StateOfDeath":"OH","StateOfResidense":"OH"},{"County":"Ashtabula","Sex":"Female","AgeRange":"70-79","DateOfDeath":"2021-11-05","StateOfDeath":"OH","StateOfResidense":"OH"},{"County":"Ashtabula","Sex":"Male","AgeRange":"0-19","DateOfDeath":"2021-11-05","StateOfDeath":"OH","StateOfResidense":"OH"},{"County":"Ashtabula","Sex":"Female","AgeRange":"80+","DateOfDeath":"2021-11-05","StateOfDeath":"OH","StateOfResidense":"OH"},{"County":"Ashtabula","Sex":"Male","AgeRange":"80+","DateOfDeath":"2021-11-10","StateOfDeath":"OH","StateOfResidense":"OH"},{"County":"Ashtabula","Sex":"Female","AgeRange":"80+","DateOfDeath":"2021-11-11","StateOfDeath":"OH","StateOfResidense":"OH"},{"County":"Ashtabula","Sex":"Male","AgeRange":"30-39","DateOfDeath":"2021-11-11","StateOfDeath":"OH","StateOfResidense":"OH"},{"County":"Ashtabula","Sex":"Male","AgeRange":"60-69","DateOfDeath":"2021-11-12","StateOfDeath":"OH","StateOfResidense":"OH"},{"County":"Ashtabula","Sex":"Male","AgeRange":"70-79","DateOfDeath":"2021-11-16","StateOfDeath":"OH","StateOfResidense":"OH"},{"County":"Ashtabula","Sex":"Female","AgeRange":"70-79","DateOfDeath":"2021-11-18","StateOfDeath":"OH","StateOfResidense":"OH"},{"County":"Ashtabula","Sex":"Female","AgeRange":"50-59","DateOfDeath":"2021-11-18","StateOfDeath":"OH","StateOfResidense":"OH"},{"County":"Ashtabula","Sex":"Female","AgeRange":"70-79","DateOfDeath":"2021-11-20","StateOfDeath":"OH","StateOfResidense":"OH"},{"County":"Ashtabula","Sex":"Male","AgeRange":"80+","DateOfDeath":"2021-11-21","StateOfDeath":"OH","StateOfResidense":"OH"},{"County":"Ashtabula","Sex":"Female","AgeRange":"60-69","DateOfDeath":"2021-11-21","StateOfDeath":"OH","StateOfResidense":"OH"},{"County":"Ashtabula","Sex":"Male","AgeRange":"80+","DateOfDeath":"2021-11-22","StateOfDeath":"OH","StateOfResidense":"OH"},{"County":"Ashtabula","Sex":"Male","AgeRange":"80+","DateOfDeath":"2021-11-25","StateOfDeath":"OH","StateOfResidense":"OH"}]