[{"County":"Allen","Sex":"Male","AgeRange":"70-79","DateOfDeath":"2020-11-09","StateOfDeath":"OH","StateOfResidense":"OH"},{"County":"Allen","Sex":"Female","AgeRange":"80+","DateOfDeath":"2020-11-11","StateOfDeath":"OH","StateOfResidense":"OH"},{"County":"Allen","Sex":"Male","AgeRange":"70-79","DateOfDeath":"2020-11-11","StateOfDeath":"OH","StateOfResidense":"OH"},{"County":"Allen","Sex":"Male","AgeRange":"80+","DateOfDeath":"2020-11-12","StateOfDeath":"OH","StateOfResidense":"OH"},{"County":"Van Wert","Sex":"Male","AgeRange":"80+","DateOfDeath":"2020-11-12","StateOfDeath":"OH","StateOfResidense":"OH"},{"County":"Allen","Sex":"Male","AgeRange":"80+","DateOfDeath":"2020-11-13","StateOfDeath":"OH","StateOfResidense":"OH"},{"County":"Van Wert","Sex":"Female","AgeRange":"80+","DateOfDeath":"2020-11-13","StateOfDeath":"OH","StateOfResidense":"OH"},{"County":"Allen","Sex":"Female","AgeRange":"60-69","DateOfDeath":"2020-11-14","StateOfDeath":"OH","StateOfResidense":"OH"},{"County":"Allen","Sex":"Male","AgeRange":"80+","DateOfDeath":"2020-11-14","StateOfDeath":"OH","StateOfResidense":"OH"},{"County":"Allen","Sex":"Male","AgeRange":"70-79","DateOfDeath":"2020-11-14","StateOfDeath":"OH","StateOfResidense":"OH"},{"County":"Allen","Sex":"Male","AgeRange":"70-79","DateOfDeath":"2020-11-15","StateOfDeath":"OH","StateOfResidense":"OH"},{"County":"Van Wert","Sex":"Male","AgeRange":"70-79","DateOfDeath":"2020-11-15","StateOfDeath":"OH","StateOfResidense":"OH"},{"County":"Van Wert","Sex":"Male","AgeRange":"80+","DateOfDeath":"2020-11-15","StateOfDeath":"OH","StateOfResidense":"OH"},{"County":"Allen","Sex":"Female","AgeRange":"80+","DateOfDeath":"2020-11-16","StateOfDeath":"OH","StateOfResidense":"OH"},{"County":"Van Wert","Sex":"Male","AgeRange":"70-79","DateOfDeath":"2020-11-16","StateOfDeath":"OH","StateOfResidense":"OH"},{"County":"Allen","Sex":"Female","AgeRange":"70-79","DateOfDeath":"2020-11-17","StateOfDeath":"OH","StateOfResidense":"OH"},{"County":"Allen","Sex":"Male","AgeRange":"80+","DateOfDeath":"2020-11-17","StateOfDeath":"OH","StateOfResidense":"OH"},{"County":"Allen","Sex":"Female","AgeRange":"70-79","DateOfDeath":"2020-11-17","StateOfDeath":"OH","StateOfResidense":"OH"},{"County":"Allen","Sex":"Male","AgeRange":"70-79","DateOfDeath":"2020-11-18","StateOfDeath":"OH","StateOfResidense":"OH"},{"County":"Van Wert","Sex":"Male","AgeRange":"80+","DateOfDeath":"2020-11-18","StateOfDeath":"OH","StateOfResidense":"OH"},{"County":"Allen","Sex":"Female","AgeRange":"80+","DateOfDeath":"2020-11-18","StateOfDeath":"OH","StateOfResidense":"OH"},{"County":"Van Wert","Sex":"Female","AgeRange":"70-79","DateOfDeath":"2020-11-18","StateOfDeath":"OH","StateOfResidense":"OH"},{"County":"Van Wert","Sex":"Female","AgeRange":"80+","DateOfDeath":"2020-11-18","StateOfDeath":"OH","StateOfResidense":"OH"},{"County":"Allen","Sex":"Female","AgeRange":"60-69","DateOfDeath":"2020-11-19","StateOfDeath":"OH","StateOfResidense":"OH"},{"County":"Allen","Sex":"Female","AgeRange":"80+","DateOfDeath":"2020-11-19","StateOfDeath":"OH","StateOfResidense":"OH"},{"County":"Allen","Sex":"Male","AgeRange":"60-69","DateOfDeath":"2020-11-19","StateOfDeath":"OH","StateOfResidense":"OH"},{"County":"Allen","Sex":"Male","AgeRange":"80+","DateOfDeath":"2020-11-19","StateOfDeath":"OH","StateOfResidense":"OH"},{"County":"Van Wert","Sex":"Female","AgeRange":"80+","DateOfDeath":"2020-11-19","StateOfDeath":"OH","StateOfResidense":"OH"},{"County":"Allen","Sex":"Female","AgeRange":"80+","DateOfDeath":"2020-11-19","StateOfDeath":"OH","StateOfResidense":"OH"},{"County":"Allen","Sex":"Male","AgeRange":"80+","DateOfDeath":"2020-11-19","StateOfDeath":"OH","StateOfResidense":"OH"},{"County":"Van Wert","Sex":"Female","AgeRange":"80+","DateOfDeath":"2020-11-19","StateOfDeath":"OH","StateOfResidense":"OH"},{"County":"Allen","Sex":"Female","AgeRange":"80+","DateOfDeath":"2020-11-20","StateOfDeath":"OH","StateOfResidense":"OH"},{"County":"Allen","Sex":"Male","AgeRange":"80+","DateOfDeath":"2020-11-20","StateOfDeath":"OH","StateOfResidense":"OH"},{"County":"Allen","Sex":"Male","AgeRange":"70-79","DateOfDeath":"2020-11-20","StateOfDeath":"OH","StateOfResidense":"OH"},{"County":"Allen","Sex":"Male","AgeRange":"80+","DateOfDeath":"2020-11-21","StateOfDeath":"OH","StateOfResidense":"OH"},{"County":"Van Wert","Sex":"Female","AgeRange":"80+","DateOfDeath":"2020-11-21","StateOfDeath":"OH","StateOfResidense":"OH"},{"County":"Allen","Sex":"Female","AgeRange":"70-79","DateOfDeath":"2020-11-21","StateOfDeath":"OH","StateOfResidense":"OH"},{"County":"Allen","Sex":"Male","AgeRange":"80+","DateOfDeath":"2020-11-21","StateOfDeath":"OH","StateOfResidense":"OH"},{"County":"Van Wert","Sex":"Male","AgeRange":"60-69","DateOfDeath":"2020-11-21","StateOfDeath":"OH","StateOfResidense":"OH"},{"County":"Van Wert","Sex":"Female","AgeRange":"80+","DateOfDeath":"2020-11-21","StateOfDeath":"OH","StateOfResidense":"OH"},{"County":"Van Wert","Sex":"Male","AgeRange":"80+","DateOfDeath":"2020-11-21","StateOfDeath":"OH","StateOfResidense":"OH"},{"County":"Allen","Sex":"Female","AgeRange":"80+","DateOfDeath":"2020-11-22","StateOfDeath":"OH","StateOfResidense":"OH"},{"County":"Allen","Sex":"Male","AgeRange":"80+","DateOfDeath":"2020-11-22","StateOfDeath":"OH","StateOfResidense":"OH"},{"County":"Allen","Sex":"Female","AgeRange":"80+","DateOfDeath":"2020-11-22","StateOfDeath":"OH","StateOfResidense":"OH"},{"County":"Allen","Sex":"Female","AgeRange":"80+","DateOfDeath":"2020-11-22","StateOfDeath":"OH","StateOfResidense":"OH"},{"County":"Allen","Sex":"Male","AgeRange":"80+","DateOfDeath":"2020-11-22","StateOfDeath":"OH","StateOfResidense":"OH"},{"County":"Van Wert","Sex":"Female","AgeRange":"80+","DateOfDeath":"2020-11-22","StateOfDeath":"OH","StateOfResidense":"OH"},{"County":"Van Wert","Sex":"Male","AgeRange":"80+","DateOfDeath":"2020-11-22","StateOfDeath":"OH","StateOfResidense":"OH"},{"County":"Allen","Sex":"Female","AgeRange":"80+","DateOfDeath":"2020-11-23","StateOfDeath":"OH","StateOfResidense":"OH"},{"County":"Allen","Sex":"Male","AgeRange":"80+","DateOfDeath":"2020-11-23","StateOfDeath":"OH","StateOfResidense":"OH"},{"County":"Allen","Sex":"Male","AgeRange":"80+","DateOfDeath":"2020-11-23","StateOfDeath":"OH","StateOfResidense":"OH"},{"County":"Allen","Sex":"Female","AgeRange":"50-59","DateOfDeath":"2020-11-23","StateOfDeath":"OH","StateOfResidense":"OH"},{"County":"Allen","Sex":"Female","AgeRange":"70-79","DateOfDeath":"2020-11-23","StateOfDeath":"OH","StateOfResidense":"OH"},{"County":"Van Wert","Sex":"Male","AgeRange":"70-79","DateOfDeath":"2020-11-23","StateOfDeath":"OH","StateOfResidense":"OH"},{"County":"Allen","Sex":"Male","AgeRange":"50-59","DateOfDeath":"2020-11-24","StateOfDeath":"OH","StateOfResidense":"OH"},{"County":"Van Wert","Sex":"Male","AgeRange":"80+","DateOfDeath":"2020-11-24","StateOfDeath":"OH","StateOfResidense":"OH"},{"County":"Van Wert","Sex":"Male","AgeRange":"80+","DateOfDeath":"2020-11-24","StateOfDeath":"OH","StateOfResidense":"OH"},{"County":"Allen","Sex":"Female","AgeRange":"80+","DateOfDeath":"2020-11-25","StateOfDeath":"OH","StateOfResidense":"OH"},{"County":"Allen","Sex":"Male","AgeRange":"60-69","DateOfDeath":"2020-11-25","StateOfDeath":"OH","StateOfResidense":"OH"},{"County":"Allen","Sex":"Male","AgeRange":"80+","DateOfDeath":"2020-11-25","StateOfDeath":"OH","StateOfResidense":"OH"},{"County":"Allen","Sex":"Female","AgeRange":"60-69","DateOfDeath":"2020-11-25","StateOfDeath":"OH","StateOfResidense":"OH"},{"County":"Allen","Sex":"Male","AgeRange":"80+","DateOfDeath":"2020-11-25","StateOfDeath":"OH","StateOfResidense":"OH"},{"County":"Allen","Sex":"Female","AgeRange":"80+","DateOfDeath":"2020-11-25","StateOfDeath":"OH","StateOfResidense":"OH"},{"County":"Allen","Sex":"Female","AgeRange":"80+","DateOfDeath":"2020-11-26","StateOfDeath":"OH","StateOfResidense":"OH"},{"County":"Van Wert","Sex":"Female","AgeRange":"80+","DateOfDeath":"2020-11-26","StateOfDeath":"OH","StateOfResidense":"OH"},{"County":"Allen","Sex":"Female","AgeRange":"70-79","DateOfDeath":"2020-11-27","StateOfDeath":"OH","StateOfResidense":"OH"},{"County":"Allen","Sex":"Male","AgeRange":"60-69","DateOfDeath":"2020-11-27","StateOfDeath":"OH","StateOfResidense":"OH"},{"County":"Van Wert","Sex":"Female","AgeRange":"80+","DateOfDeath":"2020-11-28","StateOfDeath":"OH","StateOfResidense":"OH"},{"County":"Van Wert","Sex":"Male","AgeRange":"30-39","DateOfDeath":"2020-11-28","StateOfDeath":"OH","StateOfResidense":"OH"},{"County":"Van Wert","Sex":"Female","AgeRange":"80+","DateOfDeath":"2020-11-28","StateOfDeath":"OH","StateOfResidense":"OH"},{"County":"Allen","Sex":"Female","AgeRange":"80+","DateOfDeath":"2020-11-29","StateOfDeath":"OH","StateOfResidense":"OH"},{"County":"Allen","Sex":"Male","AgeRange":"60-69","DateOfDeath":"2020-11-29","StateOfDeath":"OH","StateOfResidense":"OH"},{"County":"Allen","Sex":"Male","AgeRange":"70-79","DateOfDeath":"2020-11-29","StateOfDeath":"OH","StateOfResidense":"OH"},{"County":"Allen","Sex":"Male","AgeRange":"80+","DateOfDeath":"2020-11-29","StateOfDeath":"OH","StateOfResidense":"OH"},{"County":"Allen","Sex":"Male","AgeRange":"60-69","DateOfDeath":"2020-11-29","StateOfDeath":"OH","StateOfResidense":"OH"},{"County":"Van Wert","Sex":"Male","AgeRange":"60-69","DateOfDeath":"2020-11-29","StateOfDeath":"OH","StateOfResidense":"OH"},{"County":"Van Wert","Sex":"Male","AgeRange":"70-79","DateOfDeath":"2020-11-29","StateOfDeath":"OH","StateOfResidense":"OH"},{"County":"Van Wert","Sex":"Male","AgeRange":"80+","DateOfDeath":"2020-11-29","StateOfDeath":"OH","StateOfResidense":"OH"},{"County":"Allen","Sex":"Female","AgeRange":"80+","DateOfDeath":"2020-11-30","StateOfDeath":"OH","StateOfResidense":"OH"},{"County":"Allen","Sex":"Male","AgeRange":"60-69","DateOfDeath":"2020-11-30","StateOfDeath":"OH","StateOfResidense":"OH"},{"County":"Allen","Sex":"Male","AgeRange":"70-79","DateOfDeath":"2020-11-30","StateOfDeath":"OH","StateOfResidense":"OH"},{"County":"Van Wert","Sex":"Female","AgeRange":"70-79","DateOfDeath":"2020-11-30","StateOfDeath":"OH","StateOfResidense":"OH"},{"County":"Allen","Sex":"Female","AgeRange":"50-59","DateOfDeath":"2020-12-01","StateOfDeath":"OH","StateOfResidense":"OH"},{"County":"Allen","Sex":"Male","AgeRange":"70-79","DateOfDeath":"2020-12-02","StateOfDeath":"OH","StateOfResidense":"OH"},{"County":"Allen","Sex":"Male","AgeRange":"80+","DateOfDeath":"2020-12-02","StateOfDeath":"OH","StateOfResidense":"OH"},{"County":"Van Wert","Sex":"Female","AgeRange":"80+","DateOfDeath":"2020-12-02","StateOfDeath":"OH","StateOfResidense":"OH"},{"County":"Allen","Sex":"Male","AgeRange":"80+","DateOfDeath":"2020-12-02","StateOfDeath":"OH","StateOfResidense":"OH"},{"County":"Allen","Sex":"Female","AgeRange":"80+","DateOfDeath":"2020-12-02","StateOfDeath":"OH","StateOfResidense":"OH"},{"County":"Allen","Sex":"Male","AgeRange":"70-79","DateOfDeath":"2020-12-03","StateOfDeath":"OH","StateOfResidense":"OH"},{"County":"Allen","Sex":"Male","AgeRange":"80+","DateOfDeath":"2020-12-03","StateOfDeath":"OH","StateOfResidense":"OH"},{"County":"Allen","Sex":"Male","AgeRange":"50-59","DateOfDeath":"2020-12-03","StateOfDeath":"OH","StateOfResidense":"OH"},{"County":"Allen","Sex":"Female","AgeRange":"70-79","DateOfDeath":"2020-12-03","StateOfDeath":"OH","StateOfResidense":"OH"},{"County":"Van Wert","Sex":"Male","AgeRange":"80+","DateOfDeath":"2020-12-03","StateOfDeath":"OH","StateOfResidense":"OH"},{"County":"Allen","Sex":"Female","AgeRange":"40-49","DateOfDeath":"2020-12-04","StateOfDeath":"OH","StateOfResidense":"OH"},{"County":"Allen","Sex":"Female","AgeRange":"80+","DateOfDeath":"2020-12-04","StateOfDeath":"OH","StateOfResidense":"OH"},{"County":"Allen","Sex":"Male","AgeRange":"80+","DateOfDeath":"2020-12-04","StateOfDeath":"OH","StateOfResidense":"OH"},{"County":"Van Wert","Sex":"Male","AgeRange":"80+","DateOfDeath":"2020-12-04","StateOfDeath":"OH","StateOfResidense":"OH"},{"County":"Allen","Sex":"Male","AgeRange":"80+","DateOfDeath":"2020-12-05","StateOfDeath":"OH","StateOfResidense":"IN"},{"County":"Allen","Sex":"Male","AgeRange":"80+","DateOfDeath":"2020-12-05","StateOfDeath":"OH","StateOfResidense":"OH"},{"County":"Allen","Sex":"Female","AgeRange":"70-79","DateOfDeath":"2020-12-06","StateOfDeath":"OH","StateOfResidense":"OH"},{"County":"Allen","Sex":"Female","AgeRange":"80+","DateOfDeath":"2020-12-06","StateOfDeath":"OH","StateOfResidense":"OH"},{"County":"Allen","Sex":"Male","AgeRange":"50-59","DateOfDeath":"2020-12-06","StateOfDeath":"OH","StateOfResidense":"NM"},{"County":"Allen","Sex":"Male","AgeRange":"60-69","DateOfDeath":"2020-12-06","StateOfDeath":"OH","StateOfResidense":"OH"},{"County":"Allen","Sex":"Female","AgeRange":"60-69","DateOfDeath":"2020-12-06","StateOfDeath":"OH","StateOfResidense":"OH"},{"County":"Allen","Sex":"Female","AgeRange":"80+","DateOfDeath":"2020-12-07","StateOfDeath":"OH","StateOfResidense":"OH"},{"County":"Allen","Sex":"Male","AgeRange":"70-79","DateOfDeath":"2020-12-07","StateOfDeath":"OH","StateOfResidense":"OH"},{"County":"Allen","Sex":"Male","AgeRange":"80+","DateOfDeath":"2020-12-07","StateOfDeath":"OH","StateOfResidense":"OH"},{"County":"Allen","Sex":"Male","AgeRange":"80+","DateOfDeath":"2020-12-07","StateOfDeath":"OH","StateOfResidense":"OH"},{"County":"Allen","Sex":"Female","AgeRange":"80+","DateOfDeath":"2020-12-07","StateOfDeath":"OH","StateOfResidense":"PA"},{"County":"Allen","Sex":"Female","AgeRange":"70-79","DateOfDeath":"2020-12-08","StateOfDeath":"OH","StateOfResidense":"OH"},{"County":"Allen","Sex":"Female","AgeRange":"80+","DateOfDeath":"2020-12-08","StateOfDeath":"OH","StateOfResidense":"OH"},{"County":"Allen","Sex":"Male","AgeRange":"80+","DateOfDeath":"2020-12-08","StateOfDeath":"OH","StateOfResidense":"FL"},{"County":"Allen","Sex":"Female","AgeRange":"70-79","DateOfDeath":"2020-12-08","StateOfDeath":"OH","StateOfResidense":"OH"},{"County":"Allen","Sex":"Female","AgeRange":"80+","DateOfDeath":"2020-12-09","StateOfDeath":"OH","StateOfResidense":"OH"},{"County":"Allen","Sex":"Female","AgeRange":"80+","DateOfDeath":"2020-12-09","StateOfDeath":"OH","StateOfResidense":"OH"},{"County":"Allen","Sex":"Male","AgeRange":"70-79","DateOfDeath":"2020-12-10","StateOfDeath":"OH","StateOfResidense":"OH"},{"County":"Allen","Sex":"Male","AgeRange":"80+","DateOfDeath":"2020-12-11","StateOfDeath":"OH","StateOfResidense":"OH"},{"County":"Allen","Sex":"Male","AgeRange":"80+","DateOfDeath":"2020-12-11","StateOfDeath":"OH","StateOfResidense":"OH"},{"County":"Allen","Sex":"Male","AgeRange":"70-79","DateOfDeath":"2020-12-11","StateOfDeath":"OH","StateOfResidense":"OH"},{"County":"Allen","Sex":"Female","AgeRange":"70-79","DateOfDeath":"2020-12-12","StateOfDeath":"OH","StateOfResidense":"OH"},{"County":"Allen","Sex":"Male","AgeRange":"80+","DateOfDeath":"2020-12-12","StateOfDeath":"OH","StateOfResidense":"OH"},{"County":"Allen","Sex":"Female","AgeRange":"50-59","DateOfDeath":"2020-12-12","StateOfDeath":"OH","StateOfResidense":"OH"},{"County":"Allen","Sex":"Male","AgeRange":"60-69","DateOfDeath":"2020-12-13","StateOfDeath":"OH","StateOfResidense":"OH"},{"County":"Allen","Sex":"Male","AgeRange":"70-79","DateOfDeath":"2020-12-13","StateOfDeath":"OH","StateOfResidense":"OH"},{"County":"Allen","Sex":"Male","AgeRange":"60-69","DateOfDeath":"2020-12-14","StateOfDeath":"OH","StateOfResidense":"OH"},{"County":"Allen","Sex":"Male","AgeRange":"80+","DateOfDeath":"2020-12-14","StateOfDeath":"OH","StateOfResidense":"OH"},{"County":"Allen","Sex":"Male","AgeRange":"80+","DateOfDeath":"2020-12-14","StateOfDeath":"OH","StateOfResidense":"OH"},{"County":"Allen","Sex":"Male","AgeRange":"80+","DateOfDeath":"2020-12-15","StateOfDeath":"OH","StateOfResidense":"OH"},{"County":"Allen","Sex":"Female","AgeRange":"70-79","DateOfDeath":"2020-12-15","StateOfDeath":"OH","StateOfResidense":"OH"},{"County":"Allen","Sex":"Female","AgeRange":"80+","DateOfDeath":"2020-12-16","StateOfDeath":"OH","StateOfResidense":"OH"},{"County":"Allen","Sex":"Male","AgeRange":"50-59","DateOfDeath":"2020-12-16","StateOfDeath":"OH","StateOfResidense":"OH"},{"County":"Allen","Sex":"Female","AgeRange":"70-79","DateOfDeath":"2020-12-17","StateOfDeath":"OH","StateOfResidense":"OH"},{"County":"Allen","Sex":"Female","AgeRange":"80+","DateOfDeath":"2020-12-17","StateOfDeath":"OH","StateOfResidense":"OH"},{"County":"Allen","Sex":"Male","AgeRange":"80+","DateOfDeath":"2020-12-17","StateOfDeath":"OH","StateOfResidense":"OH"},{"County":"Allen","Sex":"Female","AgeRange":"80+","DateOfDeath":"2020-12-18","StateOfDeath":"OH","StateOfResidense":"OH"},{"County":"Allen","Sex":"Male","AgeRange":"80+","DateOfDeath":"2020-12-18","StateOfDeath":"OH","StateOfResidense":"OH"},{"County":"Allen","Sex":"Female","AgeRange":"70-79","DateOfDeath":"2020-12-19","StateOfDeath":"OH","StateOfResidense":"OH"},{"County":"Allen","Sex":"Male","AgeRange":"70-79","DateOfDeath":"2020-12-19","StateOfDeath":"OH","StateOfResidense":"OH"},{"County":"Allen","Sex":"Female","AgeRange":"80+","DateOfDeath":"2020-12-19","StateOfDeath":"OH","StateOfResidense":"OH"},{"County":"Allen","Sex":"Male","AgeRange":"80+","DateOfDeath":"2020-12-19","StateOfDeath":"OH","StateOfResidense":"OH"},{"County":"Allen","Sex":"Male","AgeRange":"80+","DateOfDeath":"2020-12-20","StateOfDeath":"OH","StateOfResidense":"OH"},{"County":"Allen","Sex":"Male","AgeRange":"80+","DateOfDeath":"2020-12-20","StateOfDeath":"OH","StateOfResidense":"OH"},{"County":"Allen","Sex":"Male","AgeRange":"70-79","DateOfDeath":"2020-12-21","StateOfDeath":"OH","StateOfResidense":"OH"},{"County":"Allen","Sex":"Female","AgeRange":"70-79","DateOfDeath":"2020-12-21","StateOfDeath":"OH","StateOfResidense":"OH"},{"County":"Allen","Sex":"Male","AgeRange":"80+","DateOfDeath":"2020-12-21","StateOfDeath":"OH","StateOfResidense":"OH"},{"County":"Van Wert","Sex":"Female","AgeRange":"80+","DateOfDeath":"2020-12-21","StateOfDeath":"OH","StateOfResidense":"OH"},{"County":"Allen","Sex":"Female","AgeRange":"50-59","DateOfDeath":"2020-12-22","StateOfDeath":"OH","StateOfResidense":"OH"},{"County":"Allen","Sex":"Female","AgeRange":"70-79","DateOfDeath":"2020-12-22","StateOfDeath":"OH","StateOfResidense":"OH"},{"County":"Allen","Sex":"Male","AgeRange":"60-69","DateOfDeath":"2020-12-22","StateOfDeath":"OH","StateOfResidense":"OH"},{"County":"Allen","Sex":"Female","AgeRange":"80+","DateOfDeath":"2020-12-22","StateOfDeath":"OH","StateOfResidense":"OH"},{"County":"Allen","Sex":"Male","AgeRange":"50-59","DateOfDeath":"2020-12-22","StateOfDeath":"OH","StateOfResidense":"OH"},{"County":"Allen","Sex":"Male","AgeRange":"60-69","DateOfDeath":"2020-12-23","StateOfDeath":"OH","StateOfResidense":"OH"},{"County":"Allen","Sex":"Male","AgeRange":"80+","DateOfDeath":"2020-12-23","StateOfDeath":"OH","StateOfResidense":"OH"},{"County":"Allen","Sex":"Female","AgeRange":"80+","DateOfDeath":"2020-12-24","StateOfDeath":"OH","StateOfResidense":"OH"},{"County":"Allen","Sex":"Male","AgeRange":"70-79","DateOfDeath":"2020-12-24","StateOfDeath":"OH","StateOfResidense":"OH"},{"County":"Allen","Sex":"Male","AgeRange":"80+","DateOfDeath":"2020-12-24","StateOfDeath":"OH","StateOfResidense":"OH"},{"County":"Allen","Sex":"Male","AgeRange":"80+","DateOfDeath":"2020-12-25","StateOfDeath":"OH","StateOfResidense":"OH"},{"County":"Van Wert","Sex":"Female","AgeRange":"80+","DateOfDeath":"2020-12-25","StateOfDeath":"OH","StateOfResidense":"OH"},{"County":"Allen","Sex":"Female","AgeRange":"80+","DateOfDeath":"2020-12-26","StateOfDeath":"OH","StateOfResidense":"OH"},{"County":"Allen","Sex":"Female","AgeRange":"80+","DateOfDeath":"2020-12-26","StateOfDeath":"OH","StateOfResidense":"OH"},{"County":"Allen","Sex":"Male","AgeRange":"80+","DateOfDeath":"2020-12-27","StateOfDeath":"OH","StateOfResidense":"OH"},{"County":"Allen","Sex":"Female","AgeRange":"70-79","DateOfDeath":"2020-12-28","StateOfDeath":"OH","StateOfResidense":"OH"},{"County":"Allen","Sex":"Female","AgeRange":"50-59","DateOfDeath":"2020-12-28","StateOfDeath":"OH","StateOfResidense":"OH"},{"County":"Allen","Sex":"Male","AgeRange":"80+","DateOfDeath":"2020-12-29","StateOfDeath":"OH","StateOfResidense":"OH"},{"County":"Allen","Sex":"Female","AgeRange":"80+","DateOfDeath":"2020-12-30","StateOfDeath":"OH","StateOfResidense":"OH"},{"County":"Allen","Sex":"Male","AgeRange":"60-69","DateOfDeath":"2020-12-30","StateOfDeath":"OH","StateOfResidense":"OH"},{"County":"Allen","Sex":"Male","AgeRange":"80+","DateOfDeath":"2020-12-30","StateOfDeath":"OH","StateOfResidense":"OH"},{"County":"Van Wert","Sex":"Female","AgeRange":"80+","DateOfDeath":"2020-12-30","StateOfDeath":"OH","StateOfResidense":"OH"},{"County":"Allen","Sex":"Female","AgeRange":"70-79","DateOfDeath":"2020-12-31","StateOfDeath":"OH","StateOfResidense":"OH"},{"County":"Allen","Sex":"Male","AgeRange":"30-39","DateOfDeath":"2020-12-31","StateOfDeath":"OH","StateOfResidense":"OH"},{"County":"Allen","Sex":"Male","AgeRange":"40-49","DateOfDeath":"2020-12-31","StateOfDeath":"OH","StateOfResidense":"OH"},{"County":"Allen","Sex":"Male","AgeRange":"70-79","DateOfDeath":"2021-01-01","StateOfDeath":"OH","StateOfResidense":"OH"},{"County":"Allen","Sex":"Male","AgeRange":"80+","DateOfDeath":"2021-01-01","StateOfDeath":"OH","StateOfResidense":"OH"},{"County":"Van Wert","Sex":"Female","AgeRange":"70-79","DateOfDeath":"2021-01-01","StateOfDeath":"OH","StateOfResidense":"OH"},{"County":"Allen","Sex":"Female","AgeRange":"80+","DateOfDeath":"2021-01-02","StateOfDeath":"OH","StateOfResidense":"OH"},{"County":"Allen","Sex":"Female","AgeRange":"80+","DateOfDeath":"2021-01-02","StateOfDeath":"OH","StateOfResidense":"OH"},{"County":"Allen","Sex":"Male","AgeRange":"80+","DateOfDeath":"2021-01-04","StateOfDeath":"OH","StateOfResidense":"OH"},{"County":"Allen","Sex":"Male","AgeRange":"70-79","DateOfDeath":"2021-01-04","StateOfDeath":"OH","StateOfResidense":"OH"},{"County":"Allen","Sex":"Female","AgeRange":"80+","DateOfDeath":"2021-01-04","StateOfDeath":"OH","StateOfResidense":"OH"},{"County":"Allen","Sex":"Male","AgeRange":"80+","DateOfDeath":"2021-01-04","StateOfDeath":"OH","StateOfResidense":"OH"},{"County":"Allen","Sex":"Female","AgeRange":"40-49","DateOfDeath":"2021-01-05","StateOfDeath":"OH","StateOfResidense":"OH"},{"County":"Allen","Sex":"Female","AgeRange":"60-69","DateOfDeath":"2021-01-05","StateOfDeath":"OH","StateOfResidense":"OH"},{"County":"Allen","Sex":"Female","AgeRange":"80+","DateOfDeath":"2021-01-05","StateOfDeath":"OH","StateOfResidense":"OH"},{"County":"Allen","Sex":"Male","AgeRange":"80+","DateOfDeath":"2021-01-05","StateOfDeath":"OH","StateOfResidense":"OH"},{"County":"Allen","Sex":"Male","AgeRange":"80+","DateOfDeath":"2021-01-06","StateOfDeath":"OH","StateOfResidense":"OH"},{"County":"Allen","Sex":"Female","AgeRange":"80+","DateOfDeath":"2021-01-08","StateOfDeath":"OH","StateOfResidense":"OH"},{"County":"Allen","Sex":"Male","AgeRange":"70-79","DateOfDeath":"2021-01-08","StateOfDeath":"OH","StateOfResidense":"OH"},{"County":"Allen","Sex":"Male","AgeRange":"60-69","DateOfDeath":"2021-01-08","StateOfDeath":"OH","StateOfResidense":"OH"},{"County":"Allen","Sex":"Female","AgeRange":"80+","DateOfDeath":"2021-01-09","StateOfDeath":"OH","StateOfResidense":"OH"},{"County":"Allen","Sex":"Male","AgeRange":"70-79","DateOfDeath":"2021-01-09","StateOfDeath":"OH","StateOfResidense":"OH"},{"County":"Allen","Sex":"Female","AgeRange":"80+","DateOfDeath":"2021-01-10","StateOfDeath":"OH","StateOfResidense":"OH"},{"County":"Allen","Sex":"Male","AgeRange":"80+","DateOfDeath":"2021-01-11","StateOfDeath":"OH","StateOfResidense":"OH"},{"County":"Allen","Sex":"Male","AgeRange":"70-79","DateOfDeath":"2021-01-11","StateOfDeath":"OH","StateOfResidense":"OH"},{"County":"Allen","Sex":"Male","AgeRange":"80+","DateOfDeath":"2021-01-12","StateOfDeath":"OH","StateOfResidense":"OH"},{"County":"Allen","Sex":"Male","AgeRange":"80+","DateOfDeath":"2021-01-12","StateOfDeath":"OH","StateOfResidense":"OH"},{"County":"Allen","Sex":"Female","AgeRange":"80+","DateOfDeath":"2021-01-13","StateOfDeath":"OH","StateOfResidense":"OH"},{"County":"Allen","Sex":"Male","AgeRange":"70-79","DateOfDeath":"2021-01-13","StateOfDeath":"OH","StateOfResidense":"OH"},{"County":"Allen","Sex":"Male","AgeRange":"80+","DateOfDeath":"2021-01-13","StateOfDeath":"OH","StateOfResidense":"OH"},{"County":"Allen","Sex":"Female","AgeRange":"70-79","DateOfDeath":"2021-01-15","StateOfDeath":"OH","StateOfResidense":"OH"},{"County":"Van Wert","Sex":"Male","AgeRange":"60-69","DateOfDeath":"2021-01-15","StateOfDeath":"OH","StateOfResidense":"OH"},{"County":"Allen","Sex":"Male","AgeRange":"70-79","DateOfDeath":"2021-01-16","StateOfDeath":"OH","StateOfResidense":"OH"},{"County":"Allen","Sex":"Female","AgeRange":"70-79","DateOfDeath":"2021-01-16","StateOfDeath":"OH","StateOfResidense":"OH"},{"County":"Allen","Sex":"Male","AgeRange":"70-79","DateOfDeath":"2021-01-17","StateOfDeath":"OH","StateOfResidense":"OH"},{"County":"Allen","Sex":"Male","AgeRange":"70-79","DateOfDeath":"2021-01-18","StateOfDeath":"OH","StateOfResidense":"OH"},{"County":"Allen","Sex":"Female","AgeRange":"70-79","DateOfDeath":"2021-01-19","StateOfDeath":"OH","StateOfResidense":"OH"},{"County":"Allen","Sex":"Female","AgeRange":"80+","DateOfDeath":"2021-01-19","StateOfDeath":"OH","StateOfResidense":"OH"},{"County":"Allen","Sex":"Male","AgeRange":"80+","DateOfDeath":"2021-01-23","StateOfDeath":"OH","StateOfResidense":"OH"},{"County":"Van Wert","Sex":"Male","AgeRange":"80+","DateOfDeath":"2021-01-23","StateOfDeath":"OH","StateOfResidense":"OH"},{"County":"Allen","Sex":"Female","AgeRange":"70-79","DateOfDeath":"2021-01-24","StateOfDeath":"OH","StateOfResidense":"OH"},{"County":"Allen","Sex":"Female","AgeRange":"80+","DateOfDeath":"2021-01-24","StateOfDeath":"OH","StateOfResidense":"OH"},{"County":"Allen","Sex":"Female","AgeRange":"50-59","DateOfDeath":"2021-01-25","StateOfDeath":"OH","StateOfResidense":"OH"},{"County":"Allen","Sex":"Female","AgeRange":"70-79","DateOfDeath":"2021-01-25","StateOfDeath":"OH","StateOfResidense":"OH"},{"County":"Allen","Sex":"Male","AgeRange":"70-79","DateOfDeath":"2021-01-25","StateOfDeath":"OH","StateOfResidense":"OH"},{"County":"Allen","Sex":"Female","AgeRange":"70-79","DateOfDeath":"2021-01-26","StateOfDeath":"OH","StateOfResidense":"OH"},{"County":"Allen","Sex":"Male","AgeRange":"50-59","DateOfDeath":"2021-01-26","StateOfDeath":"OH","StateOfResidense":"OH"},{"County":"Allen","Sex":"Male","AgeRange":"70-79","DateOfDeath":"2021-01-26","StateOfDeath":"OH","StateOfResidense":"OH"},{"County":"Allen","Sex":"Female","AgeRange":"70-79","DateOfDeath":"2021-01-29","StateOfDeath":"OH","StateOfResidense":"OH"},{"County":"Allen","Sex":"Female","AgeRange":"80+","DateOfDeath":"2021-01-29","StateOfDeath":"OH","StateOfResidense":"OH"},{"County":"Allen","Sex":"Male","AgeRange":"80+","DateOfDeath":"2021-01-29","StateOfDeath":"OH","StateOfResidense":"OH"},{"County":"Allen","Sex":"Male","AgeRange":"60-69","DateOfDeath":"2021-01-31","StateOfDeath":"OH","StateOfResidense":"OH"},{"County":"Allen","Sex":"Male","AgeRange":"70-79","DateOfDeath":"2021-02-02","StateOfDeath":"OH","StateOfResidense":"OH"},{"County":"Allen","Sex":"Female","AgeRange":"80+","DateOfDeath":"2021-02-02","StateOfDeath":"OH","StateOfResidense":"OH"},{"County":"Allen","Sex":"Female","AgeRange":"70-79","DateOfDeath":"2021-02-03","StateOfDeath":"OH","StateOfResidense":"OH"},{"County":"Allen","Sex":"Male","AgeRange":"80+","DateOfDeath":"2021-02-03","StateOfDeath":"OH","StateOfResidense":"OH"},{"County":"Allen","Sex":"Female","AgeRange":"80+","DateOfDeath":"2021-02-03","StateOfDeath":"OH","StateOfResidense":"OH"},{"County":"Allen","Sex":"Male","AgeRange":"80+","DateOfDeath":"2021-02-03","StateOfDeath":"OH","StateOfResidense":"OH"},{"County":"Allen","Sex":"Female","AgeRange":"80+","DateOfDeath":"2021-02-04","StateOfDeath":"OH","StateOfResidense":"OH"},{"County":"Allen","Sex":"Female","AgeRange":"80+","DateOfDeath":"2021-02-07","StateOfDeath":"OH","StateOfResidense":"OH"},{"County":"Allen","Sex":"Female","AgeRange":"80+","DateOfDeath":"2021-02-08","StateOfDeath":"OH","StateOfResidense":"OH"},{"County":"Allen","Sex":"Female","AgeRange":"50-59","DateOfDeath":"2021-02-10","StateOfDeath":"OH","StateOfResidense":"OH"},{"County":"Allen","Sex":"Male","AgeRange":"60-69","DateOfDeath":"2021-02-11","StateOfDeath":"OH","StateOfResidense":"OH"},{"County":"Allen","Sex":"Female","AgeRange":"60-69","DateOfDeath":"2021-02-15","StateOfDeath":"OH","StateOfResidense":"OH"},{"County":"Allen","Sex":"Male","AgeRange":"60-69","DateOfDeath":"2021-02-17","StateOfDeath":"OH","StateOfResidense":"OH"},{"County":"Allen","Sex":"Male","AgeRange":"80+","DateOfDeath":"2021-02-17","StateOfDeath":"OH","StateOfResidense":"OH"},{"County":"Allen","Sex":"Female","AgeRange":"80+","DateOfDeath":"2021-02-18","StateOfDeath":"OH","StateOfResidense":"OH"},{"County":"Allen","Sex":"Male","AgeRange":"70-79","DateOfDeath":"2021-02-24","StateOfDeath":"OH","StateOfResidense":"OH"},{"County":"Allen","Sex":"Male","AgeRange":"60-69","DateOfDeath":"2021-02-25","StateOfDeath":"OH","StateOfResidense":"OH"},{"County":"Allen","Sex":"Male","AgeRange":"80+","DateOfDeath":"2021-02-25","StateOfDeath":"OH","StateOfResidense":"OH"},{"County":"Allen","Sex":"Male","AgeRange":"70-79","DateOfDeath":"2021-02-25","StateOfDeath":"OH","StateOfResidense":"OH"},{"County":"Allen","Sex":"Female","AgeRange":"80+","DateOfDeath":"2021-03-01","StateOfDeath":"OH","StateOfResidense":"OH"},{"County":"Allen","Sex":"Female","AgeRange":"60-69","DateOfDeath":"2021-03-03","StateOfDeath":"OH","StateOfResidense":"OH"},{"County":"Allen","Sex":"Female","AgeRange":"60-69","DateOfDeath":"2021-03-08","StateOfDeath":"OH","StateOfResidense":"OH"},{"County":"Allen","Sex":"Female","AgeRange":"60-69","DateOfDeath":"2021-03-11","StateOfDeath":"OH","StateOfResidense":"OH"},{"County":"Allen","Sex":"Female","AgeRange":"40-49","DateOfDeath":"2021-03-12","StateOfDeath":"OH","StateOfResidense":"OH"},{"County":"Allen","Sex":"Male","AgeRange":"80+","DateOfDeath":"2021-03-22","StateOfDeath":"OH","StateOfResidense":"OH"},{"County":"Allen","Sex":"Male","AgeRange":"80+","DateOfDeath":"2021-03-25","StateOfDeath":"OH","StateOfResidense":"OH"},{"County":"Allen","Sex":"Male","AgeRange":"80+","DateOfDeath":"2021-04-07","StateOfDeath":"OH","StateOfResidense":"OH"},{"County":"Allen","Sex":"Female","AgeRange":"60-69","DateOfDeath":"2021-04-20","StateOfDeath":"OH","StateOfResidense":"OH"},{"County":"Allen","Sex":"Male","AgeRange":"70-79","DateOfDeath":"2021-04-21","StateOfDeath":"OH","StateOfResidense":"OH"},{"County":"Allen","Sex":"Male","AgeRange":"70-79","DateOfDeath":"2021-04-23","StateOfDeath":"OH","StateOfResidense":"OH"},{"County":"Allen","Sex":"Male","AgeRange":"70-79","DateOfDeath":"2021-04-24","StateOfDeath":"OH","StateOfResidense":"OH"},{"County":"Allen","Sex":"Male","AgeRange":"40-49","DateOfDeath":"2021-04-27","StateOfDeath":"OH","StateOfResidense":"OH"},{"County":"Van Wert","Sex":"Male","AgeRange":"70-79","DateOfDeath":"2021-04-28","StateOfDeath":"OH","StateOfResidense":"OH"},{"County":"Allen","Sex":"Female","AgeRange":"80+","DateOfDeath":"2021-05-01","StateOfDeath":"OH","StateOfResidense":"OH"},{"County":"Allen","Sex":"Male","AgeRange":"60-69","DateOfDeath":"2021-05-02","StateOfDeath":"OH","StateOfResidense":"OH"},{"County":"Allen","Sex":"Male","AgeRange":"70-79","DateOfDeath":"2021-05-05","StateOfDeath":"OH","StateOfResidense":"OH"},{"County":"Allen","Sex":"Male","AgeRange":"80+","DateOfDeath":"2021-05-16","StateOfDeath":"OH","StateOfResidense":"OH"},{"County":"Allen","Sex":"Male","AgeRange":"60-69","DateOfDeath":"2021-05-22","StateOfDeath":"OH","StateOfResidense":"OH"},{"County":"Allen","Sex":"Male","AgeRange":"70-79","DateOfDeath":"2021-05-24","StateOfDeath":"OH","StateOfResidense":"OH"},{"County":"Allen","Sex":"Female","AgeRange":"60-69","DateOfDeath":"2021-05-28","StateOfDeath":"OH","StateOfResidense":"OH"},{"County":"Allen","Sex":"Female","AgeRange":"50-59","DateOfDeath":"2021-06-03","StateOfDeath":"OH","StateOfResidense":"OH"},{"County":"Allen","Sex":"Male","AgeRange":"70-79","DateOfDeath":"2021-06-05","StateOfDeath":"OH","StateOfResidense":"OH"},{"County":"Allen","Sex":"Male","AgeRange":"80+","DateOfDeath":"2021-06-05","StateOfDeath":"OH","StateOfResidense":"OH"},{"County":"Allen","Sex":"Male","AgeRange":"80+","DateOfDeath":"2021-06-07","StateOfDeath":"OH","StateOfResidense":"OH"},{"County":"Allen","Sex":"Female","AgeRange":"70-79","DateOfDeath":"2021-06-10","StateOfDeath":"OH","StateOfResidense":"OH"},{"County":"Allen","Sex":"Female","AgeRange":"80+","DateOfDeath":"2021-06-20","StateOfDeath":"OH","StateOfResidense":"OH"},{"County":"Allen","Sex":"Female","AgeRange":"60-69","DateOfDeath":"2021-07-04","StateOfDeath":"OH","StateOfResidense":"OH"},{"County":"Allen","Sex":"Female","AgeRange":"30-39","DateOfDeath":"2021-07-24","StateOfDeath":"OH","StateOfResidense":"OH"},{"County":"Allen","Sex":"Female","AgeRange":"60-69","DateOfDeath":"2021-08-08","StateOfDeath":"OH","StateOfResidense":"OH"},{"County":"Allen","Sex":"Female","AgeRange":"60-69","DateOfDeath":"2021-08-14","StateOfDeath":"OH","StateOfResidense":"OH"},{"County":"Allen","Sex":"Female","AgeRange":"60-69","DateOfDeath":"2021-08-16","StateOfDeath":"OH","StateOfResidense":"OH"},{"County":"Allen","Sex":"Male","AgeRange":"40-49","DateOfDeath":"2021-08-16","StateOfDeath":"OH","StateOfResidense":"OH"},{"County":"Allen","Sex":"Male","AgeRange":"80+","DateOfDeath":"2021-08-18","StateOfDeath":"OH","StateOfResidense":"OH"},{"County":"Van Wert","Sex":"Female","AgeRange":"60-69","DateOfDeath":"2021-08-21","StateOfDeath":"OH","StateOfResidense":"OH"},{"County":"Allen","Sex":"Female","AgeRange":"60-69","DateOfDeath":"2021-08-22","StateOfDeath":"OH","StateOfResidense":"OH"},{"County":"Allen","Sex":"Male","AgeRange":"80+","DateOfDeath":"2021-08-25","StateOfDeath":"OH","StateOfResidense":"OH"},{"County":"Allen","Sex":"Female","AgeRange":"60-69","DateOfDeath":"2021-08-26","StateOfDeath":"OH","StateOfResidense":"OH"},{"County":"Allen","Sex":"Female","AgeRange":"80+","DateOfDeath":"2021-08-27","StateOfDeath":"OH","StateOfResidense":"OH"},{"County":"Allen","Sex":"Female","AgeRange":"50-59","DateOfDeath":"2021-08-28","StateOfDeath":"OH","StateOfResidense":"OH"},{"County":"Allen","Sex":"Male","AgeRange":"50-59","DateOfDeath":"2021-08-30","StateOfDeath":"OH","StateOfResidense":"OH"},{"County":"Allen","Sex":"Male","AgeRange":"60-69","DateOfDeath":"2021-09-01","StateOfDeath":"OH","StateOfResidense":"OH"},{"County":"Allen","Sex":"Male","AgeRange":"60-69","DateOfDeath":"2021-09-01","StateOfDeath":"OH","StateOfResidense":"OH"},{"County":"Allen","Sex":"Male","AgeRange":"70-79","DateOfDeath":"2021-09-02","StateOfDeath":"OH","StateOfResidense":"OH"},{"County":"Allen","Sex":"Male","AgeRange":"30-39","DateOfDeath":"2021-09-04","StateOfDeath":"OH","StateOfResidense":"OH"},{"County":"Allen","Sex":"Female","AgeRange":"60-69","DateOfDeath":"2021-09-05","StateOfDeath":"OH","StateOfResidense":"OH"},{"County":"Allen","Sex":"Male","AgeRange":"80+","DateOfDeath":"2021-09-07","StateOfDeath":"OH","StateOfResidense":"OH"},{"County":"Allen","Sex":"Male","AgeRange":"70-79","DateOfDeath":"2021-09-08","StateOfDeath":"OH","StateOfResidense":"OH"},{"County":"Van Wert","Sex":"Male","AgeRange":"80+","DateOfDeath":"2021-09-09","StateOfDeath":"OH","StateOfResidense":"OH"},{"County":"Allen","Sex":"Female","AgeRange":"60-69","DateOfDeath":"2021-09-10","StateOfDeath":"OH","StateOfResidense":"OH"},{"County":"Allen","Sex":"Male","AgeRange":"50-59","DateOfDeath":"2021-09-11","StateOfDeath":"OH","StateOfResidense":"OH"},{"County":"Allen","Sex":"Male","AgeRange":"70-79","DateOfDeath":"2021-09-13","StateOfDeath":"OH","StateOfResidense":"OH"},{"County":"Allen","Sex":"Male","AgeRange":"60-69","DateOfDeath":"2021-09-14","StateOfDeath":"OH","StateOfResidense":"OH"},{"County":"Allen","Sex":"Male","AgeRange":"60-69","DateOfDeath":"2021-09-14","StateOfDeath":"OH","StateOfResidense":"FL"},{"County":"Allen","Sex":"Female","AgeRange":"40-49","DateOfDeath":"2021-09-16","StateOfDeath":"OH","StateOfResidense":"OH"},{"County":"Allen","Sex":"Male","AgeRange":"50-59","DateOfDeath":"2021-09-16","StateOfDeath":"OH","StateOfResidense":"OH"},{"County":"Allen","Sex":"Male","AgeRange":"70-79","DateOfDeath":"2021-09-16","StateOfDeath":"OH","StateOfResidense":"OH"},{"County":"Van Wert","Sex":"Female","AgeRange":"80+","DateOfDeath":"2021-09-16","StateOfDeath":"OH","StateOfResidense":"OH"},{"County":"Allen","Sex":"Female","AgeRange":"50-59","DateOfDeath":"2021-09-17","StateOfDeath":"OH","StateOfResidense":"OH"},{"County":"Allen","Sex":"Female","AgeRange":"80+","DateOfDeath":"2021-09-17","StateOfDeath":"OH","StateOfResidense":"OH"},{"County":"Allen","Sex":"Male","AgeRange":"60-69","DateOfDeath":"2021-09-17","StateOfDeath":"OH","StateOfResidense":"OH"},{"County":"Allen","Sex":"Male","AgeRange":"80+","DateOfDeath":"2021-09-17","StateOfDeath":"OH","StateOfResidense":"OH"},{"County":"Allen","Sex":"Female","AgeRange":"70-79","DateOfDeath":"2021-09-17","StateOfDeath":"OH","StateOfResidense":"OH"},{"County":"Van Wert","Sex":"Male","AgeRange":"50-59","DateOfDeath":"2021-09-17","StateOfDeath":"OH","StateOfResidense":"OH"},{"County":"Allen","Sex":"Male","AgeRange":"70-79","DateOfDeath":"2021-09-18","StateOfDeath":"OH","StateOfResidense":"OH"},{"County":"Allen","Sex":"Male","AgeRange":"70-79","DateOfDeath":"2021-09-20","StateOfDeath":"OH","StateOfResidense":"OH"},{"County":"Allen","Sex":"Male","AgeRange":"20-29","DateOfDeath":"2021-09-20","StateOfDeath":"OH","StateOfResidense":"OH"},{"County":"Allen","Sex":"Male","AgeRange":"50-59","DateOfDeath":"2021-09-23","StateOfDeath":"OH","StateOfResidense":"OH"},{"County":"Allen","Sex":"Male","AgeRange":"80+","DateOfDeath":"2021-09-23","StateOfDeath":"OH","StateOfResidense":"OH"},{"County":"Allen","Sex":"Female","AgeRange":"50-59","DateOfDeath":"2021-09-24","StateOfDeath":"OH","StateOfResidense":"OH"},{"County":"Allen","Sex":"Female","AgeRange":"60-69","DateOfDeath":"2021-09-26","StateOfDeath":"OH","StateOfResidense":"OH"},{"County":"Allen","Sex":"Male","AgeRange":"60-69","DateOfDeath":"2021-09-26","StateOfDeath":"OH","StateOfResidense":"OH"},{"County":"Van Wert","Sex":"Male","AgeRange":"70-79","DateOfDeath":"2021-09-27","StateOfDeath":"OH","StateOfResidense":"KY"},{"County":"Allen","Sex":"Male","AgeRange":"80+","DateOfDeath":"2021-09-27","StateOfDeath":"OH","StateOfResidense":"OH"},{"County":"Allen","Sex":"Female","AgeRange":"60-69","DateOfDeath":"2021-09-28","StateOfDeath":"OH","StateOfResidense":"OH"},{"County":"Allen","Sex":"Female","AgeRange":"80+","DateOfDeath":"2021-09-28","StateOfDeath":"OH","StateOfResidense":"OH"},{"County":"Allen","Sex":"Male","AgeRange":"80+","DateOfDeath":"2021-09-29","StateOfDeath":"OH","StateOfResidense":"OH"},{"County":"Allen","Sex":"Male","AgeRange":"70-79","DateOfDeath":"2021-09-30","StateOfDeath":"OH","StateOfResidense":"OH"},{"County":"Allen","Sex":"Male","AgeRange":"80+","DateOfDeath":"2021-09-30","StateOfDeath":"OH","StateOfResidense":"OH"},{"County":"Allen","Sex":"Male","AgeRange":"70-79","DateOfDeath":"2021-09-30","StateOfDeath":"OH","StateOfResidense":"OH"},{"County":"Van Wert","Sex":"Male","AgeRange":"70-79","DateOfDeath":"2021-09-30","StateOfDeath":"OH","StateOfResidense":"OH"},{"County":"Allen","Sex":"Female","AgeRange":"70-79","DateOfDeath":"2021-10-02","StateOfDeath":"OH","StateOfResidense":"OH"},{"County":"Allen","Sex":"Female","AgeRange":"80+","DateOfDeath":"2021-10-02","StateOfDeath":"OH","StateOfResidense":"OH"},{"County":"Allen","Sex":"Male","AgeRange":"50-59","DateOfDeath":"2021-10-02","StateOfDeath":"OH","StateOfResidense":"OH"},{"County":"Allen","Sex":"Male","AgeRange":"80+","DateOfDeath":"2021-10-02","StateOfDeath":"OH","StateOfResidense":"OH"},{"County":"Allen","Sex":"Male","AgeRange":"50-59","DateOfDeath":"2021-10-02","StateOfDeath":"OH","StateOfResidense":"OH"},{"County":"Allen","Sex":"Female","AgeRange":"60-69","DateOfDeath":"2021-10-04","StateOfDeath":"OH","StateOfResidense":"OH"},{"County":"Van Wert","Sex":"Female","AgeRange":"70-79","DateOfDeath":"2021-10-04","StateOfDeath":"OH","StateOfResidense":"OH"},{"County":"Allen","Sex":"Female","AgeRange":"60-69","DateOfDeath":"2021-10-05","StateOfDeath":"OH","StateOfResidense":"OH"},{"County":"Allen","Sex":"Male","AgeRange":"80+","DateOfDeath":"2021-10-05","StateOfDeath":"OH","StateOfResidense":"OH"},{"County":"Allen","Sex":"Female","AgeRange":"80+","DateOfDeath":"2021-10-06","StateOfDeath":"OH","StateOfResidense":"OH"},{"County":"Allen","Sex":"Male","AgeRange":"80+","DateOfDeath":"2021-10-06","StateOfDeath":"OH","StateOfResidense":"OH"},{"County":"Allen","Sex":"Male","AgeRange":"80+","DateOfDeath":"2021-10-06","StateOfDeath":"OH","StateOfResidense":"OH"},{"County":"Allen","Sex":"Male","AgeRange":"50-59","DateOfDeath":"2021-10-06","StateOfDeath":"OH","StateOfResidense":"OH"},{"County":"Allen","Sex":"Female","AgeRange":"80+","DateOfDeath":"2021-10-07","StateOfDeath":"OH","StateOfResidense":"OH"},{"County":"Allen","Sex":"Male","AgeRange":"40-49","DateOfDeath":"2021-10-07","StateOfDeath":"OH","StateOfResidense":"OH"},{"County":"Allen","Sex":"Male","AgeRange":"50-59","DateOfDeath":"2021-10-07","StateOfDeath":"OH","StateOfResidense":"OH"},{"County":"Van Wert","Sex":"Male","AgeRange":"50-59","DateOfDeath":"2021-10-07","StateOfDeath":"OH","StateOfResidense":"OH"},{"County":"Allen","Sex":"Female","AgeRange":"50-59","DateOfDeath":"2021-10-08","StateOfDeath":"OH","StateOfResidense":"OH"},{"County":"Allen","Sex":"Female","AgeRange":"70-79","DateOfDeath":"2021-10-08","StateOfDeath":"OH","StateOfResidense":"OH"},{"County":"Allen","Sex":"Female","AgeRange":"80+","DateOfDeath":"2021-10-08","StateOfDeath":"OH","StateOfResidense":"OH"},{"County":"Allen","Sex":"Male","AgeRange":"80+","DateOfDeath":"2021-10-08","StateOfDeath":"OH","StateOfResidense":"OH"},{"County":"Allen","Sex":"Male","AgeRange":"60-69","DateOfDeath":"2021-10-08","StateOfDeath":"OH","StateOfResidense":"OH"},{"County":"Van Wert","Sex":"Female","AgeRange":"80+","DateOfDeath":"2021-10-08","StateOfDeath":"OH","StateOfResidense":"OH"},{"County":"Allen","Sex":"Female","AgeRange":"80+","DateOfDeath":"2021-10-09","StateOfDeath":"OH","StateOfResidense":"OH"},{"County":"Allen","Sex":"Male","AgeRange":"80+","DateOfDeath":"2021-10-09","StateOfDeath":"OH","StateOfResidense":"OH"},{"County":"Allen","Sex":"Female","AgeRange":"80+","DateOfDeath":"2021-10-09","StateOfDeath":"OH","StateOfResidense":"OH"},{"County":"Allen","Sex":"Female","AgeRange":"30-39","DateOfDeath":"2021-10-10","StateOfDeath":"OH","StateOfResidense":"OH"},{"County":"Allen","Sex":"Female","AgeRange":"50-59","DateOfDeath":"2021-10-10","StateOfDeath":"OH","StateOfResidense":"OH"},{"County":"Allen","Sex":"Male","AgeRange":"50-59","DateOfDeath":"2021-10-10","StateOfDeath":"OH","StateOfResidense":"OH"},{"County":"Allen","Sex":"Male","AgeRange":"60-69","DateOfDeath":"2021-10-10","StateOfDeath":"OH","StateOfResidense":"OH"},{"County":"Allen","Sex":"Male","AgeRange":"60-69","DateOfDeath":"2021-10-11","StateOfDeath":"OH","StateOfResidense":"OH"},{"County":"Allen","Sex":"Male","AgeRange":"80+","DateOfDeath":"2021-10-11","StateOfDeath":"OH","StateOfResidense":"OH"},{"County":"Allen","Sex":"Female","AgeRange":"80+","DateOfDeath":"2021-10-11","StateOfDeath":"OH","StateOfResidense":"OH"},{"County":"Allen","Sex":"Male","AgeRange":"50-59","DateOfDeath":"2021-10-12","StateOfDeath":"OH","StateOfResidense":"OH"},{"County":"Allen","Sex":"Male","AgeRange":"60-69","DateOfDeath":"2021-10-12","StateOfDeath":"OH","StateOfResidense":"OH"},{"County":"Allen","Sex":"Female","AgeRange":"50-59","DateOfDeath":"2021-10-13","StateOfDeath":"OH","StateOfResidense":"OH"},{"County":"Allen","Sex":"Male","AgeRange":"50-59","DateOfDeath":"2021-10-13","StateOfDeath":"OH","StateOfResidense":"OH"},{"County":"Allen","Sex":"Male","AgeRange":"70-79","DateOfDeath":"2021-10-13","StateOfDeath":"OH","StateOfResidense":"OH"},{"County":"Allen","Sex":"Female","AgeRange":"60-69","DateOfDeath":"2021-10-14","StateOfDeath":"OH","StateOfResidense":"OH"},{"County":"Allen","Sex":"Female","AgeRange":"80+","DateOfDeath":"2021-10-14","StateOfDeath":"OH","StateOfResidense":"OH"},{"County":"Allen","Sex":"Male","AgeRange":"70-79","DateOfDeath":"2021-10-15","StateOfDeath":"OH","StateOfResidense":"OH"},{"County":"Allen","Sex":"Male","AgeRange":"40-49","DateOfDeath":"2021-10-15","StateOfDeath":"OH","StateOfResidense":"OH"},{"County":"Allen","Sex":"Female","AgeRange":"60-69","DateOfDeath":"2021-10-15","StateOfDeath":"OH","StateOfResidense":"OH"},{"County":"Allen","Sex":"Female","AgeRange":"70-79","DateOfDeath":"2021-10-16","StateOfDeath":"OH","StateOfResidense":"OH"},{"County":"Allen","Sex":"Female","AgeRange":"70-79","DateOfDeath":"2021-10-16","StateOfDeath":"OH","StateOfResidense":"OH"},{"County":"Allen","Sex":"Male","AgeRange":"70-79","DateOfDeath":"2021-10-17","StateOfDeath":"OH","StateOfResidense":"OH"},{"County":"Allen","Sex":"Male","AgeRange":"60-69","DateOfDeath":"2021-10-18","StateOfDeath":"OH","StateOfResidense":"IN"},{"County":"Allen","Sex":"Male","AgeRange":"40-49","DateOfDeath":"2021-10-20","StateOfDeath":"OH","StateOfResidense":"OH"},{"County":"Allen","Sex":"Female","AgeRange":"60-69","DateOfDeath":"2021-10-21","StateOfDeath":"OH","StateOfResidense":"OH"},{"County":"Allen","Sex":"Male","AgeRange":"60-69","DateOfDeath":"2021-10-21","StateOfDeath":"OH","StateOfResidense":"OH"},{"County":"Allen","Sex":"Female","AgeRange":"70-79","DateOfDeath":"2021-10-21","StateOfDeath":"OH","StateOfResidense":"OH"},{"County":"Allen","Sex":"Male","AgeRange":"80+","DateOfDeath":"2021-10-22","StateOfDeath":"OH","StateOfResidense":"OH"},{"County":"Allen","Sex":"Female","AgeRange":"80+","DateOfDeath":"2021-10-23","StateOfDeath":"OH","StateOfResidense":"OH"},{"County":"Allen","Sex":"Male","AgeRange":"30-39","DateOfDeath":"2021-10-24","StateOfDeath":"OH","StateOfResidense":"OH"},{"County":"Allen","Sex":"Male","AgeRange":"70-79","DateOfDeath":"2021-10-25","StateOfDeath":"OH","StateOfResidense":"OH"},{"County":"Allen","Sex":"Male","AgeRange":"80+","DateOfDeath":"2021-10-26","StateOfDeath":"OH","StateOfResidense":"OH"},{"County":"Allen","Sex":"Male","AgeRange":"60-69","DateOfDeath":"2021-10-27","StateOfDeath":"OH","StateOfResidense":"OH"},{"County":"Allen","Sex":"Male","AgeRange":"70-79","DateOfDeath":"2021-10-27","StateOfDeath":"OH","StateOfResidense":"OH"},{"County":"Allen","Sex":"Male","AgeRange":"70-79","DateOfDeath":"2021-10-27","StateOfDeath":"OH","StateOfResidense":"OH"},{"County":"Allen","Sex":"Female","AgeRange":"60-69","DateOfDeath":"2021-10-28","StateOfDeath":"OH","StateOfResidense":"OH"},{"County":"Allen","Sex":"Female","AgeRange":"50-59","DateOfDeath":"2021-10-29","StateOfDeath":"OH","StateOfResidense":"OH"},{"County":"Allen","Sex":"Female","AgeRange":"80+","DateOfDeath":"2021-10-29","StateOfDeath":"OH","StateOfResidense":"OH"},{"County":"Allen","Sex":"Male","AgeRange":"60-69","DateOfDeath":"2021-10-29","StateOfDeath":"OH","StateOfResidense":"OH"},{"County":"Allen","Sex":"Female","AgeRange":"70-79","DateOfDeath":"2021-10-29","StateOfDeath":"OH","StateOfResidense":"OH"},{"County":"Van Wert","Sex":"Female","AgeRange":"80+","DateOfDeath":"2021-10-29","StateOfDeath":"OH","StateOfResidense":"OH"},{"County":"Allen","Sex":"Male","AgeRange":"60-69","DateOfDeath":"2021-10-30","StateOfDeath":"OH","StateOfResidense":"OH"},{"County":"Van Wert","Sex":"Male","AgeRange":"70-79","DateOfDeath":"2021-10-30","StateOfDeath":"OH","StateOfResidense":"OH"},{"County":"Allen","Sex":"Female","AgeRange":"60-69","DateOfDeath":"2021-11-02","StateOfDeath":"OH","StateOfResidense":"OH"},{"County":"Allen","Sex":"Female","AgeRange":"70-79","DateOfDeath":"2021-11-02","StateOfDeath":"OH","StateOfResidense":"OH"},{"County":"Allen","Sex":"Female","AgeRange":"40-49","DateOfDeath":"2021-11-04","StateOfDeath":"OH","StateOfResidense":"OH"},{"County":"Allen","Sex":"Male","AgeRange":"70-79","DateOfDeath":"2021-11-04","StateOfDeath":"OH","StateOfResidense":"OH"},{"County":"Allen","Sex":"Female","AgeRange":"60-69","DateOfDeath":"2021-11-04","StateOfDeath":"OH","StateOfResidense":"OH"},{"County":"Allen","Sex":"Female","AgeRange":"80+","DateOfDeath":"2021-11-05","StateOfDeath":"OH","StateOfResidense":"OH"},{"County":"Allen","Sex":"Female","AgeRange":"30-39","DateOfDeath":"2021-11-05","StateOfDeath":"OH","StateOfResidense":"OH"},{"County":"Allen","Sex":"Female","AgeRange":"70-79","DateOfDeath":"2021-11-05","StateOfDeath":"OH","StateOfResidense":"OH"},{"County":"Allen","Sex":"Male","AgeRange":"60-69","DateOfDeath":"2021-11-06","StateOfDeath":"OH","StateOfResidense":"OH"},{"County":"Allen","Sex":"Female","AgeRange":"80+","DateOfDeath":"2021-11-07","StateOfDeath":"OH","StateOfResidense":"OH"},{"County":"Allen","Sex":"Female","AgeRange":"60-69","DateOfDeath":"2021-11-09","StateOfDeath":"OH","StateOfResidense":"OH"},{"County":"Allen","Sex":"Male","AgeRange":"80+","DateOfDeath":"2021-11-10","StateOfDeath":"OH","StateOfResidense":"OH"},{"County":"Allen","Sex":"Male","AgeRange":"80+","DateOfDeath":"2021-11-10","StateOfDeath":"OH","StateOfResidense":"OH"},{"County":"Van Wert","Sex":"Male","AgeRange":"60-69","DateOfDeath":"2021-11-10","StateOfDeath":"OH","StateOfResidense":"OH"},{"County":"Allen","Sex":"Female","AgeRange":"60-69","DateOfDeath":"2021-11-11","StateOfDeath":"OH","StateOfResidense":"OH"},{"County":"Allen","Sex":"Female","AgeRange":"50-59","DateOfDeath":"2021-11-11","StateOfDeath":"OH","StateOfResidense":"OH"},{"County":"Allen","Sex":"Male","AgeRange":"70-79","DateOfDeath":"2021-11-11","StateOfDeath":"OH","StateOfResidense":"OH"},{"County":"Van Wert","Sex":"Male","AgeRange":"80+","DateOfDeath":"2021-11-11","StateOfDeath":"OH","StateOfResidense":"OH"},{"County":"Allen","Sex":"Female","AgeRange":"60-69","DateOfDeath":"2021-11-13","StateOfDeath":"OH","StateOfResidense":"OH"},{"County":"Allen","Sex":"Male","AgeRange":"80+","DateOfDeath":"2021-11-13","StateOfDeath":"OH","StateOfResidense":"OH"},{"County":"Allen","Sex":"Female","AgeRange":"80+","DateOfDeath":"2021-11-13","StateOfDeath":"OH","StateOfResidense":"OH"},{"County":"Van Wert","Sex":"Female","AgeRange":"60-69","DateOfDeath":"2021-11-13","StateOfDeath":"OH","StateOfResidense":"OH"},{"County":"Allen","Sex":"Female","AgeRange":"70-79","DateOfDeath":"2021-11-14","StateOfDeath":"OH","StateOfResidense":"OH"},{"County":"Allen","Sex":"Male","AgeRange":"80+","DateOfDeath":"2021-11-14","StateOfDeath":"OH","StateOfResidense":"OH"},{"County":"Allen","Sex":"Female","AgeRange":"50-59","DateOfDeath":"2021-11-14","StateOfDeath":"OH","StateOfResidense":"OH"},{"County":"Van Wert","Sex":"Female","AgeRange":"60-69","DateOfDeath":"2021-11-16","StateOfDeath":"OH","StateOfResidense":"OH"},{"County":"Allen","Sex":"Male","AgeRange":"70-79","DateOfDeath":"2021-11-17","StateOfDeath":"OH","StateOfResidense":"OH"},{"County":"Van Wert","Sex":"Female","AgeRange":"80+","DateOfDeath":"2021-11-17","StateOfDeath":"OH","StateOfResidense":"OH"},{"County":"Allen","Sex":"Male","AgeRange":"50-59","DateOfDeath":"2021-11-21","StateOfDeath":"OH","StateOfResidense":"OH"},{"County":"Allen","Sex":"Male","AgeRange":"80+","DateOfDeath":"2021-11-21","StateOfDeath":"OH","StateOfResidense":"OH"},{"County":"Allen","Sex":"Female","AgeRange":"60-69","DateOfDeath":"2021-11-21","StateOfDeath":"OH","StateOfResidense":"OH"},{"County":"Van Wert","Sex":"Male","AgeRange":"70-79","DateOfDeath":"2021-11-25","StateOfDeath":"OH","StateOfResidense":"OH"}]