[{"County":"Athens","Sex":"Female","AgeRange":"50-59","DateOfDeath":"2020-11-18","StateOfDeath":"OH","StateOfResidense":"OH"},{"County":"Athens","Sex":"Female","AgeRange":"80+","DateOfDeath":"2020-11-20","StateOfDeath":"OH","StateOfResidense":"OH"},{"County":"Athens","Sex":"Male","AgeRange":"70-79","DateOfDeath":"2020-11-24","StateOfDeath":"OH","StateOfResidense":"OH"},{"County":"Athens","Sex":"Male","AgeRange":"50-59","DateOfDeath":"2020-12-03","StateOfDeath":"OH","StateOfResidense":"WV"},{"County":"Athens","Sex":"Male","AgeRange":"80+","DateOfDeath":"2020-12-10","StateOfDeath":"OH","StateOfResidense":"OH"},{"County":"Athens","Sex":"Male","AgeRange":"70-79","DateOfDeath":"2020-12-12","StateOfDeath":"OH","StateOfResidense":"OH"},{"County":"Athens","Sex":"Female","AgeRange":"80+","DateOfDeath":"2020-12-14","StateOfDeath":"OH","StateOfResidense":"OH"},{"County":"Athens","Sex":"Female","AgeRange":"60-69","DateOfDeath":"2020-12-18","StateOfDeath":"OH","StateOfResidense":"OH"},{"County":"Athens","Sex":"Female","AgeRange":"70-79","DateOfDeath":"2021-01-02","StateOfDeath":"OH","StateOfResidense":"OH"},{"County":"Athens","Sex":"Male","AgeRange":"60-69","DateOfDeath":"2021-01-04","StateOfDeath":"OH","StateOfResidense":"OH"},{"County":"Athens","Sex":"Male","AgeRange":"70-79","DateOfDeath":"2021-01-07","StateOfDeath":"OH","StateOfResidense":"OH"},{"County":"Athens","Sex":"Male","AgeRange":"50-59","DateOfDeath":"2021-01-10","StateOfDeath":"OH","StateOfResidense":"OH"},{"County":"Athens","Sex":"Male","AgeRange":"80+","DateOfDeath":"2021-01-10","StateOfDeath":"OH","StateOfResidense":"OH"},{"County":"Athens","Sex":"Female","AgeRange":"80+","DateOfDeath":"2021-01-12","StateOfDeath":"OH","StateOfResidense":"OH"},{"County":"Athens","Sex":"Male","AgeRange":"80+","DateOfDeath":"2021-01-13","StateOfDeath":"OH","StateOfResidense":"OH"},{"County":"Athens","Sex":"Female","AgeRange":"80+","DateOfDeath":"2021-01-15","StateOfDeath":"OH","StateOfResidense":"OH"},{"County":"Athens","Sex":"Male","AgeRange":"70-79","DateOfDeath":"2021-01-16","StateOfDeath":"OH","StateOfResidense":"OH"},{"County":"Athens","Sex":"Female","AgeRange":"80+","DateOfDeath":"2021-01-21","StateOfDeath":"OH","StateOfResidense":"OH"},{"County":"Athens","Sex":"Male","AgeRange":"80+","DateOfDeath":"2021-01-21","StateOfDeath":"OH","StateOfResidense":"OH"},{"County":"Athens","Sex":"Female","AgeRange":"80+","DateOfDeath":"2021-01-24","StateOfDeath":"OH","StateOfResidense":"OH"},{"County":"Athens","Sex":"Male","AgeRange":"70-79","DateOfDeath":"2021-01-30","StateOfDeath":"OH","StateOfResidense":"OH"},{"County":"Athens","Sex":"Female","AgeRange":"80+","DateOfDeath":"2021-02-01","StateOfDeath":"OH","StateOfResidense":"OH"},{"County":"Athens","Sex":"Male","AgeRange":"80+","DateOfDeath":"2021-02-01","StateOfDeath":"OH","StateOfResidense":"OH"},{"County":"Athens","Sex":"Female","AgeRange":"80+","DateOfDeath":"2021-02-01","StateOfDeath":"OH","StateOfResidense":"OH"},{"County":"Athens","Sex":"Female","AgeRange":"80+","DateOfDeath":"2021-02-04","StateOfDeath":"OH","StateOfResidense":"OH"},{"County":"Athens","Sex":"Male","AgeRange":"60-69","DateOfDeath":"2021-02-04","StateOfDeath":"OH","StateOfResidense":"OH"},{"County":"Athens","Sex":"Male","AgeRange":"80+","DateOfDeath":"2021-02-04","StateOfDeath":"OH","StateOfResidense":"OH"},{"County":"Athens","Sex":"Female","AgeRange":"70-79","DateOfDeath":"2021-03-08","StateOfDeath":"OH","StateOfResidense":"OH"},{"County":"Athens","Sex":"Female","AgeRange":"80+","DateOfDeath":"2021-03-10","StateOfDeath":"OH","StateOfResidense":"OH"},{"County":"Athens","Sex":"Female","AgeRange":"70-79","DateOfDeath":"2021-03-11","StateOfDeath":"OH","StateOfResidense":"OH"},{"County":"Athens","Sex":"Female","AgeRange":"80+","DateOfDeath":"2021-03-28","StateOfDeath":"OH","StateOfResidense":"ME"},{"County":"Athens","Sex":"Male","AgeRange":"60-69","DateOfDeath":"2021-04-10","StateOfDeath":"OH","StateOfResidense":"OH"},{"County":"Athens","Sex":"Female","AgeRange":"70-79","DateOfDeath":"2021-04-10","StateOfDeath":"OH","StateOfResidense":"OH"},{"County":"Athens","Sex":"Male","AgeRange":"80+","DateOfDeath":"2021-08-29","StateOfDeath":"OH","StateOfResidense":"OH"},{"County":"Athens","Sex":"Male","AgeRange":"50-59","DateOfDeath":"2021-08-31","StateOfDeath":"OH","StateOfResidense":"OH"},{"County":"Athens","Sex":"Male","AgeRange":"50-59","DateOfDeath":"2021-09-13","StateOfDeath":"OH","StateOfResidense":"OH"},{"County":"Athens","Sex":"Male","AgeRange":"60-69","DateOfDeath":"2021-09-15","StateOfDeath":"OH","StateOfResidense":"OH"},{"County":"Athens","Sex":"Male","AgeRange":"70-79","DateOfDeath":"2021-09-15","StateOfDeath":"OH","StateOfResidense":"OH"},{"County":"Athens","Sex":"Female","AgeRange":"80+","DateOfDeath":"2021-09-28","StateOfDeath":"OH","StateOfResidense":"OH"},{"County":"Athens","Sex":"Male","AgeRange":"60-69","DateOfDeath":"2021-09-28","StateOfDeath":"OH","StateOfResidense":"OH"},{"County":"Athens","Sex":"Male","AgeRange":"80+","DateOfDeath":"2021-09-28","StateOfDeath":"OH","StateOfResidense":"OH"},{"County":"Athens","Sex":"Female","AgeRange":"40-49","DateOfDeath":"2021-10-04","StateOfDeath":"OH","StateOfResidense":"OH"},{"County":"Athens","Sex":"Female","AgeRange":"50-59","DateOfDeath":"2021-10-08","StateOfDeath":"OH","StateOfResidense":"OH"},{"County":"Athens","Sex":"Female","AgeRange":"80+","DateOfDeath":"2021-10-08","StateOfDeath":"OH","StateOfResidense":"OH"},{"County":"Athens","Sex":"Female","AgeRange":"80+","DateOfDeath":"2021-10-11","StateOfDeath":"OH","StateOfResidense":"OH"},{"County":"Athens","Sex":"Male","AgeRange":"70-79","DateOfDeath":"2021-10-12","StateOfDeath":"OH","StateOfResidense":"OH"},{"County":"Athens","Sex":"Male","AgeRange":"80+","DateOfDeath":"2021-10-13","StateOfDeath":"OH","StateOfResidense":"OH"},{"County":"Athens","Sex":"Male","AgeRange":"70-79","DateOfDeath":"2021-10-14","StateOfDeath":"OH","StateOfResidense":"OH"},{"County":"Athens","Sex":"Male","AgeRange":"40-49","DateOfDeath":"2021-10-16","StateOfDeath":"OH","StateOfResidense":"OH"},{"County":"Athens","Sex":"Female","AgeRange":"60-69","DateOfDeath":"2021-10-19","StateOfDeath":"OH","StateOfResidense":"OH"},{"County":"Athens","Sex":"Female","AgeRange":"80+","DateOfDeath":"2021-10-24","StateOfDeath":"OH","StateOfResidense":"OH"},{"County":"Athens","Sex":"Female","AgeRange":"70-79","DateOfDeath":"2021-10-27","StateOfDeath":"OH","StateOfResidense":"OH"},{"County":"Athens","Sex":"Male","AgeRange":"80+","DateOfDeath":"2021-10-29","StateOfDeath":"OH","StateOfResidense":"OH"},{"County":"Athens","Sex":"Female","AgeRange":"60-69","DateOfDeath":"2021-11-04","StateOfDeath":"OH","StateOfResidense":"OH"},{"County":"Athens","Sex":"Male","AgeRange":"60-69","DateOfDeath":"2021-11-17","StateOfDeath":"OH","StateOfResidense":"OH"}]