[{"County":"Jackson","Sex":"Female","AgeRange":"80+","DateOfDeath":"2020-12-08","StateOfDeath":"OH","StateOfResidense":"OH"},{"County":"Jackson","Sex":"Male","AgeRange":"80+","DateOfDeath":"2020-12-10","StateOfDeath":"OH","StateOfResidense":"OH"},{"County":"Jackson","Sex":"Female","AgeRange":"80+","DateOfDeath":"2020-12-14","StateOfDeath":"OH","StateOfResidense":"OH"},{"County":"Jackson","Sex":"Female","AgeRange":"70-79","DateOfDeath":"2020-12-16","StateOfDeath":"OH","StateOfResidense":"OH"},{"County":"Jackson","Sex":"Female","AgeRange":"80+","DateOfDeath":"2020-12-16","StateOfDeath":"OH","StateOfResidense":"OH"},{"County":"Jackson","Sex":"Female","AgeRange":"70-79","DateOfDeath":"2020-12-17","StateOfDeath":"OH","StateOfResidense":"OH"},{"County":"Jackson","Sex":"Female","AgeRange":"80+","DateOfDeath":"2020-12-17","StateOfDeath":"OH","StateOfResidense":"OH"},{"County":"Jackson","Sex":"Male","AgeRange":"70-79","DateOfDeath":"2020-12-17","StateOfDeath":"OH","StateOfResidense":"OH"},{"County":"Jackson","Sex":"Female","AgeRange":"70-79","DateOfDeath":"2020-12-18","StateOfDeath":"OH","StateOfResidense":"OH"},{"County":"Jackson","Sex":"Female","AgeRange":"80+","DateOfDeath":"2020-12-19","StateOfDeath":"OH","StateOfResidense":"OH"},{"County":"Jackson","Sex":"Female","AgeRange":"70-79","DateOfDeath":"2020-12-23","StateOfDeath":"OH","StateOfResidense":"OH"},{"County":"Jackson","Sex":"Female","AgeRange":"80+","DateOfDeath":"2020-12-28","StateOfDeath":"OH","StateOfResidense":"OH"},{"County":"Jackson","Sex":"Male","AgeRange":"80+","DateOfDeath":"2021-01-03","StateOfDeath":"OH","StateOfResidense":"OH"},{"County":"Jackson","Sex":"Male","AgeRange":"50-59","DateOfDeath":"2021-01-04","StateOfDeath":"OH","StateOfResidense":"OH"},{"County":"Jackson","Sex":"Male","AgeRange":"80+","DateOfDeath":"2021-01-04","StateOfDeath":"OH","StateOfResidense":"OH"},{"County":"Jackson","Sex":"Female","AgeRange":"80+","DateOfDeath":"2021-01-05","StateOfDeath":"OH","StateOfResidense":"OH"},{"County":"Jackson","Sex":"Female","AgeRange":"80+","DateOfDeath":"2021-02-16","StateOfDeath":"OH","StateOfResidense":"OH"},{"County":"Jackson","Sex":"Female","AgeRange":"60-69","DateOfDeath":"2021-02-28","StateOfDeath":"OH","StateOfResidense":"OH"},{"County":"Jackson","Sex":"Male","AgeRange":"50-59","DateOfDeath":"2021-08-28","StateOfDeath":"OH","StateOfResidense":"OH"},{"County":"Jackson","Sex":"Male","AgeRange":"80+","DateOfDeath":"2021-09-18","StateOfDeath":"OH","StateOfResidense":"OH"},{"County":"Jackson","Sex":"Female","AgeRange":"80+","DateOfDeath":"2021-09-21","StateOfDeath":"OH","StateOfResidense":"OH"},{"County":"Jackson","Sex":"Male","AgeRange":"70-79","DateOfDeath":"2021-10-10","StateOfDeath":"OH","StateOfResidense":"OH"},{"County":"Jackson","Sex":"Male","AgeRange":"20-29","DateOfDeath":"2021-10-12","StateOfDeath":"OH","StateOfResidense":"OH"},{"County":"Jackson","Sex":"Female","AgeRange":"60-69","DateOfDeath":"2021-10-19","StateOfDeath":"OH","StateOfResidense":"OH"},{"County":"Jackson","Sex":"Female","AgeRange":"40-49","DateOfDeath":"2021-10-20","StateOfDeath":"OH","StateOfResidense":"OH"},{"County":"Jackson","Sex":"Female","AgeRange":"50-59","DateOfDeath":"2021-10-28","StateOfDeath":"OH","StateOfResidense":"OH"},{"County":"Jackson","Sex":"Female","AgeRange":"50-59","DateOfDeath":"2021-11-05","StateOfDeath":"OH","StateOfResidense":"OH"}]