[{"County":"Sandusky","Sex":"Female","AgeRange":"80+","DateOfDeath":"2020-11-09","StateOfDeath":"OH","StateOfResidense":"OH"},{"County":"Sandusky","Sex":"Female","AgeRange":"70-79","DateOfDeath":"2020-11-22","StateOfDeath":"OH","StateOfResidense":"OH"},{"County":"Sandusky","Sex":"Female","AgeRange":"80+","DateOfDeath":"2020-11-23","StateOfDeath":"OH","StateOfResidense":"OH"},{"County":"Sandusky","Sex":"Female","AgeRange":"60-69","DateOfDeath":"2020-12-03","StateOfDeath":"OH","StateOfResidense":"OH"},{"County":"Sandusky","Sex":"Male","AgeRange":"80+","DateOfDeath":"2020-12-03","StateOfDeath":"OH","StateOfResidense":"OH"},{"County":"Sandusky","Sex":"Male","AgeRange":"70-79","DateOfDeath":"2020-12-05","StateOfDeath":"OH","StateOfResidense":"OH"},{"County":"Sandusky","Sex":"Male","AgeRange":"70-79","DateOfDeath":"2020-12-05","StateOfDeath":"OH","StateOfResidense":"OH"},{"County":"Sandusky","Sex":"Female","AgeRange":"70-79","DateOfDeath":"2020-12-06","StateOfDeath":"OH","StateOfResidense":"OH"},{"County":"Sandusky","Sex":"Female","AgeRange":"80+","DateOfDeath":"2020-12-08","StateOfDeath":"OH","StateOfResidense":"OH"},{"County":"Sandusky","Sex":"Male","AgeRange":"70-79","DateOfDeath":"2020-12-08","StateOfDeath":"OH","StateOfResidense":"OH"},{"County":"Sandusky","Sex":"Female","AgeRange":"80+","DateOfDeath":"2020-12-09","StateOfDeath":"OH","StateOfResidense":"OH"},{"County":"Sandusky","Sex":"Female","AgeRange":"80+","DateOfDeath":"2020-12-10","StateOfDeath":"OH","StateOfResidense":"OH"},{"County":"Sandusky","Sex":"Male","AgeRange":"80+","DateOfDeath":"2020-12-10","StateOfDeath":"OH","StateOfResidense":"OH"},{"County":"Sandusky","Sex":"Female","AgeRange":"80+","DateOfDeath":"2020-12-11","StateOfDeath":"OH","StateOfResidense":"OH"},{"County":"Sandusky","Sex":"Female","AgeRange":"70-79","DateOfDeath":"2020-12-11","StateOfDeath":"OH","StateOfResidense":"OH"},{"County":"Sandusky","Sex":"Male","AgeRange":"60-69","DateOfDeath":"2020-12-13","StateOfDeath":"OH","StateOfResidense":"OH"},{"County":"Sandusky","Sex":"Female","AgeRange":"80+","DateOfDeath":"2020-12-15","StateOfDeath":"OH","StateOfResidense":"OH"},{"County":"Sandusky","Sex":"Male","AgeRange":"80+","DateOfDeath":"2020-12-15","StateOfDeath":"OH","StateOfResidense":"OH"},{"County":"Sandusky","Sex":"Male","AgeRange":"80+","DateOfDeath":"2020-12-17","StateOfDeath":"OH","StateOfResidense":"OH"},{"County":"Sandusky","Sex":"Female","AgeRange":"40-49","DateOfDeath":"2020-12-17","StateOfDeath":"OH","StateOfResidense":"OH"},{"County":"Sandusky","Sex":"Male","AgeRange":"80+","DateOfDeath":"2020-12-17","StateOfDeath":"OH","StateOfResidense":"OH"},{"County":"Sandusky","Sex":"Female","AgeRange":"80+","DateOfDeath":"2020-12-18","StateOfDeath":"OH","StateOfResidense":"OH"},{"County":"Sandusky","Sex":"Male","AgeRange":"70-79","DateOfDeath":"2020-12-18","StateOfDeath":"OH","StateOfResidense":"OH"},{"County":"Sandusky","Sex":"Male","AgeRange":"80+","DateOfDeath":"2020-12-18","StateOfDeath":"OH","StateOfResidense":"OH"},{"County":"Sandusky","Sex":"Female","AgeRange":"80+","DateOfDeath":"2020-12-19","StateOfDeath":"OH","StateOfResidense":"OH"},{"County":"Sandusky","Sex":"Male","AgeRange":"80+","DateOfDeath":"2020-12-21","StateOfDeath":"OH","StateOfResidense":"OH"},{"County":"Sandusky","Sex":"Male","AgeRange":"80+","DateOfDeath":"2020-12-22","StateOfDeath":"OH","StateOfResidense":"OH"},{"County":"Sandusky","Sex":"Female","AgeRange":"80+","DateOfDeath":"2020-12-23","StateOfDeath":"OH","StateOfResidense":"OH"},{"County":"Sandusky","Sex":"Female","AgeRange":"70-79","DateOfDeath":"2020-12-26","StateOfDeath":"OH","StateOfResidense":"OH"},{"County":"Sandusky","Sex":"Female","AgeRange":"80+","DateOfDeath":"2020-12-26","StateOfDeath":"OH","StateOfResidense":"OH"},{"County":"Sandusky","Sex":"Female","AgeRange":"80+","DateOfDeath":"2020-12-27","StateOfDeath":"OH","StateOfResidense":"OH"},{"County":"Sandusky","Sex":"Female","AgeRange":"70-79","DateOfDeath":"2020-12-28","StateOfDeath":"OH","StateOfResidense":"OH"},{"County":"Sandusky","Sex":"Male","AgeRange":"80+","DateOfDeath":"2020-12-29","StateOfDeath":"OH","StateOfResidense":"OH"},{"County":"Sandusky","Sex":"Female","AgeRange":"70-79","DateOfDeath":"2020-12-30","StateOfDeath":"OH","StateOfResidense":"OH"},{"County":"Sandusky","Sex":"Male","AgeRange":"80+","DateOfDeath":"2020-12-30","StateOfDeath":"OH","StateOfResidense":"OH"},{"County":"Sandusky","Sex":"Female","AgeRange":"50-59","DateOfDeath":"2020-12-31","StateOfDeath":"OH","StateOfResidense":"OH"},{"County":"Sandusky","Sex":"Female","AgeRange":"80+","DateOfDeath":"2021-01-04","StateOfDeath":"OH","StateOfResidense":"OH"},{"County":"Sandusky","Sex":"Male","AgeRange":"80+","DateOfDeath":"2021-01-04","StateOfDeath":"OH","StateOfResidense":"OH"},{"County":"Sandusky","Sex":"Female","AgeRange":"80+","DateOfDeath":"2021-01-06","StateOfDeath":"OH","StateOfResidense":"OH"},{"County":"Sandusky","Sex":"Male","AgeRange":"80+","DateOfDeath":"2021-01-06","StateOfDeath":"OH","StateOfResidense":"OH"},{"County":"Sandusky","Sex":"Female","AgeRange":"80+","DateOfDeath":"2021-01-12","StateOfDeath":"OH","StateOfResidense":"OH"},{"County":"Sandusky","Sex":"Female","AgeRange":"80+","DateOfDeath":"2021-01-13","StateOfDeath":"OH","StateOfResidense":"OH"},{"County":"Sandusky","Sex":"Female","AgeRange":"70-79","DateOfDeath":"2021-01-13","StateOfDeath":"OH","StateOfResidense":"OH"},{"County":"Sandusky","Sex":"Female","AgeRange":"80+","DateOfDeath":"2021-01-15","StateOfDeath":"OH","StateOfResidense":"OH"},{"County":"Sandusky","Sex":"Female","AgeRange":"80+","DateOfDeath":"2021-01-21","StateOfDeath":"OH","StateOfResidense":"OH"},{"County":"Sandusky","Sex":"Male","AgeRange":"70-79","DateOfDeath":"2021-01-25","StateOfDeath":"OH","StateOfResidense":"OH"},{"County":"Sandusky","Sex":"Female","AgeRange":"50-59","DateOfDeath":"2021-01-28","StateOfDeath":"OH","StateOfResidense":"OH"},{"County":"Sandusky","Sex":"Female","AgeRange":"80+","DateOfDeath":"2021-01-28","StateOfDeath":"OH","StateOfResidense":"OH"},{"County":"Sandusky","Sex":"Male","AgeRange":"70-79","DateOfDeath":"2021-01-29","StateOfDeath":"OH","StateOfResidense":"OH"},{"County":"Sandusky","Sex":"Male","AgeRange":"70-79","DateOfDeath":"2021-02-02","StateOfDeath":"OH","StateOfResidense":"OH"},{"County":"Sandusky","Sex":"Female","AgeRange":"70-79","DateOfDeath":"2021-02-02","StateOfDeath":"OH","StateOfResidense":"OH"},{"County":"Sandusky","Sex":"Male","AgeRange":"80+","DateOfDeath":"2021-02-06","StateOfDeath":"OH","StateOfResidense":"OH"},{"County":"Sandusky","Sex":"Male","AgeRange":"50-59","DateOfDeath":"2021-02-07","StateOfDeath":"OH","StateOfResidense":"OH"},{"County":"Sandusky","Sex":"Male","AgeRange":"80+","DateOfDeath":"2021-02-18","StateOfDeath":"OH","StateOfResidense":"OH"},{"County":"Sandusky","Sex":"Female","AgeRange":"70-79","DateOfDeath":"2021-02-20","StateOfDeath":"OH","StateOfResidense":"OH"},{"County":"Sandusky","Sex":"Female","AgeRange":"40-49","DateOfDeath":"2021-05-27","StateOfDeath":"OH","StateOfResidense":"OH"},{"County":"Sandusky","Sex":"Male","AgeRange":"0-19","DateOfDeath":"2021-06-01","StateOfDeath":"OH","StateOfResidense":"OH"},{"County":"Sandusky","Sex":"Female","AgeRange":"80+","DateOfDeath":"2021-06-16","StateOfDeath":"OH","StateOfResidense":"OH"},{"County":"Sandusky","Sex":"Female","AgeRange":"80+","DateOfDeath":"2021-07-02","StateOfDeath":"OH","StateOfResidense":"OH"},{"County":"Sandusky","Sex":"Male","AgeRange":"60-69","DateOfDeath":"2021-08-07","StateOfDeath":"OH","StateOfResidense":"OH"},{"County":"Sandusky","Sex":"Female","AgeRange":"70-79","DateOfDeath":"2021-08-18","StateOfDeath":"OH","StateOfResidense":"OH"},{"County":"Sandusky","Sex":"Female","AgeRange":"70-79","DateOfDeath":"2021-09-01","StateOfDeath":"OH","StateOfResidense":"OH"},{"County":"Sandusky","Sex":"Male","AgeRange":"80+","DateOfDeath":"2021-09-09","StateOfDeath":"OH","StateOfResidense":"OH"},{"County":"Sandusky","Sex":"Female","AgeRange":"60-69","DateOfDeath":"2021-09-10","StateOfDeath":"OH","StateOfResidense":"OH"},{"County":"Sandusky","Sex":"Female","AgeRange":"80+","DateOfDeath":"2021-09-11","StateOfDeath":"OH","StateOfResidense":"OH"},{"County":"Sandusky","Sex":"Female","AgeRange":"70-79","DateOfDeath":"2021-09-12","StateOfDeath":"OH","StateOfResidense":"OH"},{"County":"Sandusky","Sex":"Female","AgeRange":"60-69","DateOfDeath":"2021-09-14","StateOfDeath":"OH","StateOfResidense":"OH"},{"County":"Sandusky","Sex":"Male","AgeRange":"20-29","DateOfDeath":"2021-09-14","StateOfDeath":"OH","StateOfResidense":"OH"},{"County":"Sandusky","Sex":"Female","AgeRange":"70-79","DateOfDeath":"2021-09-16","StateOfDeath":"OH","StateOfResidense":"OH"},{"County":"Sandusky","Sex":"Male","AgeRange":"70-79","DateOfDeath":"2021-09-17","StateOfDeath":"OH","StateOfResidense":"OH"},{"County":"Sandusky","Sex":"Female","AgeRange":"30-39","DateOfDeath":"2021-09-20","StateOfDeath":"OH","StateOfResidense":"OH"},{"County":"Sandusky","Sex":"Male","AgeRange":"70-79","DateOfDeath":"2021-09-21","StateOfDeath":"OH","StateOfResidense":"OH"},{"County":"Sandusky","Sex":"Female","AgeRange":"70-79","DateOfDeath":"2021-09-22","StateOfDeath":"OH","StateOfResidense":"OH"},{"County":"Sandusky","Sex":"Male","AgeRange":"80+","DateOfDeath":"2021-09-25","StateOfDeath":"OH","StateOfResidense":"OH"},{"County":"Sandusky","Sex":"Female","AgeRange":"80+","DateOfDeath":"2021-10-02","StateOfDeath":"OH","StateOfResidense":"OH"},{"County":"Sandusky","Sex":"Male","AgeRange":"80+","DateOfDeath":"2021-10-08","StateOfDeath":"OH","StateOfResidense":"OH"},{"County":"Sandusky","Sex":"Male","AgeRange":"60-69","DateOfDeath":"2021-10-10","StateOfDeath":"OH","StateOfResidense":"OH"},{"County":"Sandusky","Sex":"Male","AgeRange":"60-69","DateOfDeath":"2021-10-16","StateOfDeath":"OH","StateOfResidense":"OH"},{"County":"Sandusky","Sex":"Female","AgeRange":"60-69","DateOfDeath":"2021-10-17","StateOfDeath":"OH","StateOfResidense":"OH"},{"County":"Sandusky","Sex":"Female","AgeRange":"60-69","DateOfDeath":"2021-10-18","StateOfDeath":"OH","StateOfResidense":"OH"},{"County":"Sandusky","Sex":"Male","AgeRange":"60-69","DateOfDeath":"2021-10-18","StateOfDeath":"OH","StateOfResidense":"OH"},{"County":"Sandusky","Sex":"Male","AgeRange":"80+","DateOfDeath":"2021-10-20","StateOfDeath":"OH","StateOfResidense":"OH"},{"County":"Sandusky","Sex":"Male","AgeRange":"80+","DateOfDeath":"2021-10-21","StateOfDeath":"OH","StateOfResidense":"OH"},{"County":"Sandusky","Sex":"Male","AgeRange":"40-49","DateOfDeath":"2021-10-23","StateOfDeath":"OH","StateOfResidense":"OH"},{"County":"Sandusky","Sex":"Female","AgeRange":"80+","DateOfDeath":"2021-10-24","StateOfDeath":"OH","StateOfResidense":"OH"},{"County":"Sandusky","Sex":"Male","AgeRange":"60-69","DateOfDeath":"2021-10-24","StateOfDeath":"OH","StateOfResidense":"OH"},{"County":"Sandusky","Sex":"Male","AgeRange":"60-69","DateOfDeath":"2021-10-27","StateOfDeath":"OH","StateOfResidense":"OH"},{"County":"Sandusky","Sex":"Female","AgeRange":"60-69","DateOfDeath":"2021-11-13","StateOfDeath":"OH","StateOfResidense":"OH"}]