[{"County":"Preble","Sex":"Male","AgeRange":"70-79","DateOfDeath":"2020-11-10","StateOfDeath":"OH","StateOfResidense":"OH"},{"County":"Preble","Sex":"Male","AgeRange":"60-69","DateOfDeath":"2020-11-13","StateOfDeath":"OH","StateOfResidense":"OH"},{"County":"Preble","Sex":"Male","AgeRange":"80+","DateOfDeath":"2020-11-22","StateOfDeath":"OH","StateOfResidense":"OH"},{"County":"Preble","Sex":"Male","AgeRange":"60-69","DateOfDeath":"2020-11-28","StateOfDeath":"OH","StateOfResidense":"OH"},{"County":"Preble","Sex":"Male","AgeRange":"50-59","DateOfDeath":"2020-12-09","StateOfDeath":"OH","StateOfResidense":"OH"},{"County":"Preble","Sex":"Male","AgeRange":"70-79","DateOfDeath":"2020-12-10","StateOfDeath":"OH","StateOfResidense":"OH"},{"County":"Preble","Sex":"Female","AgeRange":"80+","DateOfDeath":"2020-12-15","StateOfDeath":"OH","StateOfResidense":"OH"},{"County":"Preble","Sex":"Female","AgeRange":"70-79","DateOfDeath":"2020-12-16","StateOfDeath":"OH","StateOfResidense":"OH"},{"County":"Preble","Sex":"Male","AgeRange":"70-79","DateOfDeath":"2020-12-18","StateOfDeath":"OH","StateOfResidense":"OH"},{"County":"Preble","Sex":"Male","AgeRange":"80+","DateOfDeath":"2020-12-19","StateOfDeath":"OH","StateOfResidense":"OH"},{"County":"Preble","Sex":"Female","AgeRange":"80+","DateOfDeath":"2020-12-21","StateOfDeath":"OH","StateOfResidense":"OH"},{"County":"Preble","Sex":"Male","AgeRange":"80+","DateOfDeath":"2020-12-30","StateOfDeath":"OH","StateOfResidense":"OH"},{"County":"Preble","Sex":"Female","AgeRange":"70-79","DateOfDeath":"2021-01-02","StateOfDeath":"OH","StateOfResidense":"OH"},{"County":"Preble","Sex":"Male","AgeRange":"80+","DateOfDeath":"2021-01-09","StateOfDeath":"OH","StateOfResidense":"OH"},{"County":"Preble","Sex":"Male","AgeRange":"70-79","DateOfDeath":"2021-01-10","StateOfDeath":"OH","StateOfResidense":"OH"},{"County":"Preble","Sex":"Female","AgeRange":"80+","DateOfDeath":"2021-01-13","StateOfDeath":"OH","StateOfResidense":"OH"},{"County":"Preble","Sex":"Female","AgeRange":"70-79","DateOfDeath":"2021-01-17","StateOfDeath":"OH","StateOfResidense":"OH"},{"County":"Preble","Sex":"Male","AgeRange":"70-79","DateOfDeath":"2021-02-06","StateOfDeath":"OH","StateOfResidense":"OH"},{"County":"Preble","Sex":"Male","AgeRange":"80+","DateOfDeath":"2021-02-12","StateOfDeath":"OH","StateOfResidense":"OH"},{"County":"Preble","Sex":"Male","AgeRange":"50-59","DateOfDeath":"2021-03-06","StateOfDeath":"OH","StateOfResidense":"OH"},{"County":"Preble","Sex":"Male","AgeRange":"80+","DateOfDeath":"2021-08-03","StateOfDeath":"OH","StateOfResidense":"OH"},{"County":"Preble","Sex":"Male","AgeRange":"70-79","DateOfDeath":"2021-08-08","StateOfDeath":"OH","StateOfResidense":"OH"},{"County":"Preble","Sex":"Male","AgeRange":"50-59","DateOfDeath":"2021-09-07","StateOfDeath":"OH","StateOfResidense":"OH"},{"County":"Preble","Sex":"Male","AgeRange":"40-49","DateOfDeath":"2021-10-26","StateOfDeath":"OH","StateOfResidense":"OH"}]