[{"County":"Washington","Sex":"Male","AgeRange":"80+","DateOfDeath":"2020-11-10","StateOfDeath":"OH","StateOfResidense":"OH"},{"County":"Washington","Sex":"Male","AgeRange":"70-79","DateOfDeath":"2020-11-10","StateOfDeath":"OH","StateOfResidense":"WV"},{"County":"Washington","Sex":"Male","AgeRange":"80+","DateOfDeath":"2020-11-11","StateOfDeath":"OH","StateOfResidense":"OH"},{"County":"Washington","Sex":"Male","AgeRange":"60-69","DateOfDeath":"2020-11-13","StateOfDeath":"OH","StateOfResidense":"OH"},{"County":"Washington","Sex":"Male","AgeRange":"70-79","DateOfDeath":"2020-11-13","StateOfDeath":"OH","StateOfResidense":"OH"},{"County":"Washington","Sex":"Female","AgeRange":"80+","DateOfDeath":"2020-11-16","StateOfDeath":"OH","StateOfResidense":"WV"},{"County":"Washington","Sex":"Female","AgeRange":"80+","DateOfDeath":"2020-11-17","StateOfDeath":"OH","StateOfResidense":"OH"},{"County":"Washington","Sex":"Male","AgeRange":"60-69","DateOfDeath":"2020-11-19","StateOfDeath":"OH","StateOfResidense":"WV"},{"County":"Washington","Sex":"Male","AgeRange":"60-69","DateOfDeath":"2020-11-21","StateOfDeath":"OH","StateOfResidense":"OH"},{"County":"Washington","Sex":"Male","AgeRange":"70-79","DateOfDeath":"2020-11-22","StateOfDeath":"OH","StateOfResidense":"WV"},{"County":"Washington","Sex":"Female","AgeRange":"80+","DateOfDeath":"2020-11-23","StateOfDeath":"OH","StateOfResidense":"WV"},{"County":"Washington","Sex":"Male","AgeRange":"70-79","DateOfDeath":"2020-11-24","StateOfDeath":"OH","StateOfResidense":"OH"},{"County":"Washington","Sex":"Male","AgeRange":"80+","DateOfDeath":"2020-11-25","StateOfDeath":"OH","StateOfResidense":"OH"},{"County":"Washington","Sex":"Female","AgeRange":"80+","DateOfDeath":"2020-11-27","StateOfDeath":"OH","StateOfResidense":"OH"},{"County":"Washington","Sex":"Male","AgeRange":"70-79","DateOfDeath":"2020-11-27","StateOfDeath":"OH","StateOfResidense":"OH"},{"County":"Washington","Sex":"Male","AgeRange":"80+","DateOfDeath":"2020-11-27","StateOfDeath":"OH","StateOfResidense":"OH"},{"County":"Washington","Sex":"Female","AgeRange":"60-69","DateOfDeath":"2020-11-28","StateOfDeath":"OH","StateOfResidense":"OH"},{"County":"Washington","Sex":"Female","AgeRange":"80+","DateOfDeath":"2020-11-28","StateOfDeath":"OH","StateOfResidense":"OH"},{"County":"Washington","Sex":"Male","AgeRange":"70-79","DateOfDeath":"2020-11-28","StateOfDeath":"OH","StateOfResidense":"OH"},{"County":"Washington","Sex":"Male","AgeRange":"80+","DateOfDeath":"2020-11-30","StateOfDeath":"OH","StateOfResidense":"OH"},{"County":"Washington","Sex":"Female","AgeRange":"60-69","DateOfDeath":"2020-11-30","StateOfDeath":"OH","StateOfResidense":"OH"},{"County":"Washington","Sex":"Male","AgeRange":"80+","DateOfDeath":"2020-12-03","StateOfDeath":"OH","StateOfResidense":"OH"},{"County":"Washington","Sex":"Male","AgeRange":"80+","DateOfDeath":"2020-12-03","StateOfDeath":"OH","StateOfResidense":"WV"},{"County":"Washington","Sex":"Female","AgeRange":"40-49","DateOfDeath":"2020-12-04","StateOfDeath":"OH","StateOfResidense":"OH"},{"County":"Washington","Sex":"Female","AgeRange":"60-69","DateOfDeath":"2020-12-04","StateOfDeath":"OH","StateOfResidense":"WV"},{"County":"Washington","Sex":"Female","AgeRange":"80+","DateOfDeath":"2020-12-05","StateOfDeath":"OH","StateOfResidense":"OH"},{"County":"Washington","Sex":"Male","AgeRange":"80+","DateOfDeath":"2020-12-05","StateOfDeath":"OH","StateOfResidense":"OH"},{"County":"Washington","Sex":"Male","AgeRange":"70-79","DateOfDeath":"2020-12-05","StateOfDeath":"OH","StateOfResidense":"WV"},{"County":"Washington","Sex":"Male","AgeRange":"80+","DateOfDeath":"2020-12-05","StateOfDeath":"OH","StateOfResidense":"WV"},{"County":"Washington","Sex":"Female","AgeRange":"80+","DateOfDeath":"2020-12-07","StateOfDeath":"OH","StateOfResidense":"OH"},{"County":"Washington","Sex":"Female","AgeRange":"70-79","DateOfDeath":"2020-12-07","StateOfDeath":"OH","StateOfResidense":"OH"},{"County":"Washington","Sex":"Male","AgeRange":"80+","DateOfDeath":"2020-12-08","StateOfDeath":"OH","StateOfResidense":"OH"},{"County":"Washington","Sex":"Male","AgeRange":"80+","DateOfDeath":"2020-12-08","StateOfDeath":"OH","StateOfResidense":"WV"},{"County":"Washington","Sex":"Female","AgeRange":"80+","DateOfDeath":"2020-12-10","StateOfDeath":"OH","StateOfResidense":"OH"},{"County":"Washington","Sex":"Male","AgeRange":"80+","DateOfDeath":"2020-12-10","StateOfDeath":"OH","StateOfResidense":"OH"},{"County":"Washington","Sex":"Male","AgeRange":"70-79","DateOfDeath":"2020-12-11","StateOfDeath":"OH","StateOfResidense":"WV"},{"County":"Washington","Sex":"Female","AgeRange":"80+","DateOfDeath":"2020-12-11","StateOfDeath":"OH","StateOfResidense":"OH"},{"County":"Washington","Sex":"Male","AgeRange":"60-69","DateOfDeath":"2020-12-11","StateOfDeath":"OH","StateOfResidense":"OH"},{"County":"Washington","Sex":"Male","AgeRange":"80+","DateOfDeath":"2020-12-11","StateOfDeath":"OH","StateOfResidense":"OH"},{"County":"Washington","Sex":"Female","AgeRange":"80+","DateOfDeath":"2020-12-11","StateOfDeath":"OH","StateOfResidense":"WV"},{"County":"Washington","Sex":"Female","AgeRange":"80+","DateOfDeath":"2020-12-12","StateOfDeath":"OH","StateOfResidense":"OH"},{"County":"Washington","Sex":"Male","AgeRange":"60-69","DateOfDeath":"2020-12-12","StateOfDeath":"OH","StateOfResidense":"WV"},{"County":"Washington","Sex":"Female","AgeRange":"60-69","DateOfDeath":"2020-12-13","StateOfDeath":"OH","StateOfResidense":"WV"},{"County":"Washington","Sex":"Female","AgeRange":"70-79","DateOfDeath":"2020-12-13","StateOfDeath":"OH","StateOfResidense":"OH"},{"County":"Washington","Sex":"Male","AgeRange":"40-49","DateOfDeath":"2020-12-13","StateOfDeath":"OH","StateOfResidense":"OH"},{"County":"Washington","Sex":"Female","AgeRange":"80+","DateOfDeath":"2020-12-14","StateOfDeath":"OH","StateOfResidense":"OH"},{"County":"Washington","Sex":"Male","AgeRange":"60-69","DateOfDeath":"2020-12-15","StateOfDeath":"OH","StateOfResidense":"OH"},{"County":"Washington","Sex":"Female","AgeRange":"80+","DateOfDeath":"2020-12-15","StateOfDeath":"OH","StateOfResidense":"WV"},{"County":"Washington","Sex":"Male","AgeRange":"70-79","DateOfDeath":"2020-12-17","StateOfDeath":"OH","StateOfResidense":"OH"},{"County":"Washington","Sex":"Female","AgeRange":"80+","DateOfDeath":"2020-12-17","StateOfDeath":"OH","StateOfResidense":"WV"},{"County":"Washington","Sex":"Male","AgeRange":"60-69","DateOfDeath":"2020-12-17","StateOfDeath":"OH","StateOfResidense":"WV"},{"County":"Washington","Sex":"Female","AgeRange":"80+","DateOfDeath":"2020-12-18","StateOfDeath":"OH","StateOfResidense":"WV"},{"County":"Washington","Sex":"Female","AgeRange":"60-69","DateOfDeath":"2020-12-18","StateOfDeath":"OH","StateOfResidense":"OH"},{"County":"Washington","Sex":"Female","AgeRange":"60-69","DateOfDeath":"2020-12-19","StateOfDeath":"OH","StateOfResidense":"OH"},{"County":"Washington","Sex":"Male","AgeRange":"80+","DateOfDeath":"2020-12-19","StateOfDeath":"OH","StateOfResidense":"WV"},{"County":"Washington","Sex":"Male","AgeRange":"80+","DateOfDeath":"2020-12-20","StateOfDeath":"OH","StateOfResidense":"OH"},{"County":"Washington","Sex":"Male","AgeRange":"80+","DateOfDeath":"2020-12-21","StateOfDeath":"OH","StateOfResidense":"OH"},{"County":"Washington","Sex":"Male","AgeRange":"70-79","DateOfDeath":"2020-12-22","StateOfDeath":"OH","StateOfResidense":"OH"},{"County":"Washington","Sex":"Male","AgeRange":"80+","DateOfDeath":"2020-12-22","StateOfDeath":"OH","StateOfResidense":"OH"},{"County":"Washington","Sex":"Female","AgeRange":"80+","DateOfDeath":"2020-12-22","StateOfDeath":"OH","StateOfResidense":"WV"},{"County":"Washington","Sex":"Male","AgeRange":"60-69","DateOfDeath":"2020-12-25","StateOfDeath":"OH","StateOfResidense":"OH"},{"County":"Washington","Sex":"Female","AgeRange":"60-69","DateOfDeath":"2020-12-27","StateOfDeath":"OH","StateOfResidense":"WV"},{"County":"Washington","Sex":"Female","AgeRange":"80+","DateOfDeath":"2020-12-28","StateOfDeath":"OH","StateOfResidense":"WV"},{"County":"Washington","Sex":"Female","AgeRange":"70-79","DateOfDeath":"2020-12-30","StateOfDeath":"OH","StateOfResidense":"OH"},{"County":"Washington","Sex":"Female","AgeRange":"70-79","DateOfDeath":"2020-12-30","StateOfDeath":"OH","StateOfResidense":"WV"},{"County":"Washington","Sex":"Male","AgeRange":"80+","DateOfDeath":"2020-12-30","StateOfDeath":"OH","StateOfResidense":"WV"},{"County":"Washington","Sex":"Female","AgeRange":"60-69","DateOfDeath":"2020-12-31","StateOfDeath":"OH","StateOfResidense":"WV"},{"County":"Washington","Sex":"Female","AgeRange":"70-79","DateOfDeath":"2021-01-01","StateOfDeath":"OH","StateOfResidense":"OH"},{"County":"Washington","Sex":"Male","AgeRange":"80+","DateOfDeath":"2021-01-02","StateOfDeath":"OH","StateOfResidense":"WV"},{"County":"Washington","Sex":"Male","AgeRange":"70-79","DateOfDeath":"2021-01-02","StateOfDeath":"OH","StateOfResidense":"OH"},{"County":"Washington","Sex":"Male","AgeRange":"80+","DateOfDeath":"2021-01-03","StateOfDeath":"OH","StateOfResidense":"WV"},{"County":"Washington","Sex":"Male","AgeRange":"70-79","DateOfDeath":"2021-01-04","StateOfDeath":"OH","StateOfResidense":"OH"},{"County":"Washington","Sex":"Female","AgeRange":"80+","DateOfDeath":"2021-01-04","StateOfDeath":"OH","StateOfResidense":"WV"},{"County":"Washington","Sex":"Male","AgeRange":"80+","DateOfDeath":"2021-01-05","StateOfDeath":"OH","StateOfResidense":"OH"},{"County":"Washington","Sex":"Female","AgeRange":"40-49","DateOfDeath":"2021-01-05","StateOfDeath":"OH","StateOfResidense":"WV"},{"County":"Washington","Sex":"Male","AgeRange":"80+","DateOfDeath":"2021-01-07","StateOfDeath":"OH","StateOfResidense":"WV"},{"County":"Washington","Sex":"Male","AgeRange":"70-79","DateOfDeath":"2021-01-08","StateOfDeath":"OH","StateOfResidense":"OH"},{"County":"Washington","Sex":"Female","AgeRange":"80+","DateOfDeath":"2021-01-10","StateOfDeath":"OH","StateOfResidense":"OH"},{"County":"Washington","Sex":"Male","AgeRange":"80+","DateOfDeath":"2021-01-12","StateOfDeath":"OH","StateOfResidense":"OH"},{"County":"Washington","Sex":"Female","AgeRange":"80+","DateOfDeath":"2021-01-16","StateOfDeath":"OH","StateOfResidense":"OH"},{"County":"Washington","Sex":"Female","AgeRange":"80+","DateOfDeath":"2021-01-18","StateOfDeath":"OH","StateOfResidense":"WV"},{"County":"Washington","Sex":"Male","AgeRange":"60-69","DateOfDeath":"2021-01-20","StateOfDeath":"OH","StateOfResidense":"OH"},{"County":"Washington","Sex":"Male","AgeRange":"70-79","DateOfDeath":"2021-01-20","StateOfDeath":"OH","StateOfResidense":"WV"},{"County":"Washington","Sex":"Male","AgeRange":"60-69","DateOfDeath":"2021-01-22","StateOfDeath":"OH","StateOfResidense":"WV"},{"County":"Washington","Sex":"Male","AgeRange":"80+","DateOfDeath":"2021-01-22","StateOfDeath":"OH","StateOfResidense":"OH"},{"County":"Washington","Sex":"Female","AgeRange":"70-79","DateOfDeath":"2021-01-23","StateOfDeath":"OH","StateOfResidense":"OH"},{"County":"Washington","Sex":"Female","AgeRange":"80+","DateOfDeath":"2021-01-23","StateOfDeath":"OH","StateOfResidense":"OH"},{"County":"Washington","Sex":"Male","AgeRange":"80+","DateOfDeath":"2021-01-25","StateOfDeath":"OH","StateOfResidense":"OH"},{"County":"Washington","Sex":"Male","AgeRange":"80+","DateOfDeath":"2021-01-26","StateOfDeath":"OH","StateOfResidense":"OH"},{"County":"Washington","Sex":"Male","AgeRange":"70-79","DateOfDeath":"2021-01-27","StateOfDeath":"OH","StateOfResidense":"WV"},{"County":"Washington","Sex":"Female","AgeRange":"80+","DateOfDeath":"2021-01-27","StateOfDeath":"OH","StateOfResidense":"WV"},{"County":"Washington","Sex":"Male","AgeRange":"60-69","DateOfDeath":"2021-01-28","StateOfDeath":"OH","StateOfResidense":"OH"},{"County":"Washington","Sex":"Male","AgeRange":"70-79","DateOfDeath":"2021-01-31","StateOfDeath":"OH","StateOfResidense":"WV"},{"County":"Washington","Sex":"Male","AgeRange":"80+","DateOfDeath":"2021-02-05","StateOfDeath":"OH","StateOfResidense":"OH"},{"County":"Washington","Sex":"Male","AgeRange":"70-79","DateOfDeath":"2021-02-08","StateOfDeath":"OH","StateOfResidense":"OH"},{"County":"Washington","Sex":"Male","AgeRange":"70-79","DateOfDeath":"2021-02-10","StateOfDeath":"OH","StateOfResidense":"OH"},{"County":"Washington","Sex":"Male","AgeRange":"80+","DateOfDeath":"2021-02-10","StateOfDeath":"OH","StateOfResidense":"OH"},{"County":"Washington","Sex":"Male","AgeRange":"70-79","DateOfDeath":"2021-02-15","StateOfDeath":"OH","StateOfResidense":"OH"},{"County":"Washington","Sex":"Female","AgeRange":"80+","DateOfDeath":"2021-02-18","StateOfDeath":"OH","StateOfResidense":"OH"},{"County":"Washington","Sex":"Male","AgeRange":"70-79","DateOfDeath":"2021-02-21","StateOfDeath":"OH","StateOfResidense":"WV"},{"County":"Washington","Sex":"Female","AgeRange":"80+","DateOfDeath":"2021-02-23","StateOfDeath":"OH","StateOfResidense":"WV"},{"County":"Washington","Sex":"Female","AgeRange":"60-69","DateOfDeath":"2021-03-01","StateOfDeath":"OH","StateOfResidense":"OH"},{"County":"Washington","Sex":"Female","AgeRange":"60-69","DateOfDeath":"2021-03-03","StateOfDeath":"OH","StateOfResidense":"OH"},{"County":"Washington","Sex":"Male","AgeRange":"60-69","DateOfDeath":"2021-03-10","StateOfDeath":"OH","StateOfResidense":"OH"},{"County":"Washington","Sex":"Female","AgeRange":"70-79","DateOfDeath":"2021-03-10","StateOfDeath":"OH","StateOfResidense":"OH"},{"County":"Washington","Sex":"Male","AgeRange":"50-59","DateOfDeath":"2021-03-17","StateOfDeath":"OH","StateOfResidense":"WV"},{"County":"Washington","Sex":"Male","AgeRange":"60-69","DateOfDeath":"2021-03-24","StateOfDeath":"OH","StateOfResidense":"OH"},{"County":"Washington","Sex":"Male","AgeRange":"60-69","DateOfDeath":"2021-04-06","StateOfDeath":"OH","StateOfResidense":"OH"},{"County":"Washington","Sex":"Male","AgeRange":"70-79","DateOfDeath":"2021-04-25","StateOfDeath":"OH","StateOfResidense":"OH"},{"County":"Washington","Sex":"Female","AgeRange":"80+","DateOfDeath":"2021-05-23","StateOfDeath":"OH","StateOfResidense":"WV"},{"County":"Washington","Sex":"Female","AgeRange":"60-69","DateOfDeath":"2021-05-25","StateOfDeath":"OH","StateOfResidense":"WV"},{"County":"Washington","Sex":"Female","AgeRange":"70-79","DateOfDeath":"2021-06-21","StateOfDeath":"OH","StateOfResidense":"OH"},{"County":"Washington","Sex":"Male","AgeRange":"70-79","DateOfDeath":"2021-08-15","StateOfDeath":"OH","StateOfResidense":"WV"},{"County":"Washington","Sex":"Male","AgeRange":"60-69","DateOfDeath":"2021-08-26","StateOfDeath":"OH","StateOfResidense":"OH"},{"County":"Washington","Sex":"Female","AgeRange":"60-69","DateOfDeath":"2021-08-26","StateOfDeath":"OH","StateOfResidense":"OH"},{"County":"Washington","Sex":"Female","AgeRange":"60-69","DateOfDeath":"2021-08-28","StateOfDeath":"OH","StateOfResidense":"OH"},{"County":"Washington","Sex":"Female","AgeRange":"70-79","DateOfDeath":"2021-08-29","StateOfDeath":"OH","StateOfResidense":"OH"},{"County":"Washington","Sex":"Female","AgeRange":"50-59","DateOfDeath":"2021-08-31","StateOfDeath":"OH","StateOfResidense":"OH"},{"County":"Washington","Sex":"Male","AgeRange":"70-79","DateOfDeath":"2021-09-01","StateOfDeath":"OH","StateOfResidense":"OH"},{"County":"Washington","Sex":"Male","AgeRange":"40-49","DateOfDeath":"2021-09-02","StateOfDeath":"OH","StateOfResidense":"OH"},{"County":"Washington","Sex":"Female","AgeRange":"70-79","DateOfDeath":"2021-09-06","StateOfDeath":"OH","StateOfResidense":"OH"},{"County":"Washington","Sex":"Female","AgeRange":"80+","DateOfDeath":"2021-09-07","StateOfDeath":"OH","StateOfResidense":"OH"},{"County":"Washington","Sex":"Male","AgeRange":"60-69","DateOfDeath":"2021-09-07","StateOfDeath":"OH","StateOfResidense":"OH"},{"County":"Washington","Sex":"Male","AgeRange":"70-79","DateOfDeath":"2021-09-08","StateOfDeath":"OH","StateOfResidense":"OH"},{"County":"Washington","Sex":"Male","AgeRange":"40-49","DateOfDeath":"2021-09-08","StateOfDeath":"OH","StateOfResidense":"WV"},{"County":"Washington","Sex":"Female","AgeRange":"70-79","DateOfDeath":"2021-09-09","StateOfDeath":"OH","StateOfResidense":"OH"},{"County":"Washington","Sex":"Male","AgeRange":"70-79","DateOfDeath":"2021-09-10","StateOfDeath":"OH","StateOfResidense":"OH"},{"County":"Washington","Sex":"Male","AgeRange":"70-79","DateOfDeath":"2021-09-11","StateOfDeath":"OH","StateOfResidense":"OH"},{"County":"Washington","Sex":"Male","AgeRange":"80+","DateOfDeath":"2021-09-12","StateOfDeath":"OH","StateOfResidense":"WV"},{"County":"Washington","Sex":"Female","AgeRange":"70-79","DateOfDeath":"2021-09-14","StateOfDeath":"OH","StateOfResidense":"OH"},{"County":"Washington","Sex":"Male","AgeRange":"40-49","DateOfDeath":"2021-09-14","StateOfDeath":"OH","StateOfResidense":"WV"},{"County":"Washington","Sex":"Female","AgeRange":"40-49","DateOfDeath":"2021-09-15","StateOfDeath":"OH","StateOfResidense":"OH"},{"County":"Washington","Sex":"Female","AgeRange":"50-59","DateOfDeath":"2021-09-15","StateOfDeath":"OH","StateOfResidense":"OH"},{"County":"Washington","Sex":"Female","AgeRange":"30-39","DateOfDeath":"2021-09-15","StateOfDeath":"OH","StateOfResidense":"WV"},{"County":"Washington","Sex":"Male","AgeRange":"70-79","DateOfDeath":"2021-09-16","StateOfDeath":"OH","StateOfResidense":"OH"},{"County":"Washington","Sex":"Female","AgeRange":"70-79","DateOfDeath":"2021-09-16","StateOfDeath":"OH","StateOfResidense":"WV"},{"County":"Washington","Sex":"Female","AgeRange":"50-59","DateOfDeath":"2021-09-16","StateOfDeath":"OH","StateOfResidense":"WV"},{"County":"Washington","Sex":"Male","AgeRange":"50-59","DateOfDeath":"2021-09-17","StateOfDeath":"OH","StateOfResidense":"OH"},{"County":"Washington","Sex":"Male","AgeRange":"60-69","DateOfDeath":"2021-09-17","StateOfDeath":"OH","StateOfResidense":"OH"},{"County":"Washington","Sex":"Male","AgeRange":"80+","DateOfDeath":"2021-09-17","StateOfDeath":"OH","StateOfResidense":"OH"},{"County":"Washington","Sex":"Male","AgeRange":"70-79","DateOfDeath":"2021-09-17","StateOfDeath":"OH","StateOfResidense":"WV"},{"County":"Washington","Sex":"Male","AgeRange":"50-59","DateOfDeath":"2021-09-21","StateOfDeath":"OH","StateOfResidense":"OH"},{"County":"Washington","Sex":"Male","AgeRange":"70-79","DateOfDeath":"2021-09-23","StateOfDeath":"OH","StateOfResidense":"WV"},{"County":"Washington","Sex":"Male","AgeRange":"60-69","DateOfDeath":"2021-09-23","StateOfDeath":"OH","StateOfResidense":"OH"},{"County":"Washington","Sex":"Male","AgeRange":"40-49","DateOfDeath":"2021-09-23","StateOfDeath":"OH","StateOfResidense":"WV"},{"County":"Washington","Sex":"Male","AgeRange":"60-69","DateOfDeath":"2021-09-27","StateOfDeath":"OH","StateOfResidense":"OH"},{"County":"Washington","Sex":"Female","AgeRange":"30-39","DateOfDeath":"2021-09-28","StateOfDeath":"OH","StateOfResidense":"OH"},{"County":"Washington","Sex":"Male","AgeRange":"50-59","DateOfDeath":"2021-09-29","StateOfDeath":"OH","StateOfResidense":"OH"},{"County":"Washington","Sex":"Male","AgeRange":"30-39","DateOfDeath":"2021-09-30","StateOfDeath":"OH","StateOfResidense":"OH"},{"County":"Washington","Sex":"Female","AgeRange":"70-79","DateOfDeath":"2021-10-01","StateOfDeath":"OH","StateOfResidense":"WV"},{"County":"Washington","Sex":"Male","AgeRange":"60-69","DateOfDeath":"2021-10-02","StateOfDeath":"OH","StateOfResidense":"WV"},{"County":"Washington","Sex":"Male","AgeRange":"50-59","DateOfDeath":"2021-10-03","StateOfDeath":"OH","StateOfResidense":"OH"},{"County":"Washington","Sex":"Male","AgeRange":"80+","DateOfDeath":"2021-10-03","StateOfDeath":"OH","StateOfResidense":"OH"},{"County":"Washington","Sex":"Female","AgeRange":"80+","DateOfDeath":"2021-10-05","StateOfDeath":"OH","StateOfResidense":"OH"},{"County":"Washington","Sex":"Female","AgeRange":"50-59","DateOfDeath":"2021-10-07","StateOfDeath":"OH","StateOfResidense":"OH"},{"County":"Washington","Sex":"Male","AgeRange":"80+","DateOfDeath":"2021-10-09","StateOfDeath":"OH","StateOfResidense":"OH"},{"County":"Washington","Sex":"Female","AgeRange":"60-69","DateOfDeath":"2021-10-10","StateOfDeath":"OH","StateOfResidense":"OH"},{"County":"Washington","Sex":"Female","AgeRange":"60-69","DateOfDeath":"2021-10-12","StateOfDeath":"OH","StateOfResidense":"OH"},{"County":"Washington","Sex":"Male","AgeRange":"50-59","DateOfDeath":"2021-10-14","StateOfDeath":"OH","StateOfResidense":"OH"},{"County":"Washington","Sex":"Male","AgeRange":"80+","DateOfDeath":"2021-10-14","StateOfDeath":"OH","StateOfResidense":"OH"},{"County":"Washington","Sex":"Male","AgeRange":"50-59","DateOfDeath":"2021-10-14","StateOfDeath":"OH","StateOfResidense":"WV"},{"County":"Washington","Sex":"Male","AgeRange":"80+","DateOfDeath":"2021-10-17","StateOfDeath":"OH","StateOfResidense":"OH"},{"County":"Washington","Sex":"Female","AgeRange":"80+","DateOfDeath":"2021-10-17","StateOfDeath":"OH","StateOfResidense":"WV"},{"County":"Washington","Sex":"Male","AgeRange":"70-79","DateOfDeath":"2021-10-18","StateOfDeath":"OH","StateOfResidense":"WV"},{"County":"Washington","Sex":"Female","AgeRange":"50-59","DateOfDeath":"2021-10-22","StateOfDeath":"OH","StateOfResidense":"WV"},{"County":"Washington","Sex":"Female","AgeRange":"60-69","DateOfDeath":"2021-10-22","StateOfDeath":"OH","StateOfResidense":"OH"},{"County":"Washington","Sex":"Male","AgeRange":"60-69","DateOfDeath":"2021-10-25","StateOfDeath":"OH","StateOfResidense":"NY"},{"County":"Washington","Sex":"Female","AgeRange":"70-79","DateOfDeath":"2021-10-25","StateOfDeath":"OH","StateOfResidense":"OH"},{"County":"Washington","Sex":"Male","AgeRange":"50-59","DateOfDeath":"2021-10-28","StateOfDeath":"OH","StateOfResidense":"WV"},{"County":"Washington","Sex":"Male","AgeRange":"50-59","DateOfDeath":"2021-11-13","StateOfDeath":"OH","StateOfResidense":"WV"},{"County":"Washington","Sex":"Female","AgeRange":"50-59","DateOfDeath":"2021-11-14","StateOfDeath":"OH","StateOfResidense":"WV"},{"County":"Washington","Sex":"Female","AgeRange":"70-79","DateOfDeath":"2021-11-21","StateOfDeath":"OH","StateOfResidense":"OH"},{"County":"Washington","Sex":"Female","AgeRange":"70-79","DateOfDeath":"2021-11-27","StateOfDeath":"OH","StateOfResidense":"WV"}]