[{"County":"Hancock","Sex":"Male","AgeRange":"80+","DateOfDeath":"2020-11-10","StateOfDeath":"OH","StateOfResidense":"OH"},{"County":"Hancock","Sex":"Male","AgeRange":"70-79","DateOfDeath":"2020-11-12","StateOfDeath":"OH","StateOfResidense":"OH"},{"County":"Hancock","Sex":"Male","AgeRange":"80+","DateOfDeath":"2020-11-12","StateOfDeath":"OH","StateOfResidense":"OH"},{"County":"Hancock","Sex":"Male","AgeRange":"80+","DateOfDeath":"2020-11-15","StateOfDeath":"OH","StateOfResidense":"OH"},{"County":"Hancock","Sex":"Male","AgeRange":"80+","DateOfDeath":"2020-11-16","StateOfDeath":"OH","StateOfResidense":"OH"},{"County":"Hancock","Sex":"Male","AgeRange":"60-69","DateOfDeath":"2020-11-19","StateOfDeath":"OH","StateOfResidense":"OH"},{"County":"Hancock","Sex":"Male","AgeRange":"70-79","DateOfDeath":"2020-11-20","StateOfDeath":"OH","StateOfResidense":"OH"},{"County":"Hancock","Sex":"Male","AgeRange":"80+","DateOfDeath":"2020-11-21","StateOfDeath":"OH","StateOfResidense":"OH"},{"County":"Hancock","Sex":"Male","AgeRange":"70-79","DateOfDeath":"2020-11-24","StateOfDeath":"OH","StateOfResidense":"OH"},{"County":"Hancock","Sex":"Female","AgeRange":"70-79","DateOfDeath":"2020-11-25","StateOfDeath":"OH","StateOfResidense":"OH"},{"County":"Hancock","Sex":"Male","AgeRange":"70-79","DateOfDeath":"2020-11-25","StateOfDeath":"OH","StateOfResidense":"OH"},{"County":"Hancock","Sex":"Male","AgeRange":"80+","DateOfDeath":"2020-11-25","StateOfDeath":"OH","StateOfResidense":"OH"},{"County":"Hancock","Sex":"Male","AgeRange":"80+","DateOfDeath":"2020-11-25","StateOfDeath":"OH","StateOfResidense":"OH"},{"County":"Hancock","Sex":"Male","AgeRange":"40-49","DateOfDeath":"2020-11-25","StateOfDeath":"OH","StateOfResidense":"OH"},{"County":"Hancock","Sex":"Male","AgeRange":"80+","DateOfDeath":"2020-11-26","StateOfDeath":"OH","StateOfResidense":"OH"},{"County":"Hancock","Sex":"Male","AgeRange":"60-69","DateOfDeath":"2020-11-26","StateOfDeath":"OH","StateOfResidense":"OH"},{"County":"Hancock","Sex":"Male","AgeRange":"60-69","DateOfDeath":"2020-11-28","StateOfDeath":"OH","StateOfResidense":"OH"},{"County":"Hancock","Sex":"Male","AgeRange":"70-79","DateOfDeath":"2020-11-28","StateOfDeath":"OH","StateOfResidense":"OH"},{"County":"Hancock","Sex":"Male","AgeRange":"80+","DateOfDeath":"2020-11-29","StateOfDeath":"OH","StateOfResidense":"OH"},{"County":"Hancock","Sex":"Female","AgeRange":"70-79","DateOfDeath":"2020-11-29","StateOfDeath":"OH","StateOfResidense":"OH"},{"County":"Hancock","Sex":"Female","AgeRange":"80+","DateOfDeath":"2020-11-30","StateOfDeath":"OH","StateOfResidense":"OH"},{"County":"Hancock","Sex":"Male","AgeRange":"80+","DateOfDeath":"2020-11-30","StateOfDeath":"OH","StateOfResidense":"OH"},{"County":"Hancock","Sex":"Male","AgeRange":"80+","DateOfDeath":"2020-12-01","StateOfDeath":"OH","StateOfResidense":"OH"},{"County":"Hancock","Sex":"Female","AgeRange":"70-79","DateOfDeath":"2020-12-02","StateOfDeath":"OH","StateOfResidense":"OH"},{"County":"Hancock","Sex":"Female","AgeRange":"80+","DateOfDeath":"2020-12-02","StateOfDeath":"OH","StateOfResidense":"OH"},{"County":"Hancock","Sex":"Male","AgeRange":"80+","DateOfDeath":"2020-12-03","StateOfDeath":"OH","StateOfResidense":"OH"},{"County":"Hancock","Sex":"Female","AgeRange":"70-79","DateOfDeath":"2020-12-04","StateOfDeath":"OH","StateOfResidense":"OH"},{"County":"Hancock","Sex":"Male","AgeRange":"70-79","DateOfDeath":"2020-12-04","StateOfDeath":"OH","StateOfResidense":"OH"},{"County":"Hancock","Sex":"Male","AgeRange":"70-79","DateOfDeath":"2020-12-04","StateOfDeath":"OH","StateOfResidense":"OH"},{"County":"Hancock","Sex":"Female","AgeRange":"80+","DateOfDeath":"2020-12-05","StateOfDeath":"OH","StateOfResidense":"OH"},{"County":"Hancock","Sex":"Male","AgeRange":"60-69","DateOfDeath":"2020-12-05","StateOfDeath":"OH","StateOfResidense":"OH"},{"County":"Hancock","Sex":"Male","AgeRange":"70-79","DateOfDeath":"2020-12-06","StateOfDeath":"OH","StateOfResidense":"OH"},{"County":"Hancock","Sex":"Male","AgeRange":"80+","DateOfDeath":"2020-12-07","StateOfDeath":"OH","StateOfResidense":"OH"},{"County":"Hancock","Sex":"Male","AgeRange":"80+","DateOfDeath":"2020-12-07","StateOfDeath":"OH","StateOfResidense":"IL"},{"County":"Hancock","Sex":"Female","AgeRange":"60-69","DateOfDeath":"2020-12-09","StateOfDeath":"OH","StateOfResidense":"OH"},{"County":"Hancock","Sex":"Male","AgeRange":"70-79","DateOfDeath":"2020-12-09","StateOfDeath":"OH","StateOfResidense":"OH"},{"County":"Hancock","Sex":"Male","AgeRange":"70-79","DateOfDeath":"2020-12-09","StateOfDeath":"OH","StateOfResidense":"OH"},{"County":"Hancock","Sex":"Male","AgeRange":"80+","DateOfDeath":"2020-12-09","StateOfDeath":"OH","StateOfResidense":"OH"},{"County":"Hancock","Sex":"Female","AgeRange":"80+","DateOfDeath":"2020-12-10","StateOfDeath":"OH","StateOfResidense":"OH"},{"County":"Hancock","Sex":"Male","AgeRange":"40-49","DateOfDeath":"2020-12-10","StateOfDeath":"OH","StateOfResidense":"OH"},{"County":"Hancock","Sex":"Female","AgeRange":"80+","DateOfDeath":"2020-12-12","StateOfDeath":"OH","StateOfResidense":"OH"},{"County":"Hancock","Sex":"Male","AgeRange":"60-69","DateOfDeath":"2020-12-12","StateOfDeath":"OH","StateOfResidense":"OH"},{"County":"Hancock","Sex":"Male","AgeRange":"70-79","DateOfDeath":"2020-12-15","StateOfDeath":"OH","StateOfResidense":"OH"},{"County":"Hancock","Sex":"Female","AgeRange":"80+","DateOfDeath":"2020-12-16","StateOfDeath":"OH","StateOfResidense":"OH"},{"County":"Hancock","Sex":"Male","AgeRange":"80+","DateOfDeath":"2020-12-16","StateOfDeath":"OH","StateOfResidense":"OH"},{"County":"Hancock","Sex":"Male","AgeRange":"60-69","DateOfDeath":"2020-12-17","StateOfDeath":"OH","StateOfResidense":"OH"},{"County":"Hancock","Sex":"Male","AgeRange":"70-79","DateOfDeath":"2020-12-17","StateOfDeath":"OH","StateOfResidense":"OH"},{"County":"Hancock","Sex":"Male","AgeRange":"80+","DateOfDeath":"2020-12-17","StateOfDeath":"OH","StateOfResidense":"OH"},{"County":"Hancock","Sex":"Male","AgeRange":"80+","DateOfDeath":"2020-12-18","StateOfDeath":"OH","StateOfResidense":"OH"},{"County":"Hancock","Sex":"Male","AgeRange":"70-79","DateOfDeath":"2020-12-19","StateOfDeath":"OH","StateOfResidense":"OH"},{"County":"Hancock","Sex":"Male","AgeRange":"80+","DateOfDeath":"2020-12-19","StateOfDeath":"OH","StateOfResidense":"OH"},{"County":"Hancock","Sex":"Male","AgeRange":"70-79","DateOfDeath":"2020-12-20","StateOfDeath":"OH","StateOfResidense":"OH"},{"County":"Hancock","Sex":"Female","AgeRange":"80+","DateOfDeath":"2020-12-21","StateOfDeath":"OH","StateOfResidense":"OH"},{"County":"Hancock","Sex":"Female","AgeRange":"80+","DateOfDeath":"2020-12-21","StateOfDeath":"OH","StateOfResidense":"OH"},{"County":"Hancock","Sex":"Female","AgeRange":"60-69","DateOfDeath":"2020-12-23","StateOfDeath":"OH","StateOfResidense":"OH"},{"County":"Hancock","Sex":"Female","AgeRange":"80+","DateOfDeath":"2020-12-23","StateOfDeath":"OH","StateOfResidense":"OH"},{"County":"Hancock","Sex":"Female","AgeRange":"80+","DateOfDeath":"2020-12-24","StateOfDeath":"OH","StateOfResidense":"OH"},{"County":"Hancock","Sex":"Male","AgeRange":"70-79","DateOfDeath":"2020-12-24","StateOfDeath":"OH","StateOfResidense":"OH"},{"County":"Hancock","Sex":"Female","AgeRange":"80+","DateOfDeath":"2020-12-25","StateOfDeath":"OH","StateOfResidense":"OH"},{"County":"Hancock","Sex":"Male","AgeRange":"80+","DateOfDeath":"2020-12-25","StateOfDeath":"OH","StateOfResidense":"OH"},{"County":"Hancock","Sex":"Male","AgeRange":"80+","DateOfDeath":"2020-12-26","StateOfDeath":"OH","StateOfResidense":"OH"},{"County":"Hancock","Sex":"Male","AgeRange":"80+","DateOfDeath":"2020-12-26","StateOfDeath":"OH","StateOfResidense":"OH"},{"County":"Hancock","Sex":"Female","AgeRange":"80+","DateOfDeath":"2020-12-27","StateOfDeath":"OH","StateOfResidense":"OH"},{"County":"Hancock","Sex":"Female","AgeRange":"70-79","DateOfDeath":"2020-12-29","StateOfDeath":"OH","StateOfResidense":"OH"},{"County":"Hancock","Sex":"Male","AgeRange":"80+","DateOfDeath":"2020-12-30","StateOfDeath":"OH","StateOfResidense":"OH"},{"County":"Hancock","Sex":"Female","AgeRange":"80+","DateOfDeath":"2020-12-30","StateOfDeath":"OH","StateOfResidense":"OH"},{"County":"Hancock","Sex":"Male","AgeRange":"80+","DateOfDeath":"2020-12-30","StateOfDeath":"OH","StateOfResidense":"OH"},{"County":"Hancock","Sex":"Female","AgeRange":"80+","DateOfDeath":"2020-12-31","StateOfDeath":"OH","StateOfResidense":"OH"},{"County":"Hancock","Sex":"Male","AgeRange":"70-79","DateOfDeath":"2021-01-01","StateOfDeath":"OH","StateOfResidense":"OH"},{"County":"Hancock","Sex":"Female","AgeRange":"80+","DateOfDeath":"2021-01-01","StateOfDeath":"OH","StateOfResidense":"OH"},{"County":"Hancock","Sex":"Male","AgeRange":"60-69","DateOfDeath":"2021-01-03","StateOfDeath":"OH","StateOfResidense":"OH"},{"County":"Hancock","Sex":"Female","AgeRange":"80+","DateOfDeath":"2021-01-03","StateOfDeath":"OH","StateOfResidense":"OH"},{"County":"Hancock","Sex":"Male","AgeRange":"70-79","DateOfDeath":"2021-01-03","StateOfDeath":"OH","StateOfResidense":"OH"},{"County":"Hancock","Sex":"Male","AgeRange":"80+","DateOfDeath":"2021-01-03","StateOfDeath":"OH","StateOfResidense":"OH"},{"County":"Hancock","Sex":"Male","AgeRange":"80+","DateOfDeath":"2021-01-04","StateOfDeath":"OH","StateOfResidense":"OH"},{"County":"Hancock","Sex":"Male","AgeRange":"80+","DateOfDeath":"2021-01-05","StateOfDeath":"OH","StateOfResidense":"OH"},{"County":"Hancock","Sex":"Male","AgeRange":"80+","DateOfDeath":"2021-01-06","StateOfDeath":"OH","StateOfResidense":"OH"},{"County":"Hancock","Sex":"Female","AgeRange":"60-69","DateOfDeath":"2021-01-06","StateOfDeath":"OH","StateOfResidense":"OH"},{"County":"Hancock","Sex":"Male","AgeRange":"70-79","DateOfDeath":"2021-01-07","StateOfDeath":"OH","StateOfResidense":"OH"},{"County":"Hancock","Sex":"Female","AgeRange":"80+","DateOfDeath":"2021-01-07","StateOfDeath":"OH","StateOfResidense":"OH"},{"County":"Hancock","Sex":"Male","AgeRange":"80+","DateOfDeath":"2021-01-08","StateOfDeath":"OH","StateOfResidense":"OH"},{"County":"Hancock","Sex":"Male","AgeRange":"80+","DateOfDeath":"2021-01-08","StateOfDeath":"OH","StateOfResidense":"OH"},{"County":"Hancock","Sex":"Male","AgeRange":"70-79","DateOfDeath":"2021-01-11","StateOfDeath":"OH","StateOfResidense":"OH"},{"County":"Hancock","Sex":"Female","AgeRange":"80+","DateOfDeath":"2021-01-12","StateOfDeath":"OH","StateOfResidense":"OH"},{"County":"Hancock","Sex":"Male","AgeRange":"70-79","DateOfDeath":"2021-01-12","StateOfDeath":"OH","StateOfResidense":"OH"},{"County":"Hancock","Sex":"Male","AgeRange":"80+","DateOfDeath":"2021-01-13","StateOfDeath":"OH","StateOfResidense":"OH"},{"County":"Hancock","Sex":"Female","AgeRange":"70-79","DateOfDeath":"2021-01-13","StateOfDeath":"OH","StateOfResidense":"OH"},{"County":"Hancock","Sex":"Female","AgeRange":"80+","DateOfDeath":"2021-01-14","StateOfDeath":"OH","StateOfResidense":"OH"},{"County":"Hancock","Sex":"Male","AgeRange":"80+","DateOfDeath":"2021-01-14","StateOfDeath":"OH","StateOfResidense":"OH"},{"County":"Hancock","Sex":"Male","AgeRange":"70-79","DateOfDeath":"2021-01-15","StateOfDeath":"OH","StateOfResidense":"OH"},{"County":"Hancock","Sex":"Female","AgeRange":"80+","DateOfDeath":"2021-01-16","StateOfDeath":"OH","StateOfResidense":"OH"},{"County":"Hancock","Sex":"Male","AgeRange":"70-79","DateOfDeath":"2021-01-17","StateOfDeath":"OH","StateOfResidense":"OH"},{"County":"Hancock","Sex":"Female","AgeRange":"80+","DateOfDeath":"2021-01-20","StateOfDeath":"OH","StateOfResidense":"OH"},{"County":"Hancock","Sex":"Female","AgeRange":"80+","DateOfDeath":"2021-01-21","StateOfDeath":"OH","StateOfResidense":"OH"},{"County":"Hancock","Sex":"Female","AgeRange":"70-79","DateOfDeath":"2021-01-22","StateOfDeath":"OH","StateOfResidense":"OH"},{"County":"Hancock","Sex":"Male","AgeRange":"80+","DateOfDeath":"2021-01-23","StateOfDeath":"OH","StateOfResidense":"OH"},{"County":"Hancock","Sex":"Male","AgeRange":"80+","DateOfDeath":"2021-01-26","StateOfDeath":"OH","StateOfResidense":"OH"},{"County":"Hancock","Sex":"Female","AgeRange":"70-79","DateOfDeath":"2021-01-30","StateOfDeath":"OH","StateOfResidense":"OH"},{"County":"Hancock","Sex":"Male","AgeRange":"70-79","DateOfDeath":"2021-02-06","StateOfDeath":"OH","StateOfResidense":"OH"},{"County":"Hancock","Sex":"Male","AgeRange":"60-69","DateOfDeath":"2021-02-11","StateOfDeath":"OH","StateOfResidense":"OH"},{"County":"Hancock","Sex":"Female","AgeRange":"60-69","DateOfDeath":"2021-02-13","StateOfDeath":"OH","StateOfResidense":"OH"},{"County":"Hancock","Sex":"Male","AgeRange":"70-79","DateOfDeath":"2021-02-15","StateOfDeath":"OH","StateOfResidense":"OH"},{"County":"Hancock","Sex":"Male","AgeRange":"80+","DateOfDeath":"2021-02-21","StateOfDeath":"OH","StateOfResidense":"OH"},{"County":"Hancock","Sex":"Male","AgeRange":"80+","DateOfDeath":"2021-02-25","StateOfDeath":"OH","StateOfResidense":"OH"},{"County":"Hancock","Sex":"Male","AgeRange":"70-79","DateOfDeath":"2021-03-25","StateOfDeath":"OH","StateOfResidense":"OH"},{"County":"Hancock","Sex":"Male","AgeRange":"60-69","DateOfDeath":"2021-03-30","StateOfDeath":"OH","StateOfResidense":"OH"},{"County":"Hancock","Sex":"Male","AgeRange":"80+","DateOfDeath":"2021-04-02","StateOfDeath":"OH","StateOfResidense":"OH"},{"County":"Hancock","Sex":"Female","AgeRange":"70-79","DateOfDeath":"2021-04-09","StateOfDeath":"OH","StateOfResidense":"OH"},{"County":"Hancock","Sex":"Male","AgeRange":"80+","DateOfDeath":"2021-04-09","StateOfDeath":"OH","StateOfResidense":"OH"},{"County":"Hancock","Sex":"Male","AgeRange":"70-79","DateOfDeath":"2021-04-18","StateOfDeath":"OH","StateOfResidense":"OH"},{"County":"Hancock","Sex":"Female","AgeRange":"80+","DateOfDeath":"2021-04-23","StateOfDeath":"OH","StateOfResidense":"OH"},{"County":"Hancock","Sex":"Male","AgeRange":"70-79","DateOfDeath":"2021-04-28","StateOfDeath":"OH","StateOfResidense":"OH"},{"County":"Hancock","Sex":"Male","AgeRange":"70-79","DateOfDeath":"2021-05-05","StateOfDeath":"OH","StateOfResidense":"OH"},{"County":"Hancock","Sex":"Male","AgeRange":"50-59","DateOfDeath":"2021-05-06","StateOfDeath":"OH","StateOfResidense":"OH"},{"County":"Hancock","Sex":"Female","AgeRange":"80+","DateOfDeath":"2021-05-19","StateOfDeath":"OH","StateOfResidense":"OH"},{"County":"Hancock","Sex":"Female","AgeRange":"70-79","DateOfDeath":"2021-06-09","StateOfDeath":"OH","StateOfResidense":"OH"},{"County":"Hancock","Sex":"Female","AgeRange":"60-69","DateOfDeath":"2021-07-05","StateOfDeath":"OH","StateOfResidense":"OH"},{"County":"Hancock","Sex":"Male","AgeRange":"30-39","DateOfDeath":"2021-07-22","StateOfDeath":"OH","StateOfResidense":"OH"},{"County":"Hancock","Sex":"Female","AgeRange":"60-69","DateOfDeath":"2021-08-07","StateOfDeath":"OH","StateOfResidense":"OH"},{"County":"Hancock","Sex":"Female","AgeRange":"80+","DateOfDeath":"2021-08-09","StateOfDeath":"OH","StateOfResidense":"OH"},{"County":"Hancock","Sex":"Female","AgeRange":"80+","DateOfDeath":"2021-08-21","StateOfDeath":"OH","StateOfResidense":"OH"},{"County":"Hancock","Sex":"Male","AgeRange":"70-79","DateOfDeath":"2021-08-22","StateOfDeath":"OH","StateOfResidense":"OH"},{"County":"Hancock","Sex":"Male","AgeRange":"80+","DateOfDeath":"2021-08-24","StateOfDeath":"OH","StateOfResidense":"OH"},{"County":"Hancock","Sex":"Female","AgeRange":"80+","DateOfDeath":"2021-09-01","StateOfDeath":"OH","StateOfResidense":"OH"},{"County":"Hancock","Sex":"Male","AgeRange":"70-79","DateOfDeath":"2021-09-02","StateOfDeath":"OH","StateOfResidense":"OH"},{"County":"Hancock","Sex":"Male","AgeRange":"70-79","DateOfDeath":"2021-09-04","StateOfDeath":"OH","StateOfResidense":"OH"},{"County":"Hancock","Sex":"Male","AgeRange":"60-69","DateOfDeath":"2021-09-04","StateOfDeath":"OH","StateOfResidense":"OH"},{"County":"Hancock","Sex":"Male","AgeRange":"30-39","DateOfDeath":"2021-09-07","StateOfDeath":"OH","StateOfResidense":"OH"},{"County":"Hancock","Sex":"Female","AgeRange":"50-59","DateOfDeath":"2021-09-07","StateOfDeath":"OH","StateOfResidense":"OH"},{"County":"Hancock","Sex":"Male","AgeRange":"80+","DateOfDeath":"2021-09-08","StateOfDeath":"OH","StateOfResidense":"OH"},{"County":"Hancock","Sex":"Female","AgeRange":"80+","DateOfDeath":"2021-09-11","StateOfDeath":"OH","StateOfResidense":"OH"},{"County":"Hancock","Sex":"Male","AgeRange":"70-79","DateOfDeath":"2021-09-11","StateOfDeath":"OH","StateOfResidense":"OH"},{"County":"Hancock","Sex":"Female","AgeRange":"70-79","DateOfDeath":"2021-09-15","StateOfDeath":"OH","StateOfResidense":"OH"},{"County":"Hancock","Sex":"Male","AgeRange":"60-69","DateOfDeath":"2021-09-15","StateOfDeath":"OH","StateOfResidense":"OH"},{"County":"Hancock","Sex":"Male","AgeRange":"40-49","DateOfDeath":"2021-09-17","StateOfDeath":"OH","StateOfResidense":"OH"},{"County":"Hancock","Sex":"Male","AgeRange":"50-59","DateOfDeath":"2021-09-18","StateOfDeath":"OH","StateOfResidense":"OH"},{"County":"Hancock","Sex":"Female","AgeRange":"30-39","DateOfDeath":"2021-09-19","StateOfDeath":"OH","StateOfResidense":"OH"},{"County":"Hancock","Sex":"Male","AgeRange":"60-69","DateOfDeath":"2021-09-19","StateOfDeath":"OH","StateOfResidense":"OH"},{"County":"Hancock","Sex":"Female","AgeRange":"70-79","DateOfDeath":"2021-09-20","StateOfDeath":"OH","StateOfResidense":"OH"},{"County":"Hancock","Sex":"Male","AgeRange":"60-69","DateOfDeath":"2021-09-23","StateOfDeath":"OH","StateOfResidense":"OH"},{"County":"Hancock","Sex":"Male","AgeRange":"60-69","DateOfDeath":"2021-09-24","StateOfDeath":"OH","StateOfResidense":"OH"},{"County":"Hancock","Sex":"Female","AgeRange":"70-79","DateOfDeath":"2021-09-29","StateOfDeath":"OH","StateOfResidense":"OH"},{"County":"Hancock","Sex":"Female","AgeRange":"80+","DateOfDeath":"2021-10-04","StateOfDeath":"OH","StateOfResidense":"OH"},{"County":"Hancock","Sex":"Female","AgeRange":"70-79","DateOfDeath":"2021-10-05","StateOfDeath":"OH","StateOfResidense":"OH"},{"County":"Hancock","Sex":"Male","AgeRange":"80+","DateOfDeath":"2021-10-05","StateOfDeath":"OH","StateOfResidense":"OH"},{"County":"Hancock","Sex":"Male","AgeRange":"50-59","DateOfDeath":"2021-10-06","StateOfDeath":"OH","StateOfResidense":"OH"},{"County":"Hancock","Sex":"Male","AgeRange":"60-69","DateOfDeath":"2021-10-07","StateOfDeath":"OH","StateOfResidense":"OH"},{"County":"Hancock","Sex":"Female","AgeRange":"80+","DateOfDeath":"2021-10-12","StateOfDeath":"OH","StateOfResidense":"OH"},{"County":"Hancock","Sex":"Male","AgeRange":"70-79","DateOfDeath":"2021-10-13","StateOfDeath":"OH","StateOfResidense":"OH"},{"County":"Hancock","Sex":"Male","AgeRange":"50-59","DateOfDeath":"2021-10-15","StateOfDeath":"OH","StateOfResidense":"OH"},{"County":"Hancock","Sex":"Male","AgeRange":"70-79","DateOfDeath":"2021-10-17","StateOfDeath":"OH","StateOfResidense":"OH"},{"County":"Hancock","Sex":"Male","AgeRange":"70-79","DateOfDeath":"2021-10-18","StateOfDeath":"OH","StateOfResidense":"OH"},{"County":"Hancock","Sex":"Male","AgeRange":"70-79","DateOfDeath":"2021-10-20","StateOfDeath":"OH","StateOfResidense":"OH"},{"County":"Hancock","Sex":"Male","AgeRange":"80+","DateOfDeath":"2021-10-20","StateOfDeath":"OH","StateOfResidense":"OH"},{"County":"Hancock","Sex":"Male","AgeRange":"70-79","DateOfDeath":"2021-10-21","StateOfDeath":"OH","StateOfResidense":"FL"},{"County":"Hancock","Sex":"Male","AgeRange":"80+","DateOfDeath":"2021-10-24","StateOfDeath":"OH","StateOfResidense":"OH"},{"County":"Hancock","Sex":"Male","AgeRange":"80+","DateOfDeath":"2021-10-25","StateOfDeath":"OH","StateOfResidense":"OH"},{"County":"Hancock","Sex":"Male","AgeRange":"80+","DateOfDeath":"2021-10-26","StateOfDeath":"OH","StateOfResidense":"OH"},{"County":"Hancock","Sex":"Female","AgeRange":"80+","DateOfDeath":"2021-10-28","StateOfDeath":"OH","StateOfResidense":"OH"},{"County":"Hancock","Sex":"Female","AgeRange":"80+","DateOfDeath":"2021-10-31","StateOfDeath":"OH","StateOfResidense":"OH"},{"County":"Hancock","Sex":"Female","AgeRange":"80+","DateOfDeath":"2021-11-01","StateOfDeath":"OH","StateOfResidense":"OH"},{"County":"Hancock","Sex":"Female","AgeRange":"80+","DateOfDeath":"2021-11-03","StateOfDeath":"OH","StateOfResidense":"OH"},{"County":"Hancock","Sex":"Female","AgeRange":"80+","DateOfDeath":"2021-11-04","StateOfDeath":"OH","StateOfResidense":"OH"},{"County":"Hancock","Sex":"Male","AgeRange":"70-79","DateOfDeath":"2021-11-17","StateOfDeath":"OH","StateOfResidense":"OH"},{"County":"Hancock","Sex":"Male","AgeRange":"70-79","DateOfDeath":"2021-11-25","StateOfDeath":"OH","StateOfResidense":"OH"},{"County":"Hancock","Sex":"Male","AgeRange":"80+","DateOfDeath":"2021-11-28","StateOfDeath":"OH","StateOfResidense":"OH"}]