[{"County":"Hardin","Sex":"Female","AgeRange":"70-79","DateOfDeath":"2020-12-07","StateOfDeath":"OH","StateOfResidense":"OH"},{"County":"Hardin","Sex":"Female","AgeRange":"70-79","DateOfDeath":"2020-12-11","StateOfDeath":"OH","StateOfResidense":"OH"},{"County":"Hardin","Sex":"Female","AgeRange":"80+","DateOfDeath":"2020-12-16","StateOfDeath":"OH","StateOfResidense":"OH"},{"County":"Hardin","Sex":"Male","AgeRange":"70-79","DateOfDeath":"2021-01-05","StateOfDeath":"OH","StateOfResidense":"OH"},{"County":"Hardin","Sex":"Male","AgeRange":"80+","DateOfDeath":"2021-01-08","StateOfDeath":"OH","StateOfResidense":"OH"},{"County":"Hardin","Sex":"Male","AgeRange":"70-79","DateOfDeath":"2021-01-10","StateOfDeath":"OH","StateOfResidense":"OH"},{"County":"Hardin","Sex":"Male","AgeRange":"80+","DateOfDeath":"2021-01-12","StateOfDeath":"OH","StateOfResidense":"OH"},{"County":"Hardin","Sex":"Male","AgeRange":"70-79","DateOfDeath":"2021-01-13","StateOfDeath":"OH","StateOfResidense":"OH"},{"County":"Hardin","Sex":"Male","AgeRange":"70-79","DateOfDeath":"2021-01-15","StateOfDeath":"OH","StateOfResidense":"OH"},{"County":"Hardin","Sex":"Female","AgeRange":"80+","DateOfDeath":"2021-01-30","StateOfDeath":"OH","StateOfResidense":"OH"},{"County":"Hardin","Sex":"Female","AgeRange":"80+","DateOfDeath":"2021-02-28","StateOfDeath":"OH","StateOfResidense":"OH"},{"County":"Hardin","Sex":"Male","AgeRange":"20-29","DateOfDeath":"2021-04-23","StateOfDeath":"OH","StateOfResidense":"OH"},{"County":"Hardin","Sex":"Male","AgeRange":"70-79","DateOfDeath":"2021-09-12","StateOfDeath":"OH","StateOfResidense":"OH"},{"County":"Hardin","Sex":"Female","AgeRange":"80+","DateOfDeath":"2021-10-01","StateOfDeath":"OH","StateOfResidense":"OH"},{"County":"Hardin","Sex":"Female","AgeRange":"40-49","DateOfDeath":"2021-10-12","StateOfDeath":"OH","StateOfResidense":"OH"},{"County":"Hardin","Sex":"Male","AgeRange":"60-69","DateOfDeath":"2021-10-23","StateOfDeath":"OH","StateOfResidense":"OH"},{"County":"Hardin","Sex":"Female","AgeRange":"80+","DateOfDeath":"2021-11-08","StateOfDeath":"OH","StateOfResidense":"OH"}]