[{"County":"Fulton","Sex":"Male","AgeRange":"80+","DateOfDeath":"2020-11-10","StateOfDeath":"OH","StateOfResidense":"OH"},{"County":"Fulton","Sex":"Female","AgeRange":"80+","DateOfDeath":"2020-11-17","StateOfDeath":"OH","StateOfResidense":"OH"},{"County":"Fulton","Sex":"Female","AgeRange":"80+","DateOfDeath":"2020-11-21","StateOfDeath":"OH","StateOfResidense":"MI"},{"County":"Fulton","Sex":"Male","AgeRange":"80+","DateOfDeath":"2020-12-02","StateOfDeath":"OH","StateOfResidense":"OH"},{"County":"Fulton","Sex":"Female","AgeRange":"80+","DateOfDeath":"2020-12-04","StateOfDeath":"OH","StateOfResidense":"OH"},{"County":"Fulton","Sex":"Male","AgeRange":"80+","DateOfDeath":"2020-12-27","StateOfDeath":"OH","StateOfResidense":"OH"},{"County":"Fulton","Sex":"Male","AgeRange":"80+","DateOfDeath":"2020-12-30","StateOfDeath":"OH","StateOfResidense":"OH"},{"County":"Fulton","Sex":"Female","AgeRange":"80+","DateOfDeath":"2020-12-31","StateOfDeath":"OH","StateOfResidense":"OH"},{"County":"Fulton","Sex":"Male","AgeRange":"80+","DateOfDeath":"2021-01-14","StateOfDeath":"OH","StateOfResidense":"OH"},{"County":"Fulton","Sex":"Female","AgeRange":"70-79","DateOfDeath":"2021-01-23","StateOfDeath":"OH","StateOfResidense":"OH"},{"County":"Fulton","Sex":"Female","AgeRange":"80+","DateOfDeath":"2021-01-30","StateOfDeath":"OH","StateOfResidense":"OH"},{"County":"Fulton","Sex":"Female","AgeRange":"80+","DateOfDeath":"2021-02-01","StateOfDeath":"OH","StateOfResidense":"MI"},{"County":"Fulton","Sex":"Male","AgeRange":"60-69","DateOfDeath":"2021-02-04","StateOfDeath":"OH","StateOfResidense":"OH"},{"County":"Fulton","Sex":"Male","AgeRange":"60-69","DateOfDeath":"2021-02-06","StateOfDeath":"OH","StateOfResidense":"OH"},{"County":"Fulton","Sex":"Female","AgeRange":"80+","DateOfDeath":"2021-02-25","StateOfDeath":"OH","StateOfResidense":"OH"},{"County":"Fulton","Sex":"Female","AgeRange":"80+","DateOfDeath":"2021-03-02","StateOfDeath":"OH","StateOfResidense":"OH"},{"County":"Fulton","Sex":"Female","AgeRange":"80+","DateOfDeath":"2021-04-30","StateOfDeath":"OH","StateOfResidense":"OH"},{"County":"Fulton","Sex":"Male","AgeRange":"80+","DateOfDeath":"2021-06-02","StateOfDeath":"OH","StateOfResidense":"OH"},{"County":"Fulton","Sex":"Female","AgeRange":"80+","DateOfDeath":"2021-08-04","StateOfDeath":"OH","StateOfResidense":"OH"},{"County":"Fulton","Sex":"Female","AgeRange":"70-79","DateOfDeath":"2021-08-11","StateOfDeath":"OH","StateOfResidense":"OH"},{"County":"Fulton","Sex":"Female","AgeRange":"80+","DateOfDeath":"2021-08-13","StateOfDeath":"OH","StateOfResidense":"OH"},{"County":"Fulton","Sex":"Female","AgeRange":"70-79","DateOfDeath":"2021-08-16","StateOfDeath":"OH","StateOfResidense":"OH"},{"County":"Fulton","Sex":"Female","AgeRange":"80+","DateOfDeath":"2021-08-17","StateOfDeath":"OH","StateOfResidense":"OH"},{"County":"Fulton","Sex":"Female","AgeRange":"80+","DateOfDeath":"2021-08-19","StateOfDeath":"OH","StateOfResidense":"OH"},{"County":"Fulton","Sex":"Male","AgeRange":"60-69","DateOfDeath":"2021-09-10","StateOfDeath":"OH","StateOfResidense":"OH"},{"County":"Fulton","Sex":"Female","AgeRange":"70-79","DateOfDeath":"2021-09-18","StateOfDeath":"OH","StateOfResidense":"OH"},{"County":"Fulton","Sex":"Male","AgeRange":"80+","DateOfDeath":"2021-09-24","StateOfDeath":"OH","StateOfResidense":"OH"},{"County":"Fulton","Sex":"Female","AgeRange":"50-59","DateOfDeath":"2021-09-25","StateOfDeath":"OH","StateOfResidense":"OH"},{"County":"Fulton","Sex":"Male","AgeRange":"70-79","DateOfDeath":"2021-09-28","StateOfDeath":"OH","StateOfResidense":"OH"},{"County":"Fulton","Sex":"Male","AgeRange":"70-79","DateOfDeath":"2021-09-29","StateOfDeath":"OH","StateOfResidense":"OH"},{"County":"Fulton","Sex":"Male","AgeRange":"80+","DateOfDeath":"2021-09-30","StateOfDeath":"OH","StateOfResidense":"OH"},{"County":"Fulton","Sex":"Male","AgeRange":"50-59","DateOfDeath":"2021-10-05","StateOfDeath":"OH","StateOfResidense":"OH"},{"County":"Fulton","Sex":"Male","AgeRange":"80+","DateOfDeath":"2021-10-05","StateOfDeath":"OH","StateOfResidense":"OH"},{"County":"Fulton","Sex":"Male","AgeRange":"80+","DateOfDeath":"2021-10-12","StateOfDeath":"OH","StateOfResidense":"OH"},{"County":"Fulton","Sex":"Female","AgeRange":"60-69","DateOfDeath":"2021-10-19","StateOfDeath":"OH","StateOfResidense":"OH"},{"County":"Fulton","Sex":"Male","AgeRange":"70-79","DateOfDeath":"2021-10-19","StateOfDeath":"OH","StateOfResidense":"OH"},{"County":"Fulton","Sex":"Female","AgeRange":"70-79","DateOfDeath":"2021-10-20","StateOfDeath":"OH","StateOfResidense":"OH"},{"County":"Fulton","Sex":"Female","AgeRange":"40-49","DateOfDeath":"2021-11-09","StateOfDeath":"OH","StateOfResidense":"OH"},{"County":"Fulton","Sex":"Female","AgeRange":"70-79","DateOfDeath":"2021-11-13","StateOfDeath":"OH","StateOfResidense":"OH"},{"County":"Fulton","Sex":"Female","AgeRange":"70-79","DateOfDeath":"2021-11-14","StateOfDeath":"OH","StateOfResidense":"OH"}]