[{"County":"Licking","Sex":"Female","AgeRange":"60-69","DateOfDeath":"2020-11-12","StateOfDeath":"OH","StateOfResidense":"OH"},{"County":"Licking","Sex":"Female","AgeRange":"80+","DateOfDeath":"2020-11-12","StateOfDeath":"OH","StateOfResidense":"OH"},{"County":"Licking","Sex":"Male","AgeRange":"50-59","DateOfDeath":"2020-11-13","StateOfDeath":"OH","StateOfResidense":"OH"},{"County":"Licking","Sex":"Male","AgeRange":"80+","DateOfDeath":"2020-11-13","StateOfDeath":"OH","StateOfResidense":"OH"},{"County":"Licking","Sex":"Female","AgeRange":"70-79","DateOfDeath":"2020-11-15","StateOfDeath":"OH","StateOfResidense":"OH"},{"County":"Licking","Sex":"Female","AgeRange":"60-69","DateOfDeath":"2020-11-18","StateOfDeath":"OH","StateOfResidense":"OH"},{"County":"Licking","Sex":"Male","AgeRange":"80+","DateOfDeath":"2020-11-19","StateOfDeath":"OH","StateOfResidense":"OH"},{"County":"Licking","Sex":"Female","AgeRange":"60-69","DateOfDeath":"2020-11-20","StateOfDeath":"OH","StateOfResidense":"OH"},{"County":"Licking","Sex":"Female","AgeRange":"60-69","DateOfDeath":"2020-11-20","StateOfDeath":"OH","StateOfResidense":"OH"},{"County":"Licking","Sex":"Male","AgeRange":"60-69","DateOfDeath":"2020-11-20","StateOfDeath":"OH","StateOfResidense":"OH"},{"County":"Licking","Sex":"Male","AgeRange":"60-69","DateOfDeath":"2020-11-21","StateOfDeath":"OH","StateOfResidense":"OH"},{"County":"Licking","Sex":"Female","AgeRange":"50-59","DateOfDeath":"2020-11-28","StateOfDeath":"OH","StateOfResidense":"OH"},{"County":"Licking","Sex":"Male","AgeRange":"60-69","DateOfDeath":"2020-11-28","StateOfDeath":"OH","StateOfResidense":"OH"},{"County":"Licking","Sex":"Male","AgeRange":"70-79","DateOfDeath":"2020-11-29","StateOfDeath":"OH","StateOfResidense":"OH"},{"County":"Licking","Sex":"Male","AgeRange":"80+","DateOfDeath":"2020-11-29","StateOfDeath":"OH","StateOfResidense":"OH"},{"County":"Licking","Sex":"Female","AgeRange":"80+","DateOfDeath":"2020-11-30","StateOfDeath":"OH","StateOfResidense":"OH"},{"County":"Licking","Sex":"Male","AgeRange":"80+","DateOfDeath":"2020-12-01","StateOfDeath":"OH","StateOfResidense":"OH"},{"County":"Licking","Sex":"Male","AgeRange":"70-79","DateOfDeath":"2020-12-01","StateOfDeath":"OH","StateOfResidense":"OH"},{"County":"Licking","Sex":"Male","AgeRange":"80+","DateOfDeath":"2020-12-01","StateOfDeath":"OH","StateOfResidense":"OH"},{"County":"Licking","Sex":"Female","AgeRange":"80+","DateOfDeath":"2020-12-02","StateOfDeath":"OH","StateOfResidense":"OH"},{"County":"Licking","Sex":"Male","AgeRange":"60-69","DateOfDeath":"2020-12-03","StateOfDeath":"OH","StateOfResidense":"OH"},{"County":"Licking","Sex":"Female","AgeRange":"50-59","DateOfDeath":"2020-12-03","StateOfDeath":"OH","StateOfResidense":"OH"},{"County":"Licking","Sex":"Female","AgeRange":"80+","DateOfDeath":"2020-12-03","StateOfDeath":"OH","StateOfResidense":"OH"},{"County":"Licking","Sex":"Male","AgeRange":"80+","DateOfDeath":"2020-12-04","StateOfDeath":"OH","StateOfResidense":"OH"},{"County":"Licking","Sex":"Male","AgeRange":"50-59","DateOfDeath":"2020-12-05","StateOfDeath":"OH","StateOfResidense":"OH"},{"County":"Licking","Sex":"Male","AgeRange":"70-79","DateOfDeath":"2020-12-07","StateOfDeath":"OH","StateOfResidense":"OH"},{"County":"Licking","Sex":"Female","AgeRange":"80+","DateOfDeath":"2020-12-07","StateOfDeath":"OH","StateOfResidense":"OH"},{"County":"Licking","Sex":"Female","AgeRange":"40-49","DateOfDeath":"2020-12-09","StateOfDeath":"OH","StateOfResidense":"OH"},{"County":"Licking","Sex":"Female","AgeRange":"80+","DateOfDeath":"2020-12-09","StateOfDeath":"OH","StateOfResidense":"OH"},{"County":"Licking","Sex":"Male","AgeRange":"70-79","DateOfDeath":"2020-12-09","StateOfDeath":"OH","StateOfResidense":"OH"},{"County":"Licking","Sex":"Female","AgeRange":"80+","DateOfDeath":"2020-12-10","StateOfDeath":"OH","StateOfResidense":"OH"},{"County":"Licking","Sex":"Female","AgeRange":"80+","DateOfDeath":"2020-12-11","StateOfDeath":"OH","StateOfResidense":"OH"},{"County":"Licking","Sex":"Female","AgeRange":"80+","DateOfDeath":"2020-12-12","StateOfDeath":"OH","StateOfResidense":"OH"},{"County":"Licking","Sex":"Male","AgeRange":"70-79","DateOfDeath":"2020-12-12","StateOfDeath":"OH","StateOfResidense":"OH"},{"County":"Licking","Sex":"Male","AgeRange":"80+","DateOfDeath":"2020-12-12","StateOfDeath":"OH","StateOfResidense":"OH"},{"County":"Licking","Sex":"Female","AgeRange":"50-59","DateOfDeath":"2020-12-12","StateOfDeath":"OH","StateOfResidense":"OH"},{"County":"Licking","Sex":"Female","AgeRange":"60-69","DateOfDeath":"2020-12-13","StateOfDeath":"OH","StateOfResidense":"OH"},{"County":"Licking","Sex":"Male","AgeRange":"80+","DateOfDeath":"2020-12-13","StateOfDeath":"OH","StateOfResidense":"OH"},{"County":"Licking","Sex":"Female","AgeRange":"40-49","DateOfDeath":"2020-12-15","StateOfDeath":"OH","StateOfResidense":"OH"},{"County":"Licking","Sex":"Female","AgeRange":"70-79","DateOfDeath":"2020-12-15","StateOfDeath":"OH","StateOfResidense":"OH"},{"County":"Licking","Sex":"Female","AgeRange":"80+","DateOfDeath":"2020-12-16","StateOfDeath":"OH","StateOfResidense":"OH"},{"County":"Licking","Sex":"Male","AgeRange":"60-69","DateOfDeath":"2020-12-16","StateOfDeath":"OH","StateOfResidense":"OH"},{"County":"Licking","Sex":"Male","AgeRange":"60-69","DateOfDeath":"2020-12-18","StateOfDeath":"OH","StateOfResidense":"OH"},{"County":"Licking","Sex":"Female","AgeRange":"70-79","DateOfDeath":"2020-12-21","StateOfDeath":"OH","StateOfResidense":"OH"},{"County":"Licking","Sex":"Female","AgeRange":"80+","DateOfDeath":"2020-12-22","StateOfDeath":"OH","StateOfResidense":"OH"},{"County":"Licking","Sex":"Male","AgeRange":"70-79","DateOfDeath":"2020-12-24","StateOfDeath":"OH","StateOfResidense":"OH"},{"County":"Licking","Sex":"Female","AgeRange":"80+","DateOfDeath":"2020-12-27","StateOfDeath":"OH","StateOfResidense":"OH"},{"County":"Licking","Sex":"Male","AgeRange":"60-69","DateOfDeath":"2020-12-27","StateOfDeath":"OH","StateOfResidense":"OH"},{"County":"Licking","Sex":"Female","AgeRange":"60-69","DateOfDeath":"2020-12-28","StateOfDeath":"OH","StateOfResidense":"OH"},{"County":"Licking","Sex":"Female","AgeRange":"70-79","DateOfDeath":"2020-12-28","StateOfDeath":"OH","StateOfResidense":"OH"},{"County":"Licking","Sex":"Male","AgeRange":"70-79","DateOfDeath":"2020-12-28","StateOfDeath":"OH","StateOfResidense":"OH"},{"County":"Licking","Sex":"Male","AgeRange":"80+","DateOfDeath":"2020-12-29","StateOfDeath":"OH","StateOfResidense":"OH"},{"County":"Licking","Sex":"Male","AgeRange":"80+","DateOfDeath":"2020-12-30","StateOfDeath":"OH","StateOfResidense":"OH"},{"County":"Licking","Sex":"Male","AgeRange":"80+","DateOfDeath":"2020-12-31","StateOfDeath":"OH","StateOfResidense":"OH"},{"County":"Licking","Sex":"Male","AgeRange":"70-79","DateOfDeath":"2021-01-03","StateOfDeath":"OH","StateOfResidense":"OH"},{"County":"Licking","Sex":"Male","AgeRange":"80+","DateOfDeath":"2021-01-03","StateOfDeath":"OH","StateOfResidense":"OH"},{"County":"Licking","Sex":"Female","AgeRange":"60-69","DateOfDeath":"2021-01-04","StateOfDeath":"OH","StateOfResidense":"OH"},{"County":"Licking","Sex":"Male","AgeRange":"60-69","DateOfDeath":"2021-01-04","StateOfDeath":"OH","StateOfResidense":"OH"},{"County":"Licking","Sex":"Female","AgeRange":"70-79","DateOfDeath":"2021-01-08","StateOfDeath":"OH","StateOfResidense":"OH"},{"County":"Licking","Sex":"Male","AgeRange":"80+","DateOfDeath":"2021-01-08","StateOfDeath":"OH","StateOfResidense":"OH"},{"County":"Licking","Sex":"Female","AgeRange":"80+","DateOfDeath":"2021-01-09","StateOfDeath":"OH","StateOfResidense":"OH"},{"County":"Licking","Sex":"Female","AgeRange":"80+","DateOfDeath":"2021-01-09","StateOfDeath":"OH","StateOfResidense":"OH"},{"County":"Licking","Sex":"Male","AgeRange":"80+","DateOfDeath":"2021-01-10","StateOfDeath":"OH","StateOfResidense":"OH"},{"County":"Licking","Sex":"Female","AgeRange":"70-79","DateOfDeath":"2021-01-11","StateOfDeath":"OH","StateOfResidense":"OH"},{"County":"Licking","Sex":"Female","AgeRange":"60-69","DateOfDeath":"2021-01-12","StateOfDeath":"OH","StateOfResidense":"OH"},{"County":"Licking","Sex":"Female","AgeRange":"60-69","DateOfDeath":"2021-01-12","StateOfDeath":"OH","StateOfResidense":"OH"},{"County":"Licking","Sex":"Female","AgeRange":"70-79","DateOfDeath":"2021-01-13","StateOfDeath":"OH","StateOfResidense":"OH"},{"County":"Licking","Sex":"Male","AgeRange":"60-69","DateOfDeath":"2021-01-13","StateOfDeath":"OH","StateOfResidense":"OH"},{"County":"Licking","Sex":"Male","AgeRange":"70-79","DateOfDeath":"2021-01-14","StateOfDeath":"OH","StateOfResidense":"OH"},{"County":"Licking","Sex":"Female","AgeRange":"80+","DateOfDeath":"2021-01-16","StateOfDeath":"OH","StateOfResidense":"OH"},{"County":"Licking","Sex":"Male","AgeRange":"60-69","DateOfDeath":"2021-01-16","StateOfDeath":"OH","StateOfResidense":"OH"},{"County":"Licking","Sex":"Female","AgeRange":"80+","DateOfDeath":"2021-01-18","StateOfDeath":"OH","StateOfResidense":"OH"},{"County":"Licking","Sex":"Female","AgeRange":"70-79","DateOfDeath":"2021-01-19","StateOfDeath":"OH","StateOfResidense":"OH"},{"County":"Licking","Sex":"Male","AgeRange":"80+","DateOfDeath":"2021-01-19","StateOfDeath":"OH","StateOfResidense":"OH"},{"County":"Licking","Sex":"Female","AgeRange":"80+","DateOfDeath":"2021-01-20","StateOfDeath":"OH","StateOfResidense":"OH"},{"County":"Licking","Sex":"Male","AgeRange":"60-69","DateOfDeath":"2021-01-20","StateOfDeath":"OH","StateOfResidense":"OH"},{"County":"Licking","Sex":"Male","AgeRange":"80+","DateOfDeath":"2021-01-21","StateOfDeath":"OH","StateOfResidense":"NC"},{"County":"Licking","Sex":"Female","AgeRange":"60-69","DateOfDeath":"2021-01-23","StateOfDeath":"OH","StateOfResidense":"OH"},{"County":"Licking","Sex":"Female","AgeRange":"70-79","DateOfDeath":"2021-01-23","StateOfDeath":"OH","StateOfResidense":"OH"},{"County":"Licking","Sex":"Male","AgeRange":"80+","DateOfDeath":"2021-01-30","StateOfDeath":"OH","StateOfResidense":"OH"},{"County":"Licking","Sex":"Female","AgeRange":"70-79","DateOfDeath":"2021-02-02","StateOfDeath":"OH","StateOfResidense":"OH"},{"County":"Licking","Sex":"Female","AgeRange":"80+","DateOfDeath":"2021-02-04","StateOfDeath":"OH","StateOfResidense":"OH"},{"County":"Licking","Sex":"Male","AgeRange":"80+","DateOfDeath":"2021-02-05","StateOfDeath":"OH","StateOfResidense":"OH"},{"County":"Licking","Sex":"Male","AgeRange":"80+","DateOfDeath":"2021-02-06","StateOfDeath":"OH","StateOfResidense":"OH"},{"County":"Licking","Sex":"Male","AgeRange":"70-79","DateOfDeath":"2021-02-07","StateOfDeath":"OH","StateOfResidense":"OH"},{"County":"Licking","Sex":"Female","AgeRange":"60-69","DateOfDeath":"2021-02-14","StateOfDeath":"OH","StateOfResidense":"OH"},{"County":"Licking","Sex":"Female","AgeRange":"60-69","DateOfDeath":"2021-02-18","StateOfDeath":"OH","StateOfResidense":"OH"},{"County":"Licking","Sex":"Female","AgeRange":"80+","DateOfDeath":"2021-02-18","StateOfDeath":"OH","StateOfResidense":"OH"},{"County":"Licking","Sex":"Female","AgeRange":"50-59","DateOfDeath":"2021-02-19","StateOfDeath":"OH","StateOfResidense":"OH"},{"County":"Licking","Sex":"Male","AgeRange":"60-69","DateOfDeath":"2021-02-27","StateOfDeath":"OH","StateOfResidense":"OH"},{"County":"Licking","Sex":"Male","AgeRange":"80+","DateOfDeath":"2021-02-27","StateOfDeath":"OH","StateOfResidense":"OH"},{"County":"Licking","Sex":"Male","AgeRange":"50-59","DateOfDeath":"2021-03-02","StateOfDeath":"OH","StateOfResidense":"OH"},{"County":"Licking","Sex":"Male","AgeRange":"60-69","DateOfDeath":"2021-03-05","StateOfDeath":"OH","StateOfResidense":"OH"},{"County":"Licking","Sex":"Male","AgeRange":"60-69","DateOfDeath":"2021-03-06","StateOfDeath":"OH","StateOfResidense":"OH"},{"County":"Licking","Sex":"Female","AgeRange":"80+","DateOfDeath":"2021-03-13","StateOfDeath":"OH","StateOfResidense":"OH"},{"County":"Licking","Sex":"Female","AgeRange":"80+","DateOfDeath":"2021-03-20","StateOfDeath":"OH","StateOfResidense":"OH"},{"County":"Licking","Sex":"Male","AgeRange":"80+","DateOfDeath":"2021-03-31","StateOfDeath":"OH","StateOfResidense":"OH"},{"County":"Licking","Sex":"Male","AgeRange":"70-79","DateOfDeath":"2021-04-05","StateOfDeath":"OH","StateOfResidense":"OH"},{"County":"Licking","Sex":"Female","AgeRange":"60-69","DateOfDeath":"2021-04-08","StateOfDeath":"OH","StateOfResidense":"OH"},{"County":"Licking","Sex":"Female","AgeRange":"60-69","DateOfDeath":"2021-04-15","StateOfDeath":"OH","StateOfResidense":"OH"},{"County":"Licking","Sex":"Female","AgeRange":"50-59","DateOfDeath":"2021-04-23","StateOfDeath":"OH","StateOfResidense":"OH"},{"County":"Licking","Sex":"Male","AgeRange":"80+","DateOfDeath":"2021-05-04","StateOfDeath":"OH","StateOfResidense":"OH"},{"County":"Licking","Sex":"Male","AgeRange":"60-69","DateOfDeath":"2021-05-06","StateOfDeath":"OH","StateOfResidense":"OH"},{"County":"Licking","Sex":"Female","AgeRange":"80+","DateOfDeath":"2021-05-09","StateOfDeath":"OH","StateOfResidense":"OH"},{"County":"Licking","Sex":"Male","AgeRange":"60-69","DateOfDeath":"2021-05-18","StateOfDeath":"OH","StateOfResidense":"OH"},{"County":"Licking","Sex":"Female","AgeRange":"50-59","DateOfDeath":"2021-05-19","StateOfDeath":"OH","StateOfResidense":"OH"},{"County":"Licking","Sex":"Male","AgeRange":"80+","DateOfDeath":"2021-07-31","StateOfDeath":"OH","StateOfResidense":"OH"},{"County":"Licking","Sex":"Female","AgeRange":"80+","DateOfDeath":"2021-08-18","StateOfDeath":"OH","StateOfResidense":"OH"},{"County":"Licking","Sex":"Male","AgeRange":"60-69","DateOfDeath":"2021-08-22","StateOfDeath":"OH","StateOfResidense":"OH"},{"County":"Licking","Sex":"Female","AgeRange":"50-59","DateOfDeath":"2021-08-24","StateOfDeath":"OH","StateOfResidense":"OH"},{"County":"Licking","Sex":"Female","AgeRange":"70-79","DateOfDeath":"2021-08-26","StateOfDeath":"OH","StateOfResidense":"OH"},{"County":"Licking","Sex":"Female","AgeRange":"80+","DateOfDeath":"2021-08-27","StateOfDeath":"OH","StateOfResidense":"OH"},{"County":"Licking","Sex":"Female","AgeRange":"80+","DateOfDeath":"2021-08-28","StateOfDeath":"OH","StateOfResidense":"OH"},{"County":"Licking","Sex":"Male","AgeRange":"40-49","DateOfDeath":"2021-08-29","StateOfDeath":"OH","StateOfResidense":"OH"},{"County":"Licking","Sex":"Male","AgeRange":"50-59","DateOfDeath":"2021-08-30","StateOfDeath":"OH","StateOfResidense":"OH"},{"County":"Licking","Sex":"Male","AgeRange":"80+","DateOfDeath":"2021-09-01","StateOfDeath":"OH","StateOfResidense":"OH"},{"County":"Licking","Sex":"Male","AgeRange":"70-79","DateOfDeath":"2021-09-02","StateOfDeath":"OH","StateOfResidense":"OH"},{"County":"Licking","Sex":"Male","AgeRange":"80+","DateOfDeath":"2021-09-07","StateOfDeath":"OH","StateOfResidense":"OH"},{"County":"Licking","Sex":"Female","AgeRange":"40-49","DateOfDeath":"2021-09-10","StateOfDeath":"OH","StateOfResidense":"OH"},{"County":"Licking","Sex":"Male","AgeRange":"70-79","DateOfDeath":"2021-09-11","StateOfDeath":"OH","StateOfResidense":"OH"},{"County":"Licking","Sex":"Female","AgeRange":"70-79","DateOfDeath":"2021-09-12","StateOfDeath":"OH","StateOfResidense":"OH"},{"County":"Licking","Sex":"Male","AgeRange":"50-59","DateOfDeath":"2021-09-12","StateOfDeath":"OH","StateOfResidense":"OH"},{"County":"Licking","Sex":"Male","AgeRange":"70-79","DateOfDeath":"2021-09-13","StateOfDeath":"OH","StateOfResidense":"OH"},{"County":"Licking","Sex":"Male","AgeRange":"70-79","DateOfDeath":"2021-09-14","StateOfDeath":"OH","StateOfResidense":"OH"},{"County":"Licking","Sex":"Female","AgeRange":"50-59","DateOfDeath":"2021-09-15","StateOfDeath":"OH","StateOfResidense":"OH"},{"County":"Licking","Sex":"Female","AgeRange":"70-79","DateOfDeath":"2021-09-16","StateOfDeath":"OH","StateOfResidense":"OH"},{"County":"Licking","Sex":"Female","AgeRange":"60-69","DateOfDeath":"2021-09-18","StateOfDeath":"OH","StateOfResidense":"OH"},{"County":"Licking","Sex":"Male","AgeRange":"60-69","DateOfDeath":"2021-09-18","StateOfDeath":"OH","StateOfResidense":"OH"},{"County":"Licking","Sex":"Male","AgeRange":"70-79","DateOfDeath":"2021-09-18","StateOfDeath":"OH","StateOfResidense":"OH"},{"County":"Licking","Sex":"Male","AgeRange":"60-69","DateOfDeath":"2021-09-21","StateOfDeath":"OH","StateOfResidense":"OH"},{"County":"Licking","Sex":"Male","AgeRange":"80+","DateOfDeath":"2021-09-21","StateOfDeath":"OH","StateOfResidense":"OH"},{"County":"Licking","Sex":"Male","AgeRange":"60-69","DateOfDeath":"2021-09-22","StateOfDeath":"OH","StateOfResidense":"OH"},{"County":"Licking","Sex":"Female","AgeRange":"80+","DateOfDeath":"2021-09-23","StateOfDeath":"OH","StateOfResidense":"OH"},{"County":"Licking","Sex":"Female","AgeRange":"70-79","DateOfDeath":"2021-09-24","StateOfDeath":"OH","StateOfResidense":"OH"},{"County":"Licking","Sex":"Male","AgeRange":"50-59","DateOfDeath":"2021-09-24","StateOfDeath":"OH","StateOfResidense":"OH"},{"County":"Licking","Sex":"Female","AgeRange":"60-69","DateOfDeath":"2021-09-24","StateOfDeath":"OH","StateOfResidense":"OH"},{"County":"Licking","Sex":"Male","AgeRange":"50-59","DateOfDeath":"2021-09-25","StateOfDeath":"OH","StateOfResidense":"OH"},{"County":"Licking","Sex":"Male","AgeRange":"50-59","DateOfDeath":"2021-09-26","StateOfDeath":"OH","StateOfResidense":"OH"},{"County":"Licking","Sex":"Male","AgeRange":"80+","DateOfDeath":"2021-09-26","StateOfDeath":"OH","StateOfResidense":"OH"},{"County":"Licking","Sex":"Male","AgeRange":"60-69","DateOfDeath":"2021-09-27","StateOfDeath":"OH","StateOfResidense":"OH"},{"County":"Licking","Sex":"Male","AgeRange":"80+","DateOfDeath":"2021-09-27","StateOfDeath":"OH","StateOfResidense":"OH"},{"County":"Licking","Sex":"Female","AgeRange":"50-59","DateOfDeath":"2021-09-28","StateOfDeath":"OH","StateOfResidense":"OH"},{"County":"Licking","Sex":"Female","AgeRange":"60-69","DateOfDeath":"2021-09-28","StateOfDeath":"OH","StateOfResidense":"OH"},{"County":"Licking","Sex":"Male","AgeRange":"60-69","DateOfDeath":"2021-09-28","StateOfDeath":"OH","StateOfResidense":"OH"},{"County":"Licking","Sex":"Male","AgeRange":"60-69","DateOfDeath":"2021-09-29","StateOfDeath":"OH","StateOfResidense":"OH"},{"County":"Licking","Sex":"Female","AgeRange":"80+","DateOfDeath":"2021-09-30","StateOfDeath":"OH","StateOfResidense":"OH"},{"County":"Licking","Sex":"Female","AgeRange":"70-79","DateOfDeath":"2021-10-01","StateOfDeath":"OH","StateOfResidense":"OH"},{"County":"Licking","Sex":"Male","AgeRange":"70-79","DateOfDeath":"2021-10-01","StateOfDeath":"OH","StateOfResidense":"OH"},{"County":"Licking","Sex":"Female","AgeRange":"70-79","DateOfDeath":"2021-10-02","StateOfDeath":"OH","StateOfResidense":"OH"},{"County":"Licking","Sex":"Female","AgeRange":"60-69","DateOfDeath":"2021-10-03","StateOfDeath":"OH","StateOfResidense":"OH"},{"County":"Licking","Sex":"Female","AgeRange":"70-79","DateOfDeath":"2021-10-03","StateOfDeath":"OH","StateOfResidense":"OH"},{"County":"Licking","Sex":"Female","AgeRange":"80+","DateOfDeath":"2021-10-03","StateOfDeath":"OH","StateOfResidense":"OH"},{"County":"Licking","Sex":"Male","AgeRange":"60-69","DateOfDeath":"2021-10-03","StateOfDeath":"OH","StateOfResidense":"OH"},{"County":"Licking","Sex":"Male","AgeRange":"60-69","DateOfDeath":"2021-10-04","StateOfDeath":"OH","StateOfResidense":"OH"},{"County":"Licking","Sex":"Male","AgeRange":"70-79","DateOfDeath":"2021-10-04","StateOfDeath":"OH","StateOfResidense":"OH"},{"County":"Licking","Sex":"Male","AgeRange":"60-69","DateOfDeath":"2021-10-06","StateOfDeath":"OH","StateOfResidense":"OH"},{"County":"Licking","Sex":"Male","AgeRange":"70-79","DateOfDeath":"2021-10-06","StateOfDeath":"OH","StateOfResidense":"OH"},{"County":"Licking","Sex":"Female","AgeRange":"70-79","DateOfDeath":"2021-10-07","StateOfDeath":"OH","StateOfResidense":"OH"},{"County":"Licking","Sex":"Female","AgeRange":"80+","DateOfDeath":"2021-10-11","StateOfDeath":"OH","StateOfResidense":"OH"},{"County":"Licking","Sex":"Female","AgeRange":"60-69","DateOfDeath":"2021-10-11","StateOfDeath":"OH","StateOfResidense":"OH"},{"County":"Licking","Sex":"Female","AgeRange":"60-69","DateOfDeath":"2021-10-11","StateOfDeath":"OH","StateOfResidense":"OH"},{"County":"Licking","Sex":"Male","AgeRange":"60-69","DateOfDeath":"2021-10-12","StateOfDeath":"OH","StateOfResidense":"OH"},{"County":"Licking","Sex":"Female","AgeRange":"80+","DateOfDeath":"2021-10-12","StateOfDeath":"OH","StateOfResidense":"OH"},{"County":"Licking","Sex":"Male","AgeRange":"80+","DateOfDeath":"2021-10-12","StateOfDeath":"OH","StateOfResidense":"OH"},{"County":"Licking","Sex":"Female","AgeRange":"70-79","DateOfDeath":"2021-10-13","StateOfDeath":"OH","StateOfResidense":"OH"},{"County":"Licking","Sex":"Male","AgeRange":"70-79","DateOfDeath":"2021-10-13","StateOfDeath":"OH","StateOfResidense":"OH"},{"County":"Licking","Sex":"Male","AgeRange":"80+","DateOfDeath":"2021-10-13","StateOfDeath":"OH","StateOfResidense":"OH"},{"County":"Licking","Sex":"Female","AgeRange":"80+","DateOfDeath":"2021-10-14","StateOfDeath":"OH","StateOfResidense":"OH"},{"County":"Licking","Sex":"Male","AgeRange":"80+","DateOfDeath":"2021-10-17","StateOfDeath":"OH","StateOfResidense":"OH"},{"County":"Licking","Sex":"Female","AgeRange":"80+","DateOfDeath":"2021-10-19","StateOfDeath":"OH","StateOfResidense":"OH"},{"County":"Licking","Sex":"Female","AgeRange":"80+","DateOfDeath":"2021-10-19","StateOfDeath":"OH","StateOfResidense":"OH"},{"County":"Licking","Sex":"Male","AgeRange":"80+","DateOfDeath":"2021-10-21","StateOfDeath":"OH","StateOfResidense":"OH"},{"County":"Licking","Sex":"Female","AgeRange":"80+","DateOfDeath":"2021-10-23","StateOfDeath":"OH","StateOfResidense":"OH"},{"County":"Licking","Sex":"Male","AgeRange":"80+","DateOfDeath":"2021-10-23","StateOfDeath":"OH","StateOfResidense":"OH"},{"County":"Licking","Sex":"Male","AgeRange":"30-39","DateOfDeath":"2021-10-24","StateOfDeath":"OH","StateOfResidense":"OH"},{"County":"Licking","Sex":"Male","AgeRange":"60-69","DateOfDeath":"2021-10-25","StateOfDeath":"OH","StateOfResidense":"OH"},{"County":"Licking","Sex":"Female","AgeRange":"40-49","DateOfDeath":"2021-10-26","StateOfDeath":"OH","StateOfResidense":"OH"},{"County":"Licking","Sex":"Male","AgeRange":"70-79","DateOfDeath":"2021-10-27","StateOfDeath":"OH","StateOfResidense":"OH"},{"County":"Licking","Sex":"Male","AgeRange":"80+","DateOfDeath":"2021-10-27","StateOfDeath":"OH","StateOfResidense":"OH"},{"County":"Licking","Sex":"Male","AgeRange":"60-69","DateOfDeath":"2021-10-29","StateOfDeath":"OH","StateOfResidense":"OH"},{"County":"Licking","Sex":"Female","AgeRange":"60-69","DateOfDeath":"2021-11-01","StateOfDeath":"OH","StateOfResidense":"OH"},{"County":"Licking","Sex":"Female","AgeRange":"80+","DateOfDeath":"2021-11-01","StateOfDeath":"OH","StateOfResidense":"OH"},{"County":"Licking","Sex":"Female","AgeRange":"60-69","DateOfDeath":"2021-11-02","StateOfDeath":"OH","StateOfResidense":"OH"},{"County":"Licking","Sex":"Female","AgeRange":"50-59","DateOfDeath":"2021-11-02","StateOfDeath":"OH","StateOfResidense":"OH"},{"County":"Licking","Sex":"Male","AgeRange":"70-79","DateOfDeath":"2021-11-02","StateOfDeath":"OH","StateOfResidense":"OH"},{"County":"Licking","Sex":"Male","AgeRange":"50-59","DateOfDeath":"2021-11-03","StateOfDeath":"OH","StateOfResidense":"OH"},{"County":"Licking","Sex":"Male","AgeRange":"60-69","DateOfDeath":"2021-11-03","StateOfDeath":"OH","StateOfResidense":"OH"},{"County":"Licking","Sex":"Male","AgeRange":"50-59","DateOfDeath":"2021-11-05","StateOfDeath":"OH","StateOfResidense":"OH"},{"County":"Licking","Sex":"Male","AgeRange":"70-79","DateOfDeath":"2021-11-06","StateOfDeath":"OH","StateOfResidense":"OH"},{"County":"Licking","Sex":"Male","AgeRange":"60-69","DateOfDeath":"2021-11-07","StateOfDeath":"OH","StateOfResidense":"OH"},{"County":"Licking","Sex":"Male","AgeRange":"80+","DateOfDeath":"2021-11-07","StateOfDeath":"OH","StateOfResidense":"OH"},{"County":"Licking","Sex":"Female","AgeRange":"30-39","DateOfDeath":"2021-11-08","StateOfDeath":"OH","StateOfResidense":"OH"},{"County":"Licking","Sex":"Female","AgeRange":"60-69","DateOfDeath":"2021-11-08","StateOfDeath":"OH","StateOfResidense":"OH"},{"County":"Licking","Sex":"Female","AgeRange":"70-79","DateOfDeath":"2021-11-08","StateOfDeath":"OH","StateOfResidense":"OH"},{"County":"Licking","Sex":"Male","AgeRange":"80+","DateOfDeath":"2021-11-08","StateOfDeath":"OH","StateOfResidense":"OH"},{"County":"Licking","Sex":"Female","AgeRange":"80+","DateOfDeath":"2021-11-10","StateOfDeath":"OH","StateOfResidense":"OH"},{"County":"Licking","Sex":"Female","AgeRange":"80+","DateOfDeath":"2021-11-17","StateOfDeath":"OH","StateOfResidense":"OH"},{"County":"Licking","Sex":"Male","AgeRange":"50-59","DateOfDeath":"2021-11-17","StateOfDeath":"OH","StateOfResidense":"OH"},{"County":"Licking","Sex":"Female","AgeRange":"70-79","DateOfDeath":"2021-11-19","StateOfDeath":"OH","StateOfResidense":"OH"},{"County":"Licking","Sex":"Female","AgeRange":"50-59","DateOfDeath":"2021-11-20","StateOfDeath":"OH","StateOfResidense":"OH"},{"County":"Licking","Sex":"Male","AgeRange":"70-79","DateOfDeath":"2021-11-22","StateOfDeath":"OH","StateOfResidense":"OH"},{"County":"Licking","Sex":"Female","AgeRange":"60-69","DateOfDeath":"2021-11-23","StateOfDeath":"OH","StateOfResidense":"OH"},{"County":"Licking","Sex":"Male","AgeRange":"60-69","DateOfDeath":"2021-11-23","StateOfDeath":"OH","StateOfResidense":"OH"},{"County":"Licking","Sex":"Male","AgeRange":"70-79","DateOfDeath":"2021-11-24","StateOfDeath":"OH","StateOfResidense":"OH"},{"County":"Licking","Sex":"Male","AgeRange":"70-79","DateOfDeath":"2021-11-24","StateOfDeath":"OH","StateOfResidense":"OH"},{"County":"Licking","Sex":"Male","AgeRange":"60-69","DateOfDeath":"2021-11-25","StateOfDeath":"OH","StateOfResidense":"OH"},{"County":"Licking","Sex":"Male","AgeRange":"60-69","DateOfDeath":"2021-11-26","StateOfDeath":"OH","StateOfResidense":"OH"},{"County":"Licking","Sex":"Female","AgeRange":"70-79","DateOfDeath":"2021-11-27","StateOfDeath":"OH","StateOfResidense":"OH"}]