[{"County":"Morrow","Sex":"Male","AgeRange":"80+","DateOfDeath":"2020-11-28","StateOfDeath":"OH","StateOfResidense":"OH"},{"County":"Morrow","Sex":"Female","AgeRange":"60-69","DateOfDeath":"2020-12-02","StateOfDeath":"OH","StateOfResidense":"OH"},{"County":"Morrow","Sex":"Female","AgeRange":"80+","DateOfDeath":"2020-12-12","StateOfDeath":"OH","StateOfResidense":"OH"},{"County":"Morrow","Sex":"Male","AgeRange":"80+","DateOfDeath":"2020-12-14","StateOfDeath":"OH","StateOfResidense":"OH"},{"County":"Morrow","Sex":"Male","AgeRange":"80+","DateOfDeath":"2020-12-19","StateOfDeath":"OH","StateOfResidense":"OH"},{"County":"Morrow","Sex":"Female","AgeRange":"80+","DateOfDeath":"2020-12-20","StateOfDeath":"OH","StateOfResidense":"OH"},{"County":"Morrow","Sex":"Female","AgeRange":"80+","DateOfDeath":"2020-12-25","StateOfDeath":"OH","StateOfResidense":"OH"},{"County":"Morrow","Sex":"Male","AgeRange":"70-79","DateOfDeath":"2020-12-28","StateOfDeath":"OH","StateOfResidense":"OH"},{"County":"Morrow","Sex":"Female","AgeRange":"80+","DateOfDeath":"2021-01-04","StateOfDeath":"OH","StateOfResidense":"OH"},{"County":"Morrow","Sex":"Female","AgeRange":"80+","DateOfDeath":"2021-01-05","StateOfDeath":"OH","StateOfResidense":"OH"},{"County":"Morrow","Sex":"Female","AgeRange":"80+","DateOfDeath":"2021-01-15","StateOfDeath":"OH","StateOfResidense":"OH"},{"County":"Morrow","Sex":"Female","AgeRange":"80+","DateOfDeath":"2021-02-03","StateOfDeath":"OH","StateOfResidense":"OH"},{"County":"Morrow","Sex":"Female","AgeRange":"80+","DateOfDeath":"2021-02-08","StateOfDeath":"OH","StateOfResidense":"OH"},{"County":"Morrow","Sex":"Male","AgeRange":"80+","DateOfDeath":"2021-09-04","StateOfDeath":"OH","StateOfResidense":"OH"},{"County":"Morrow","Sex":"Male","AgeRange":"80+","DateOfDeath":"2021-09-25","StateOfDeath":"OH","StateOfResidense":"OH"},{"County":"Morrow","Sex":"Male","AgeRange":"80+","DateOfDeath":"2021-10-04","StateOfDeath":"OH","StateOfResidense":"OH"}]