[{"County":"Columbiana","Sex":"Male","AgeRange":"60-69","DateOfDeath":"2020-11-10","StateOfDeath":"OH","StateOfResidense":"OH"},{"County":"Columbiana","Sex":"Female","AgeRange":"70-79","DateOfDeath":"2020-11-11","StateOfDeath":"OH","StateOfResidense":"OH"},{"County":"Columbiana","Sex":"Male","AgeRange":"80+","DateOfDeath":"2020-11-12","StateOfDeath":"OH","StateOfResidense":"OH"},{"County":"Columbiana","Sex":"Male","AgeRange":"80+","DateOfDeath":"2020-11-14","StateOfDeath":"OH","StateOfResidense":"OH"},{"County":"Columbiana","Sex":"Female","AgeRange":"70-79","DateOfDeath":"2020-11-17","StateOfDeath":"OH","StateOfResidense":"OH"},{"County":"Columbiana","Sex":"Male","AgeRange":"50-59","DateOfDeath":"2020-11-17","StateOfDeath":"OH","StateOfResidense":"OH"},{"County":"Columbiana","Sex":"Male","AgeRange":"80+","DateOfDeath":"2020-11-19","StateOfDeath":"OH","StateOfResidense":"OH"},{"County":"Columbiana","Sex":"Male","AgeRange":"60-69","DateOfDeath":"2020-11-20","StateOfDeath":"OH","StateOfResidense":"OH"},{"County":"Columbiana","Sex":"Male","AgeRange":"60-69","DateOfDeath":"2020-11-22","StateOfDeath":"OH","StateOfResidense":"OH"},{"County":"Columbiana","Sex":"Male","AgeRange":"80+","DateOfDeath":"2020-11-26","StateOfDeath":"OH","StateOfResidense":"PA"},{"County":"Columbiana","Sex":"Male","AgeRange":"70-79","DateOfDeath":"2020-11-26","StateOfDeath":"OH","StateOfResidense":"OH"},{"County":"Columbiana","Sex":"Male","AgeRange":"80+","DateOfDeath":"2020-11-26","StateOfDeath":"OH","StateOfResidense":"OH"},{"County":"Columbiana","Sex":"Female","AgeRange":"80+","DateOfDeath":"2020-11-30","StateOfDeath":"OH","StateOfResidense":"OH"},{"County":"Columbiana","Sex":"Male","AgeRange":"50-59","DateOfDeath":"2020-11-30","StateOfDeath":"OH","StateOfResidense":"OH"},{"County":"Columbiana","Sex":"Male","AgeRange":"80+","DateOfDeath":"2020-12-01","StateOfDeath":"OH","StateOfResidense":"OH"},{"County":"Columbiana","Sex":"Male","AgeRange":"50-59","DateOfDeath":"2020-12-02","StateOfDeath":"OH","StateOfResidense":"OH"},{"County":"Columbiana","Sex":"Female","AgeRange":"80+","DateOfDeath":"2020-12-03","StateOfDeath":"OH","StateOfResidense":"OH"},{"County":"Columbiana","Sex":"Female","AgeRange":"80+","DateOfDeath":"2020-12-05","StateOfDeath":"OH","StateOfResidense":"OH"},{"County":"Columbiana","Sex":"Female","AgeRange":"80+","DateOfDeath":"2020-12-06","StateOfDeath":"OH","StateOfResidense":"WV"},{"County":"Columbiana","Sex":"Female","AgeRange":"80+","DateOfDeath":"2020-12-06","StateOfDeath":"OH","StateOfResidense":"OH"},{"County":"Columbiana","Sex":"Female","AgeRange":"80+","DateOfDeath":"2020-12-07","StateOfDeath":"OH","StateOfResidense":"OH"},{"County":"Columbiana","Sex":"Male","AgeRange":"70-79","DateOfDeath":"2020-12-07","StateOfDeath":"OH","StateOfResidense":"OH"},{"County":"Columbiana","Sex":"Male","AgeRange":"80+","DateOfDeath":"2020-12-07","StateOfDeath":"OH","StateOfResidense":"OH"},{"County":"Columbiana","Sex":"Female","AgeRange":"80+","DateOfDeath":"2020-12-08","StateOfDeath":"OH","StateOfResidense":"OH"},{"County":"Columbiana","Sex":"Male","AgeRange":"80+","DateOfDeath":"2020-12-08","StateOfDeath":"OH","StateOfResidense":"OH"},{"County":"Columbiana","Sex":"Female","AgeRange":"70-79","DateOfDeath":"2020-12-08","StateOfDeath":"OH","StateOfResidense":"PA"},{"County":"Columbiana","Sex":"Female","AgeRange":"70-79","DateOfDeath":"2020-12-09","StateOfDeath":"OH","StateOfResidense":"OH"},{"County":"Columbiana","Sex":"Male","AgeRange":"70-79","DateOfDeath":"2020-12-09","StateOfDeath":"OH","StateOfResidense":"OH"},{"County":"Columbiana","Sex":"Female","AgeRange":"80+","DateOfDeath":"2020-12-10","StateOfDeath":"OH","StateOfResidense":"OH"},{"County":"Columbiana","Sex":"Male","AgeRange":"60-69","DateOfDeath":"2020-12-10","StateOfDeath":"OH","StateOfResidense":"OH"},{"County":"Columbiana","Sex":"Male","AgeRange":"70-79","DateOfDeath":"2020-12-10","StateOfDeath":"OH","StateOfResidense":"OH"},{"County":"Columbiana","Sex":"Male","AgeRange":"50-59","DateOfDeath":"2020-12-11","StateOfDeath":"OH","StateOfResidense":"OH"},{"County":"Columbiana","Sex":"Male","AgeRange":"70-79","DateOfDeath":"2020-12-11","StateOfDeath":"OH","StateOfResidense":"OH"},{"County":"Columbiana","Sex":"Female","AgeRange":"70-79","DateOfDeath":"2020-12-12","StateOfDeath":"OH","StateOfResidense":"OH"},{"County":"Columbiana","Sex":"Male","AgeRange":"60-69","DateOfDeath":"2020-12-13","StateOfDeath":"OH","StateOfResidense":"OH"},{"County":"Columbiana","Sex":"Male","AgeRange":"80+","DateOfDeath":"2020-12-13","StateOfDeath":"OH","StateOfResidense":"OH"},{"County":"Columbiana","Sex":"Female","AgeRange":"60-69","DateOfDeath":"2020-12-14","StateOfDeath":"OH","StateOfResidense":"OH"},{"County":"Columbiana","Sex":"Female","AgeRange":"70-79","DateOfDeath":"2020-12-14","StateOfDeath":"OH","StateOfResidense":"OH"},{"County":"Columbiana","Sex":"Male","AgeRange":"70-79","DateOfDeath":"2020-12-14","StateOfDeath":"OH","StateOfResidense":"OH"},{"County":"Columbiana","Sex":"Male","AgeRange":"80+","DateOfDeath":"2020-12-14","StateOfDeath":"OH","StateOfResidense":"OH"},{"County":"Columbiana","Sex":"Female","AgeRange":"70-79","DateOfDeath":"2020-12-15","StateOfDeath":"OH","StateOfResidense":"OH"},{"County":"Columbiana","Sex":"Male","AgeRange":"80+","DateOfDeath":"2020-12-16","StateOfDeath":"OH","StateOfResidense":"OH"},{"County":"Columbiana","Sex":"Female","AgeRange":"60-69","DateOfDeath":"2020-12-17","StateOfDeath":"OH","StateOfResidense":"OH"},{"County":"Columbiana","Sex":"Male","AgeRange":"60-69","DateOfDeath":"2020-12-17","StateOfDeath":"OH","StateOfResidense":"OH"},{"County":"Columbiana","Sex":"Male","AgeRange":"70-79","DateOfDeath":"2020-12-17","StateOfDeath":"OH","StateOfResidense":"OH"},{"County":"Columbiana","Sex":"Female","AgeRange":"70-79","DateOfDeath":"2020-12-18","StateOfDeath":"OH","StateOfResidense":"OH"},{"County":"Columbiana","Sex":"Male","AgeRange":"70-79","DateOfDeath":"2020-12-18","StateOfDeath":"OH","StateOfResidense":"OH"},{"County":"Columbiana","Sex":"Male","AgeRange":"70-79","DateOfDeath":"2020-12-18","StateOfDeath":"OH","StateOfResidense":"WV"},{"County":"Columbiana","Sex":"Male","AgeRange":"60-69","DateOfDeath":"2020-12-19","StateOfDeath":"OH","StateOfResidense":"OH"},{"County":"Columbiana","Sex":"Male","AgeRange":"80+","DateOfDeath":"2020-12-19","StateOfDeath":"OH","StateOfResidense":"OH"},{"County":"Columbiana","Sex":"Male","AgeRange":"80+","DateOfDeath":"2020-12-19","StateOfDeath":"OH","StateOfResidense":"WV"},{"County":"Columbiana","Sex":"Male","AgeRange":"50-59","DateOfDeath":"2020-12-20","StateOfDeath":"OH","StateOfResidense":"OH"},{"County":"Columbiana","Sex":"Female","AgeRange":"80+","DateOfDeath":"2020-12-21","StateOfDeath":"OH","StateOfResidense":"OH"},{"County":"Columbiana","Sex":"Male","AgeRange":"70-79","DateOfDeath":"2020-12-21","StateOfDeath":"OH","StateOfResidense":"OH"},{"County":"Columbiana","Sex":"Male","AgeRange":"50-59","DateOfDeath":"2020-12-22","StateOfDeath":"OH","StateOfResidense":"WV"},{"County":"Columbiana","Sex":"Male","AgeRange":"70-79","DateOfDeath":"2020-12-22","StateOfDeath":"OH","StateOfResidense":"OH"},{"County":"Columbiana","Sex":"Male","AgeRange":"70-79","DateOfDeath":"2020-12-23","StateOfDeath":"OH","StateOfResidense":"OH"},{"County":"Columbiana","Sex":"Male","AgeRange":"70-79","DateOfDeath":"2020-12-25","StateOfDeath":"OH","StateOfResidense":"OH"},{"County":"Columbiana","Sex":"Female","AgeRange":"80+","DateOfDeath":"2020-12-26","StateOfDeath":"OH","StateOfResidense":"OH"},{"County":"Columbiana","Sex":"Male","AgeRange":"80+","DateOfDeath":"2020-12-26","StateOfDeath":"OH","StateOfResidense":"OH"},{"County":"Columbiana","Sex":"Female","AgeRange":"70-79","DateOfDeath":"2020-12-28","StateOfDeath":"OH","StateOfResidense":"OH"},{"County":"Columbiana","Sex":"Female","AgeRange":"80+","DateOfDeath":"2020-12-28","StateOfDeath":"OH","StateOfResidense":"WV"},{"County":"Columbiana","Sex":"Female","AgeRange":"50-59","DateOfDeath":"2020-12-30","StateOfDeath":"OH","StateOfResidense":"OH"},{"County":"Columbiana","Sex":"Female","AgeRange":"80+","DateOfDeath":"2020-12-30","StateOfDeath":"OH","StateOfResidense":"OH"},{"County":"Columbiana","Sex":"Female","AgeRange":"80+","DateOfDeath":"2020-12-31","StateOfDeath":"OH","StateOfResidense":"OH"},{"County":"Columbiana","Sex":"Male","AgeRange":"80+","DateOfDeath":"2020-12-31","StateOfDeath":"OH","StateOfResidense":"OH"},{"County":"Columbiana","Sex":"Male","AgeRange":"70-79","DateOfDeath":"2021-01-01","StateOfDeath":"OH","StateOfResidense":"OH"},{"County":"Columbiana","Sex":"Male","AgeRange":"40-49","DateOfDeath":"2021-01-01","StateOfDeath":"OH","StateOfResidense":"WV"},{"County":"Columbiana","Sex":"Female","AgeRange":"80+","DateOfDeath":"2021-01-03","StateOfDeath":"OH","StateOfResidense":"OH"},{"County":"Columbiana","Sex":"Female","AgeRange":"80+","DateOfDeath":"2021-01-03","StateOfDeath":"OH","StateOfResidense":"OH"},{"County":"Columbiana","Sex":"Female","AgeRange":"80+","DateOfDeath":"2021-01-04","StateOfDeath":"OH","StateOfResidense":"OH"},{"County":"Columbiana","Sex":"Male","AgeRange":"80+","DateOfDeath":"2021-01-04","StateOfDeath":"OH","StateOfResidense":"OH"},{"County":"Columbiana","Sex":"Female","AgeRange":"80+","DateOfDeath":"2021-01-05","StateOfDeath":"OH","StateOfResidense":"OH"},{"County":"Columbiana","Sex":"Male","AgeRange":"80+","DateOfDeath":"2021-01-05","StateOfDeath":"OH","StateOfResidense":"OH"},{"County":"Columbiana","Sex":"Female","AgeRange":"80+","DateOfDeath":"2021-01-06","StateOfDeath":"OH","StateOfResidense":"OH"},{"County":"Columbiana","Sex":"Female","AgeRange":"70-79","DateOfDeath":"2021-01-06","StateOfDeath":"OH","StateOfResidense":"WV"},{"County":"Columbiana","Sex":"Female","AgeRange":"80+","DateOfDeath":"2021-01-07","StateOfDeath":"OH","StateOfResidense":"OH"},{"County":"Columbiana","Sex":"Male","AgeRange":"70-79","DateOfDeath":"2021-01-07","StateOfDeath":"OH","StateOfResidense":"OH"},{"County":"Columbiana","Sex":"Male","AgeRange":"80+","DateOfDeath":"2021-01-07","StateOfDeath":"OH","StateOfResidense":"OH"},{"County":"Columbiana","Sex":"Male","AgeRange":"50-59","DateOfDeath":"2021-01-09","StateOfDeath":"OH","StateOfResidense":"OH"},{"County":"Columbiana","Sex":"Female","AgeRange":"80+","DateOfDeath":"2021-01-11","StateOfDeath":"OH","StateOfResidense":"WV"},{"County":"Columbiana","Sex":"Female","AgeRange":"80+","DateOfDeath":"2021-01-12","StateOfDeath":"OH","StateOfResidense":"OH"},{"County":"Columbiana","Sex":"Male","AgeRange":"60-69","DateOfDeath":"2021-01-13","StateOfDeath":"OH","StateOfResidense":"OH"},{"County":"Columbiana","Sex":"Male","AgeRange":"80+","DateOfDeath":"2021-01-13","StateOfDeath":"OH","StateOfResidense":"OH"},{"County":"Columbiana","Sex":"Female","AgeRange":"80+","DateOfDeath":"2021-01-17","StateOfDeath":"OH","StateOfResidense":"OH"},{"County":"Columbiana","Sex":"Male","AgeRange":"80+","DateOfDeath":"2021-01-17","StateOfDeath":"OH","StateOfResidense":"OH"},{"County":"Columbiana","Sex":"Male","AgeRange":"60-69","DateOfDeath":"2021-01-18","StateOfDeath":"OH","StateOfResidense":"WV"},{"County":"Columbiana","Sex":"Male","AgeRange":"80+","DateOfDeath":"2021-01-18","StateOfDeath":"OH","StateOfResidense":"OH"},{"County":"Columbiana","Sex":"Male","AgeRange":"30-39","DateOfDeath":"2021-01-19","StateOfDeath":"OH","StateOfResidense":"OH"},{"County":"Columbiana","Sex":"Male","AgeRange":"60-69","DateOfDeath":"2021-01-19","StateOfDeath":"OH","StateOfResidense":"OH"},{"County":"Columbiana","Sex":"Male","AgeRange":"80+","DateOfDeath":"2021-01-20","StateOfDeath":"OH","StateOfResidense":"OH"},{"County":"Columbiana","Sex":"Male","AgeRange":"60-69","DateOfDeath":"2021-01-22","StateOfDeath":"OH","StateOfResidense":"OH"},{"County":"Columbiana","Sex":"Female","AgeRange":"80+","DateOfDeath":"2021-01-23","StateOfDeath":"OH","StateOfResidense":"OH"},{"County":"Columbiana","Sex":"Male","AgeRange":"70-79","DateOfDeath":"2021-01-24","StateOfDeath":"OH","StateOfResidense":"OH"},{"County":"Columbiana","Sex":"Female","AgeRange":"70-79","DateOfDeath":"2021-01-25","StateOfDeath":"OH","StateOfResidense":"OH"},{"County":"Columbiana","Sex":"Male","AgeRange":"50-59","DateOfDeath":"2021-01-27","StateOfDeath":"OH","StateOfResidense":"OH"},{"County":"Columbiana","Sex":"Male","AgeRange":"70-79","DateOfDeath":"2021-01-30","StateOfDeath":"OH","StateOfResidense":"OH"},{"County":"Columbiana","Sex":"Male","AgeRange":"80+","DateOfDeath":"2021-01-31","StateOfDeath":"OH","StateOfResidense":"PA"},{"County":"Columbiana","Sex":"Female","AgeRange":"70-79","DateOfDeath":"2021-02-03","StateOfDeath":"OH","StateOfResidense":"OH"},{"County":"Columbiana","Sex":"Female","AgeRange":"80+","DateOfDeath":"2021-02-03","StateOfDeath":"OH","StateOfResidense":"OH"},{"County":"Columbiana","Sex":"Male","AgeRange":"70-79","DateOfDeath":"2021-02-03","StateOfDeath":"OH","StateOfResidense":"OH"},{"County":"Columbiana","Sex":"Male","AgeRange":"80+","DateOfDeath":"2021-02-04","StateOfDeath":"OH","StateOfResidense":"OH"},{"County":"Columbiana","Sex":"Female","AgeRange":"60-69","DateOfDeath":"2021-02-04","StateOfDeath":"OH","StateOfResidense":"OH"},{"County":"Columbiana","Sex":"Male","AgeRange":"60-69","DateOfDeath":"2021-02-06","StateOfDeath":"OH","StateOfResidense":"OH"},{"County":"Columbiana","Sex":"Female","AgeRange":"70-79","DateOfDeath":"2021-02-09","StateOfDeath":"OH","StateOfResidense":"OH"},{"County":"Columbiana","Sex":"Male","AgeRange":"70-79","DateOfDeath":"2021-02-10","StateOfDeath":"OH","StateOfResidense":"OH"},{"County":"Columbiana","Sex":"Female","AgeRange":"80+","DateOfDeath":"2021-02-11","StateOfDeath":"OH","StateOfResidense":"OH"},{"County":"Columbiana","Sex":"Female","AgeRange":"70-79","DateOfDeath":"2021-02-14","StateOfDeath":"OH","StateOfResidense":"OH"},{"County":"Columbiana","Sex":"Female","AgeRange":"70-79","DateOfDeath":"2021-02-18","StateOfDeath":"OH","StateOfResidense":"OH"},{"County":"Columbiana","Sex":"Male","AgeRange":"80+","DateOfDeath":"2021-03-01","StateOfDeath":"OH","StateOfResidense":"OH"},{"County":"Columbiana","Sex":"Male","AgeRange":"80+","DateOfDeath":"2021-03-02","StateOfDeath":"OH","StateOfResidense":"OH"},{"County":"Columbiana","Sex":"Female","AgeRange":"70-79","DateOfDeath":"2021-03-23","StateOfDeath":"OH","StateOfResidense":"OH"},{"County":"Columbiana","Sex":"Male","AgeRange":"80+","DateOfDeath":"2021-03-28","StateOfDeath":"OH","StateOfResidense":"OH"},{"County":"Columbiana","Sex":"Male","AgeRange":"60-69","DateOfDeath":"2021-05-16","StateOfDeath":"OH","StateOfResidense":"WV"},{"County":"Columbiana","Sex":"Male","AgeRange":"80+","DateOfDeath":"2021-05-27","StateOfDeath":"OH","StateOfResidense":"OH"},{"County":"Columbiana","Sex":"Female","AgeRange":"40-49","DateOfDeath":"2021-06-03","StateOfDeath":"OH","StateOfResidense":"OH"},{"County":"Columbiana","Sex":"Female","AgeRange":"60-69","DateOfDeath":"2021-06-05","StateOfDeath":"OH","StateOfResidense":"OH"},{"County":"Columbiana","Sex":"Male","AgeRange":"80+","DateOfDeath":"2021-07-13","StateOfDeath":"OH","StateOfResidense":"OH"},{"County":"Columbiana","Sex":"Male","AgeRange":"70-79","DateOfDeath":"2021-08-22","StateOfDeath":"OH","StateOfResidense":"OH"},{"County":"Columbiana","Sex":"Male","AgeRange":"80+","DateOfDeath":"2021-08-24","StateOfDeath":"OH","StateOfResidense":"OH"},{"County":"Columbiana","Sex":"Female","AgeRange":"60-69","DateOfDeath":"2021-08-25","StateOfDeath":"OH","StateOfResidense":"OH"},{"County":"Columbiana","Sex":"Male","AgeRange":"80+","DateOfDeath":"2021-08-31","StateOfDeath":"OH","StateOfResidense":"OH"},{"County":"Columbiana","Sex":"Female","AgeRange":"80+","DateOfDeath":"2021-09-03","StateOfDeath":"OH","StateOfResidense":"OH"},{"County":"Columbiana","Sex":"Female","AgeRange":"60-69","DateOfDeath":"2021-09-05","StateOfDeath":"OH","StateOfResidense":"OH"},{"County":"Columbiana","Sex":"Male","AgeRange":"70-79","DateOfDeath":"2021-09-07","StateOfDeath":"OH","StateOfResidense":"OH"},{"County":"Columbiana","Sex":"Male","AgeRange":"70-79","DateOfDeath":"2021-09-10","StateOfDeath":"OH","StateOfResidense":"OH"},{"County":"Columbiana","Sex":"Female","AgeRange":"60-69","DateOfDeath":"2021-09-11","StateOfDeath":"OH","StateOfResidense":"OH"},{"County":"Columbiana","Sex":"Male","AgeRange":"50-59","DateOfDeath":"2021-09-13","StateOfDeath":"OH","StateOfResidense":"OH"},{"County":"Columbiana","Sex":"Male","AgeRange":"40-49","DateOfDeath":"2021-09-17","StateOfDeath":"OH","StateOfResidense":"OH"},{"County":"Columbiana","Sex":"Female","AgeRange":"60-69","DateOfDeath":"2021-09-18","StateOfDeath":"OH","StateOfResidense":"OH"},{"County":"Columbiana","Sex":"Male","AgeRange":"70-79","DateOfDeath":"2021-09-20","StateOfDeath":"OH","StateOfResidense":"OH"},{"County":"Columbiana","Sex":"Female","AgeRange":"80+","DateOfDeath":"2021-09-27","StateOfDeath":"OH","StateOfResidense":"OH"},{"County":"Columbiana","Sex":"Female","AgeRange":"70-79","DateOfDeath":"2021-09-29","StateOfDeath":"OH","StateOfResidense":"OH"},{"County":"Columbiana","Sex":"Female","AgeRange":"60-69","DateOfDeath":"2021-10-01","StateOfDeath":"OH","StateOfResidense":"OH"},{"County":"Columbiana","Sex":"Female","AgeRange":"80+","DateOfDeath":"2021-10-01","StateOfDeath":"OH","StateOfResidense":"OH"},{"County":"Columbiana","Sex":"Male","AgeRange":"70-79","DateOfDeath":"2021-10-01","StateOfDeath":"OH","StateOfResidense":"OH"},{"County":"Columbiana","Sex":"Male","AgeRange":"60-69","DateOfDeath":"2021-10-02","StateOfDeath":"OH","StateOfResidense":"OH"},{"County":"Columbiana","Sex":"Female","AgeRange":"70-79","DateOfDeath":"2021-10-05","StateOfDeath":"OH","StateOfResidense":"OH"},{"County":"Columbiana","Sex":"Male","AgeRange":"70-79","DateOfDeath":"2021-10-05","StateOfDeath":"OH","StateOfResidense":"OH"},{"County":"Columbiana","Sex":"Male","AgeRange":"60-69","DateOfDeath":"2021-10-06","StateOfDeath":"OH","StateOfResidense":"OH"},{"County":"Columbiana","Sex":"Female","AgeRange":"70-79","DateOfDeath":"2021-10-07","StateOfDeath":"OH","StateOfResidense":"OH"},{"County":"Columbiana","Sex":"Female","AgeRange":"80+","DateOfDeath":"2021-10-07","StateOfDeath":"OH","StateOfResidense":"OH"},{"County":"Columbiana","Sex":"Male","AgeRange":"50-59","DateOfDeath":"2021-10-07","StateOfDeath":"OH","StateOfResidense":"OH"},{"County":"Columbiana","Sex":"Male","AgeRange":"70-79","DateOfDeath":"2021-10-07","StateOfDeath":"OH","StateOfResidense":"OH"},{"County":"Columbiana","Sex":"Female","AgeRange":"60-69","DateOfDeath":"2021-10-08","StateOfDeath":"OH","StateOfResidense":"OH"},{"County":"Columbiana","Sex":"Male","AgeRange":"70-79","DateOfDeath":"2021-10-09","StateOfDeath":"OH","StateOfResidense":"OH"},{"County":"Columbiana","Sex":"Female","AgeRange":"80+","DateOfDeath":"2021-10-10","StateOfDeath":"OH","StateOfResidense":"OH"},{"County":"Columbiana","Sex":"Male","AgeRange":"70-79","DateOfDeath":"2021-10-10","StateOfDeath":"OH","StateOfResidense":"OH"},{"County":"Columbiana","Sex":"Female","AgeRange":"50-59","DateOfDeath":"2021-10-11","StateOfDeath":"OH","StateOfResidense":"OH"},{"County":"Columbiana","Sex":"Male","AgeRange":"80+","DateOfDeath":"2021-10-11","StateOfDeath":"OH","StateOfResidense":"OH"},{"County":"Columbiana","Sex":"Female","AgeRange":"70-79","DateOfDeath":"2021-10-12","StateOfDeath":"OH","StateOfResidense":"OH"},{"County":"Columbiana","Sex":"Female","AgeRange":"30-39","DateOfDeath":"2021-10-14","StateOfDeath":"OH","StateOfResidense":"OH"},{"County":"Columbiana","Sex":"Male","AgeRange":"60-69","DateOfDeath":"2021-10-14","StateOfDeath":"OH","StateOfResidense":"OH"},{"County":"Columbiana","Sex":"Male","AgeRange":"70-79","DateOfDeath":"2021-10-14","StateOfDeath":"OH","StateOfResidense":"OH"},{"County":"Columbiana","Sex":"Female","AgeRange":"50-59","DateOfDeath":"2021-10-14","StateOfDeath":"OH","StateOfResidense":"WV"},{"County":"Columbiana","Sex":"Male","AgeRange":"80+","DateOfDeath":"2021-10-14","StateOfDeath":"OH","StateOfResidense":"OH"},{"County":"Columbiana","Sex":"Female","AgeRange":"60-69","DateOfDeath":"2021-10-15","StateOfDeath":"OH","StateOfResidense":"OH"},{"County":"Columbiana","Sex":"Male","AgeRange":"60-69","DateOfDeath":"2021-10-15","StateOfDeath":"OH","StateOfResidense":"OH"},{"County":"Columbiana","Sex":"Male","AgeRange":"70-79","DateOfDeath":"2021-10-16","StateOfDeath":"OH","StateOfResidense":"OH"},{"County":"Columbiana","Sex":"Male","AgeRange":"70-79","DateOfDeath":"2021-10-17","StateOfDeath":"OH","StateOfResidense":"OH"},{"County":"Columbiana","Sex":"Female","AgeRange":"80+","DateOfDeath":"2021-10-18","StateOfDeath":"OH","StateOfResidense":"OH"},{"County":"Columbiana","Sex":"Male","AgeRange":"80+","DateOfDeath":"2021-10-18","StateOfDeath":"OH","StateOfResidense":"OH"},{"County":"Columbiana","Sex":"Male","AgeRange":"80+","DateOfDeath":"2021-10-18","StateOfDeath":"OH","StateOfResidense":"WV"},{"County":"Columbiana","Sex":"Female","AgeRange":"80+","DateOfDeath":"2021-10-19","StateOfDeath":"OH","StateOfResidense":"OH"},{"County":"Columbiana","Sex":"Male","AgeRange":"60-69","DateOfDeath":"2021-10-20","StateOfDeath":"OH","StateOfResidense":"OH"},{"County":"Columbiana","Sex":"Male","AgeRange":"80+","DateOfDeath":"2021-10-20","StateOfDeath":"OH","StateOfResidense":"OH"},{"County":"Columbiana","Sex":"Male","AgeRange":"70-79","DateOfDeath":"2021-10-20","StateOfDeath":"OH","StateOfResidense":"OH"},{"County":"Columbiana","Sex":"Female","AgeRange":"80+","DateOfDeath":"2021-10-21","StateOfDeath":"OH","StateOfResidense":"CA"},{"County":"Columbiana","Sex":"Male","AgeRange":"50-59","DateOfDeath":"2021-10-22","StateOfDeath":"OH","StateOfResidense":"OH"},{"County":"Columbiana","Sex":"Male","AgeRange":"50-59","DateOfDeath":"2021-10-23","StateOfDeath":"OH","StateOfResidense":"OH"},{"County":"Columbiana","Sex":"Female","AgeRange":"80+","DateOfDeath":"2021-10-24","StateOfDeath":"OH","StateOfResidense":"OH"},{"County":"Columbiana","Sex":"Male","AgeRange":"70-79","DateOfDeath":"2021-10-26","StateOfDeath":"OH","StateOfResidense":"OH"},{"County":"Columbiana","Sex":"Female","AgeRange":"60-69","DateOfDeath":"2021-10-27","StateOfDeath":"OH","StateOfResidense":"OH"},{"County":"Columbiana","Sex":"Male","AgeRange":"80+","DateOfDeath":"2021-10-28","StateOfDeath":"OH","StateOfResidense":"OH"},{"County":"Columbiana","Sex":"Male","AgeRange":"70-79","DateOfDeath":"2021-10-29","StateOfDeath":"OH","StateOfResidense":"OH"},{"County":"Columbiana","Sex":"Female","AgeRange":"70-79","DateOfDeath":"2021-10-31","StateOfDeath":"OH","StateOfResidense":"OH"},{"County":"Columbiana","Sex":"Female","AgeRange":"70-79","DateOfDeath":"2021-11-02","StateOfDeath":"OH","StateOfResidense":"OH"},{"County":"Columbiana","Sex":"Female","AgeRange":"80+","DateOfDeath":"2021-11-02","StateOfDeath":"OH","StateOfResidense":"OH"},{"County":"Columbiana","Sex":"Male","AgeRange":"60-69","DateOfDeath":"2021-11-04","StateOfDeath":"OH","StateOfResidense":"OH"},{"County":"Columbiana","Sex":"Female","AgeRange":"50-59","DateOfDeath":"2021-11-05","StateOfDeath":"OH","StateOfResidense":"OH"},{"County":"Columbiana","Sex":"Male","AgeRange":"70-79","DateOfDeath":"2021-11-07","StateOfDeath":"OH","StateOfResidense":"OH"},{"County":"Columbiana","Sex":"Female","AgeRange":"80+","DateOfDeath":"2021-11-09","StateOfDeath":"OH","StateOfResidense":"OH"},{"County":"Columbiana","Sex":"Female","AgeRange":"80+","DateOfDeath":"2021-11-10","StateOfDeath":"OH","StateOfResidense":"OH"},{"County":"Columbiana","Sex":"Male","AgeRange":"80+","DateOfDeath":"2021-11-10","StateOfDeath":"OH","StateOfResidense":"OH"},{"County":"Columbiana","Sex":"Female","AgeRange":"60-69","DateOfDeath":"2021-11-11","StateOfDeath":"OH","StateOfResidense":"OH"},{"County":"Columbiana","Sex":"Female","AgeRange":"70-79","DateOfDeath":"2021-11-11","StateOfDeath":"OH","StateOfResidense":"OH"},{"County":"Columbiana","Sex":"Male","AgeRange":"60-69","DateOfDeath":"2021-11-11","StateOfDeath":"OH","StateOfResidense":"OH"},{"County":"Columbiana","Sex":"Male","AgeRange":"80+","DateOfDeath":"2021-11-11","StateOfDeath":"OH","StateOfResidense":"OH"},{"County":"Columbiana","Sex":"Male","AgeRange":"70-79","DateOfDeath":"2021-11-13","StateOfDeath":"OH","StateOfResidense":"OH"},{"County":"Columbiana","Sex":"Male","AgeRange":"50-59","DateOfDeath":"2021-11-20","StateOfDeath":"OH","StateOfResidense":"OH"}]