[{"County":"Pike","Sex":"Male","AgeRange":"80+","DateOfDeath":"2020-12-06","StateOfDeath":"OH","StateOfResidense":"OH"},{"County":"Pike","Sex":"Male","AgeRange":"70-79","DateOfDeath":"2021-01-10","StateOfDeath":"OH","StateOfResidense":"OH"},{"County":"Pike","Sex":"Male","AgeRange":"80+","DateOfDeath":"2021-02-21","StateOfDeath":"OH","StateOfResidense":"OH"},{"County":"Pike","Sex":"Male","AgeRange":"50-59","DateOfDeath":"2021-08-13","StateOfDeath":"OH","StateOfResidense":"OH"},{"County":"Pike","Sex":"Male","AgeRange":"70-79","DateOfDeath":"2021-09-07","StateOfDeath":"OH","StateOfResidense":"OH"},{"County":"Pike","Sex":"Male","AgeRange":"80+","DateOfDeath":"2021-09-07","StateOfDeath":"OH","StateOfResidense":"OH"},{"County":"Pike","Sex":"Female","AgeRange":"80+","DateOfDeath":"2021-09-10","StateOfDeath":"OH","StateOfResidense":"OH"},{"County":"Pike","Sex":"Female","AgeRange":"80+","DateOfDeath":"2021-09-19","StateOfDeath":"OH","StateOfResidense":"OH"},{"County":"Pike","Sex":"Female","AgeRange":"50-59","DateOfDeath":"2021-09-23","StateOfDeath":"OH","StateOfResidense":"OH"},{"County":"Pike","Sex":"Female","AgeRange":"80+","DateOfDeath":"2021-09-25","StateOfDeath":"OH","StateOfResidense":"OH"},{"County":"Pike","Sex":"Male","AgeRange":"70-79","DateOfDeath":"2021-09-25","StateOfDeath":"OH","StateOfResidense":"OH"},{"County":"Pike","Sex":"Male","AgeRange":"50-59","DateOfDeath":"2021-09-27","StateOfDeath":"OH","StateOfResidense":"OH"},{"County":"Pike","Sex":"Male","AgeRange":"70-79","DateOfDeath":"2021-10-07","StateOfDeath":"OH","StateOfResidense":"OH"},{"County":"Pike","Sex":"Female","AgeRange":"80+","DateOfDeath":"2021-10-16","StateOfDeath":"OH","StateOfResidense":"OH"},{"County":"Pike","Sex":"Male","AgeRange":"30-39","DateOfDeath":"2021-10-17","StateOfDeath":"OH","StateOfResidense":"OH"},{"County":"Pike","Sex":"Male","AgeRange":"80+","DateOfDeath":"2021-10-24","StateOfDeath":"OH","StateOfResidense":"OH"},{"County":"Pike","Sex":"Female","AgeRange":"80+","DateOfDeath":"2021-11-28","StateOfDeath":"OH","StateOfResidense":"OH"}]