[{"County":"Delaware","Sex":"Male","AgeRange":"70-79","DateOfDeath":"2020-11-10","StateOfDeath":"OH","StateOfResidense":"OH"},{"County":"Delaware","Sex":"Female","AgeRange":"80+","DateOfDeath":"2020-11-20","StateOfDeath":"OH","StateOfResidense":"OH"},{"County":"Delaware","Sex":"Female","AgeRange":"80+","DateOfDeath":"2020-11-24","StateOfDeath":"OH","StateOfResidense":"OH"},{"County":"Delaware","Sex":"Male","AgeRange":"80+","DateOfDeath":"2020-11-24","StateOfDeath":"OH","StateOfResidense":"OH"},{"County":"Delaware","Sex":"Female","AgeRange":"80+","DateOfDeath":"2020-11-25","StateOfDeath":"OH","StateOfResidense":"OH"},{"County":"Delaware","Sex":"Female","AgeRange":"80+","DateOfDeath":"2020-11-26","StateOfDeath":"OH","StateOfResidense":"OH"},{"County":"Delaware","Sex":"Female","AgeRange":"70-79","DateOfDeath":"2020-11-27","StateOfDeath":"OH","StateOfResidense":"OH"},{"County":"Delaware","Sex":"Male","AgeRange":"80+","DateOfDeath":"2020-11-27","StateOfDeath":"OH","StateOfResidense":"OH"},{"County":"Delaware","Sex":"Male","AgeRange":"80+","DateOfDeath":"2020-11-29","StateOfDeath":"OH","StateOfResidense":"OH"},{"County":"Delaware","Sex":"Female","AgeRange":"80+","DateOfDeath":"2020-12-06","StateOfDeath":"OH","StateOfResidense":"OH"},{"County":"Delaware","Sex":"Male","AgeRange":"70-79","DateOfDeath":"2020-12-06","StateOfDeath":"OH","StateOfResidense":"OH"},{"County":"Delaware","Sex":"Male","AgeRange":"80+","DateOfDeath":"2020-12-08","StateOfDeath":"OH","StateOfResidense":"OH"},{"County":"Delaware","Sex":"Female","AgeRange":"80+","DateOfDeath":"2020-12-09","StateOfDeath":"OH","StateOfResidense":"OH"},{"County":"Delaware","Sex":"Female","AgeRange":"50-59","DateOfDeath":"2020-12-11","StateOfDeath":"OH","StateOfResidense":"OH"},{"County":"Delaware","Sex":"Male","AgeRange":"70-79","DateOfDeath":"2020-12-12","StateOfDeath":"OH","StateOfResidense":"OH"},{"County":"Delaware","Sex":"Female","AgeRange":"70-79","DateOfDeath":"2020-12-13","StateOfDeath":"OH","StateOfResidense":"OH"},{"County":"Delaware","Sex":"Female","AgeRange":"80+","DateOfDeath":"2020-12-14","StateOfDeath":"OH","StateOfResidense":"OH"},{"County":"Delaware","Sex":"Female","AgeRange":"80+","DateOfDeath":"2020-12-15","StateOfDeath":"OH","StateOfResidense":"OH"},{"County":"Delaware","Sex":"Female","AgeRange":"60-69","DateOfDeath":"2020-12-17","StateOfDeath":"OH","StateOfResidense":"OH"},{"County":"Delaware","Sex":"Female","AgeRange":"80+","DateOfDeath":"2020-12-19","StateOfDeath":"OH","StateOfResidense":"OH"},{"County":"Delaware","Sex":"Female","AgeRange":"80+","DateOfDeath":"2020-12-19","StateOfDeath":"OH","StateOfResidense":"OH"},{"County":"Delaware","Sex":"Female","AgeRange":"80+","DateOfDeath":"2020-12-20","StateOfDeath":"OH","StateOfResidense":"OH"},{"County":"Delaware","Sex":"Male","AgeRange":"80+","DateOfDeath":"2020-12-20","StateOfDeath":"OH","StateOfResidense":"OH"},{"County":"Delaware","Sex":"Male","AgeRange":"80+","DateOfDeath":"2020-12-21","StateOfDeath":"OH","StateOfResidense":"OH"},{"County":"Delaware","Sex":"Female","AgeRange":"80+","DateOfDeath":"2020-12-22","StateOfDeath":"OH","StateOfResidense":"OH"},{"County":"Delaware","Sex":"Female","AgeRange":"80+","DateOfDeath":"2020-12-23","StateOfDeath":"OH","StateOfResidense":"OH"},{"County":"Delaware","Sex":"Female","AgeRange":"70-79","DateOfDeath":"2020-12-23","StateOfDeath":"OH","StateOfResidense":"OH"},{"County":"Delaware","Sex":"Male","AgeRange":"60-69","DateOfDeath":"2020-12-23","StateOfDeath":"OH","StateOfResidense":"OH"},{"County":"Delaware","Sex":"Male","AgeRange":"80+","DateOfDeath":"2020-12-25","StateOfDeath":"OH","StateOfResidense":"OH"},{"County":"Delaware","Sex":"Male","AgeRange":"40-49","DateOfDeath":"2020-12-26","StateOfDeath":"OH","StateOfResidense":"OH"},{"County":"Delaware","Sex":"Male","AgeRange":"80+","DateOfDeath":"2020-12-26","StateOfDeath":"OH","StateOfResidense":"OH"},{"County":"Delaware","Sex":"Female","AgeRange":"80+","DateOfDeath":"2020-12-28","StateOfDeath":"OH","StateOfResidense":"OH"},{"County":"Delaware","Sex":"Male","AgeRange":"80+","DateOfDeath":"2020-12-30","StateOfDeath":"OH","StateOfResidense":"OH"},{"County":"Delaware","Sex":"Female","AgeRange":"80+","DateOfDeath":"2020-12-30","StateOfDeath":"OH","StateOfResidense":"OH"},{"County":"Delaware","Sex":"Male","AgeRange":"70-79","DateOfDeath":"2021-01-03","StateOfDeath":"OH","StateOfResidense":"OH"},{"County":"Delaware","Sex":"Female","AgeRange":"70-79","DateOfDeath":"2021-01-04","StateOfDeath":"OH","StateOfResidense":"OH"},{"County":"Delaware","Sex":"Female","AgeRange":"80+","DateOfDeath":"2021-01-04","StateOfDeath":"OH","StateOfResidense":"OH"},{"County":"Delaware","Sex":"Female","AgeRange":"70-79","DateOfDeath":"2021-01-09","StateOfDeath":"OH","StateOfResidense":"OH"},{"County":"Delaware","Sex":"Female","AgeRange":"80+","DateOfDeath":"2021-01-11","StateOfDeath":"OH","StateOfResidense":"OH"},{"County":"Delaware","Sex":"Male","AgeRange":"80+","DateOfDeath":"2021-01-11","StateOfDeath":"OH","StateOfResidense":"OH"},{"County":"Delaware","Sex":"Male","AgeRange":"70-79","DateOfDeath":"2021-01-12","StateOfDeath":"OH","StateOfResidense":"OH"},{"County":"Delaware","Sex":"Female","AgeRange":"80+","DateOfDeath":"2021-01-14","StateOfDeath":"OH","StateOfResidense":"OH"},{"County":"Delaware","Sex":"Male","AgeRange":"80+","DateOfDeath":"2021-01-15","StateOfDeath":"OH","StateOfResidense":"OH"},{"County":"Delaware","Sex":"Male","AgeRange":"70-79","DateOfDeath":"2021-01-15","StateOfDeath":"OH","StateOfResidense":"OH"},{"County":"Delaware","Sex":"Female","AgeRange":"80+","DateOfDeath":"2021-01-16","StateOfDeath":"OH","StateOfResidense":"OH"},{"County":"Delaware","Sex":"Male","AgeRange":"80+","DateOfDeath":"2021-01-20","StateOfDeath":"OH","StateOfResidense":"OH"},{"County":"Delaware","Sex":"Female","AgeRange":"70-79","DateOfDeath":"2021-01-21","StateOfDeath":"OH","StateOfResidense":"OH"},{"County":"Delaware","Sex":"Female","AgeRange":"80+","DateOfDeath":"2021-01-21","StateOfDeath":"OH","StateOfResidense":"OH"},{"County":"Delaware","Sex":"Female","AgeRange":"80+","DateOfDeath":"2021-01-28","StateOfDeath":"OH","StateOfResidense":"OH"},{"County":"Delaware","Sex":"Male","AgeRange":"80+","DateOfDeath":"2021-02-01","StateOfDeath":"OH","StateOfResidense":"OH"},{"County":"Delaware","Sex":"Female","AgeRange":"80+","DateOfDeath":"2021-02-03","StateOfDeath":"OH","StateOfResidense":"OH"},{"County":"Delaware","Sex":"Female","AgeRange":"60-69","DateOfDeath":"2021-02-06","StateOfDeath":"OH","StateOfResidense":"OH"},{"County":"Delaware","Sex":"Female","AgeRange":"80+","DateOfDeath":"2021-02-06","StateOfDeath":"OH","StateOfResidense":"OH"},{"County":"Delaware","Sex":"Male","AgeRange":"40-49","DateOfDeath":"2021-02-06","StateOfDeath":"OH","StateOfResidense":"OH"},{"County":"Delaware","Sex":"Male","AgeRange":"80+","DateOfDeath":"2021-02-12","StateOfDeath":"OH","StateOfResidense":"OH"},{"County":"Delaware","Sex":"Male","AgeRange":"80+","DateOfDeath":"2021-02-13","StateOfDeath":"OH","StateOfResidense":"OH"},{"County":"Delaware","Sex":"Female","AgeRange":"80+","DateOfDeath":"2021-02-14","StateOfDeath":"OH","StateOfResidense":"OH"},{"County":"Delaware","Sex":"Male","AgeRange":"80+","DateOfDeath":"2021-02-15","StateOfDeath":"OH","StateOfResidense":"OH"},{"County":"Delaware","Sex":"Male","AgeRange":"80+","DateOfDeath":"2021-02-16","StateOfDeath":"OH","StateOfResidense":"OH"},{"County":"Delaware","Sex":"Male","AgeRange":"80+","DateOfDeath":"2021-02-22","StateOfDeath":"OH","StateOfResidense":"OH"},{"County":"Delaware","Sex":"Male","AgeRange":"70-79","DateOfDeath":"2021-03-12","StateOfDeath":"OH","StateOfResidense":"OH"},{"County":"Delaware","Sex":"Male","AgeRange":"80+","DateOfDeath":"2021-04-01","StateOfDeath":"OH","StateOfResidense":"OH"},{"County":"Delaware","Sex":"Male","AgeRange":"50-59","DateOfDeath":"2021-04-14","StateOfDeath":"OH","StateOfResidense":"OH"},{"County":"Delaware","Sex":"Male","AgeRange":"60-69","DateOfDeath":"2021-04-19","StateOfDeath":"OH","StateOfResidense":"OH"},{"County":"Delaware","Sex":"Female","AgeRange":"80+","DateOfDeath":"2021-04-21","StateOfDeath":"OH","StateOfResidense":"OH"},{"County":"Delaware","Sex":"Female","AgeRange":"80+","DateOfDeath":"2021-04-21","StateOfDeath":"OH","StateOfResidense":"OH"},{"County":"Delaware","Sex":"Female","AgeRange":"80+","DateOfDeath":"2021-08-09","StateOfDeath":"OH","StateOfResidense":"OH"},{"County":"Delaware","Sex":"Female","AgeRange":"80+","DateOfDeath":"2021-08-13","StateOfDeath":"OH","StateOfResidense":"OH"},{"County":"Delaware","Sex":"Male","AgeRange":"70-79","DateOfDeath":"2021-08-28","StateOfDeath":"OH","StateOfResidense":"OH"},{"County":"Delaware","Sex":"Female","AgeRange":"50-59","DateOfDeath":"2021-09-04","StateOfDeath":"OH","StateOfResidense":"OH"},{"County":"Delaware","Sex":"Male","AgeRange":"60-69","DateOfDeath":"2021-09-13","StateOfDeath":"OH","StateOfResidense":"OH"},{"County":"Delaware","Sex":"Male","AgeRange":"70-79","DateOfDeath":"2021-09-17","StateOfDeath":"OH","StateOfResidense":"OH"},{"County":"Delaware","Sex":"Male","AgeRange":"80+","DateOfDeath":"2021-09-19","StateOfDeath":"OH","StateOfResidense":"OH"},{"County":"Delaware","Sex":"Female","AgeRange":"40-49","DateOfDeath":"2021-09-24","StateOfDeath":"OH","StateOfResidense":"OH"},{"County":"Delaware","Sex":"Male","AgeRange":"60-69","DateOfDeath":"2021-09-25","StateOfDeath":"OH","StateOfResidense":"OH"},{"County":"Delaware","Sex":"Female","AgeRange":"40-49","DateOfDeath":"2021-09-27","StateOfDeath":"OH","StateOfResidense":"OH"},{"County":"Delaware","Sex":"Male","AgeRange":"80+","DateOfDeath":"2021-10-01","StateOfDeath":"OH","StateOfResidense":"OH"},{"County":"Delaware","Sex":"Female","AgeRange":"80+","DateOfDeath":"2021-10-02","StateOfDeath":"OH","StateOfResidense":"OH"},{"County":"Delaware","Sex":"Male","AgeRange":"80+","DateOfDeath":"2021-10-02","StateOfDeath":"OH","StateOfResidense":"OH"},{"County":"Delaware","Sex":"Male","AgeRange":"80+","DateOfDeath":"2021-10-09","StateOfDeath":"OH","StateOfResidense":"OH"},{"County":"Delaware","Sex":"Female","AgeRange":"80+","DateOfDeath":"2021-10-20","StateOfDeath":"OH","StateOfResidense":"OH"},{"County":"Delaware","Sex":"Male","AgeRange":"50-59","DateOfDeath":"2021-10-23","StateOfDeath":"OH","StateOfResidense":"OH"},{"County":"Delaware","Sex":"Female","AgeRange":"80+","DateOfDeath":"2021-11-09","StateOfDeath":"OH","StateOfResidense":"OH"}]