[{"County":"Paulding","Sex":"Female","AgeRange":"80+","DateOfDeath":"2020-11-23","StateOfDeath":"OH","StateOfResidense":"OH"},{"County":"Paulding","Sex":"Female","AgeRange":"80+","DateOfDeath":"2020-11-27","StateOfDeath":"OH","StateOfResidense":"OH"},{"County":"Paulding","Sex":"Male","AgeRange":"80+","DateOfDeath":"2020-11-27","StateOfDeath":"OH","StateOfResidense":"OH"},{"County":"Paulding","Sex":"Female","AgeRange":"80+","DateOfDeath":"2020-11-28","StateOfDeath":"OH","StateOfResidense":"OH"},{"County":"Paulding","Sex":"Male","AgeRange":"80+","DateOfDeath":"2020-11-29","StateOfDeath":"OH","StateOfResidense":"OH"},{"County":"Paulding","Sex":"Female","AgeRange":"80+","DateOfDeath":"2020-11-30","StateOfDeath":"OH","StateOfResidense":"OH"},{"County":"Paulding","Sex":"Male","AgeRange":"70-79","DateOfDeath":"2020-12-24","StateOfDeath":"OH","StateOfResidense":"OH"},{"County":"Paulding","Sex":"Female","AgeRange":"80+","DateOfDeath":"2021-01-15","StateOfDeath":"OH","StateOfResidense":"OH"},{"County":"Paulding","Sex":"Male","AgeRange":"70-79","DateOfDeath":"2021-01-16","StateOfDeath":"OH","StateOfResidense":"OH"},{"County":"Paulding","Sex":"Female","AgeRange":"80+","DateOfDeath":"2021-01-17","StateOfDeath":"OH","StateOfResidense":"OH"},{"County":"Paulding","Sex":"Female","AgeRange":"80+","DateOfDeath":"2021-01-18","StateOfDeath":"OH","StateOfResidense":"OH"},{"County":"Paulding","Sex":"Female","AgeRange":"80+","DateOfDeath":"2021-01-29","StateOfDeath":"OH","StateOfResidense":"OH"},{"County":"Paulding","Sex":"Female","AgeRange":"80+","DateOfDeath":"2021-02-13","StateOfDeath":"OH","StateOfResidense":"OH"},{"County":"Paulding","Sex":"Female","AgeRange":"70-79","DateOfDeath":"2021-02-18","StateOfDeath":"OH","StateOfResidense":"OH"},{"County":"Paulding","Sex":"Male","AgeRange":"80+","DateOfDeath":"2021-05-22","StateOfDeath":"OH","StateOfResidense":"OH"},{"County":"Paulding","Sex":"Female","AgeRange":"80+","DateOfDeath":"2021-09-11","StateOfDeath":"OH","StateOfResidense":"OH"},{"County":"Paulding","Sex":"Female","AgeRange":"80+","DateOfDeath":"2021-09-26","StateOfDeath":"OH","StateOfResidense":"OH"}]