[{"County":"Gallia","Sex":"Female","AgeRange":"80+","DateOfDeath":"2020-11-21","StateOfDeath":"OH","StateOfResidense":"OH"},{"County":"Gallia","Sex":"Female","AgeRange":"70-79","DateOfDeath":"2020-11-29","StateOfDeath":"OH","StateOfResidense":"OH"},{"County":"Gallia","Sex":"Male","AgeRange":"70-79","DateOfDeath":"2020-12-01","StateOfDeath":"OH","StateOfResidense":"OH"},{"County":"Gallia","Sex":"Male","AgeRange":"70-79","DateOfDeath":"2020-12-02","StateOfDeath":"OH","StateOfResidense":"OH"},{"County":"Gallia","Sex":"Male","AgeRange":"80+","DateOfDeath":"2020-12-07","StateOfDeath":"OH","StateOfResidense":"WV"},{"County":"Gallia","Sex":"Male","AgeRange":"80+","DateOfDeath":"2020-12-07","StateOfDeath":"OH","StateOfResidense":"OH"},{"County":"Gallia","Sex":"Male","AgeRange":"80+","DateOfDeath":"2020-12-09","StateOfDeath":"OH","StateOfResidense":"OH"},{"County":"Gallia","Sex":"Male","AgeRange":"70-79","DateOfDeath":"2020-12-10","StateOfDeath":"OH","StateOfResidense":"OH"},{"County":"Gallia","Sex":"Male","AgeRange":"80+","DateOfDeath":"2020-12-11","StateOfDeath":"OH","StateOfResidense":"OH"},{"County":"Gallia","Sex":"Male","AgeRange":"70-79","DateOfDeath":"2020-12-13","StateOfDeath":"OH","StateOfResidense":"OH"},{"County":"Gallia","Sex":"Female","AgeRange":"50-59","DateOfDeath":"2020-12-14","StateOfDeath":"OH","StateOfResidense":"OH"},{"County":"Gallia","Sex":"Female","AgeRange":"80+","DateOfDeath":"2020-12-16","StateOfDeath":"OH","StateOfResidense":"OH"},{"County":"Gallia","Sex":"Female","AgeRange":"60-69","DateOfDeath":"2020-12-19","StateOfDeath":"OH","StateOfResidense":"WV"},{"County":"Gallia","Sex":"Female","AgeRange":"80+","DateOfDeath":"2020-12-21","StateOfDeath":"OH","StateOfResidense":"OH"},{"County":"Gallia","Sex":"Female","AgeRange":"80+","DateOfDeath":"2020-12-21","StateOfDeath":"OH","StateOfResidense":"OH"},{"County":"Gallia","Sex":"Male","AgeRange":"60-69","DateOfDeath":"2020-12-22","StateOfDeath":"OH","StateOfResidense":"OH"},{"County":"Gallia","Sex":"Male","AgeRange":"80+","DateOfDeath":"2020-12-22","StateOfDeath":"OH","StateOfResidense":"WV"},{"County":"Gallia","Sex":"Female","AgeRange":"80+","DateOfDeath":"2020-12-23","StateOfDeath":"OH","StateOfResidense":"OH"},{"County":"Gallia","Sex":"Male","AgeRange":"70-79","DateOfDeath":"2020-12-25","StateOfDeath":"OH","StateOfResidense":"OH"},{"County":"Gallia","Sex":"Female","AgeRange":"70-79","DateOfDeath":"2020-12-26","StateOfDeath":"OH","StateOfResidense":"OH"},{"County":"Gallia","Sex":"Female","AgeRange":"80+","DateOfDeath":"2020-12-26","StateOfDeath":"OH","StateOfResidense":"OH"},{"County":"Gallia","Sex":"Male","AgeRange":"80+","DateOfDeath":"2020-12-28","StateOfDeath":"OH","StateOfResidense":"OH"},{"County":"Gallia","Sex":"Male","AgeRange":"60-69","DateOfDeath":"2020-12-28","StateOfDeath":"OH","StateOfResidense":"OH"},{"County":"Gallia","Sex":"Male","AgeRange":"80+","DateOfDeath":"2020-12-29","StateOfDeath":"OH","StateOfResidense":"WV"},{"County":"Gallia","Sex":"Male","AgeRange":"50-59","DateOfDeath":"2020-12-29","StateOfDeath":"OH","StateOfResidense":"OH"},{"County":"Gallia","Sex":"Male","AgeRange":"80+","DateOfDeath":"2021-01-07","StateOfDeath":"OH","StateOfResidense":"WV"},{"County":"Gallia","Sex":"Female","AgeRange":"70-79","DateOfDeath":"2021-01-10","StateOfDeath":"OH","StateOfResidense":"WV"},{"County":"Gallia","Sex":"Male","AgeRange":"60-69","DateOfDeath":"2021-01-11","StateOfDeath":"OH","StateOfResidense":"OH"},{"County":"Gallia","Sex":"Female","AgeRange":"70-79","DateOfDeath":"2021-01-13","StateOfDeath":"OH","StateOfResidense":"OH"},{"County":"Gallia","Sex":"Male","AgeRange":"80+","DateOfDeath":"2021-01-17","StateOfDeath":"OH","StateOfResidense":"OH"},{"County":"Gallia","Sex":"Female","AgeRange":"80+","DateOfDeath":"2021-01-17","StateOfDeath":"OH","StateOfResidense":"OH"},{"County":"Gallia","Sex":"Male","AgeRange":"70-79","DateOfDeath":"2021-01-21","StateOfDeath":"OH","StateOfResidense":"WV"},{"County":"Gallia","Sex":"Female","AgeRange":"60-69","DateOfDeath":"2021-01-21","StateOfDeath":"OH","StateOfResidense":"OH"},{"County":"Gallia","Sex":"Male","AgeRange":"80+","DateOfDeath":"2021-01-22","StateOfDeath":"OH","StateOfResidense":"OH"},{"County":"Gallia","Sex":"Female","AgeRange":"80+","DateOfDeath":"2021-01-23","StateOfDeath":"OH","StateOfResidense":"OH"},{"County":"Gallia","Sex":"Male","AgeRange":"80+","DateOfDeath":"2021-01-25","StateOfDeath":"OH","StateOfResidense":"OH"},{"County":"Gallia","Sex":"Male","AgeRange":"70-79","DateOfDeath":"2021-01-25","StateOfDeath":"OH","StateOfResidense":"OH"},{"County":"Gallia","Sex":"Male","AgeRange":"70-79","DateOfDeath":"2021-01-26","StateOfDeath":"OH","StateOfResidense":"OH"},{"County":"Gallia","Sex":"Male","AgeRange":"70-79","DateOfDeath":"2021-01-27","StateOfDeath":"OH","StateOfResidense":"OH"},{"County":"Gallia","Sex":"Male","AgeRange":"50-59","DateOfDeath":"2021-01-29","StateOfDeath":"OH","StateOfResidense":"OH"},{"County":"Gallia","Sex":"Male","AgeRange":"80+","DateOfDeath":"2021-01-30","StateOfDeath":"OH","StateOfResidense":"OH"},{"County":"Gallia","Sex":"Male","AgeRange":"60-69","DateOfDeath":"2021-01-30","StateOfDeath":"OH","StateOfResidense":"WV"},{"County":"Gallia","Sex":"Male","AgeRange":"70-79","DateOfDeath":"2021-01-30","StateOfDeath":"OH","StateOfResidense":"WV"},{"County":"Gallia","Sex":"Female","AgeRange":"80+","DateOfDeath":"2021-02-02","StateOfDeath":"OH","StateOfResidense":"OH"},{"County":"Gallia","Sex":"Male","AgeRange":"50-59","DateOfDeath":"2021-02-02","StateOfDeath":"OH","StateOfResidense":"OH"},{"County":"Gallia","Sex":"Female","AgeRange":"80+","DateOfDeath":"2021-02-06","StateOfDeath":"OH","StateOfResidense":"WV"},{"County":"Gallia","Sex":"Male","AgeRange":"80+","DateOfDeath":"2021-02-07","StateOfDeath":"OH","StateOfResidense":"OH"},{"County":"Gallia","Sex":"Female","AgeRange":"80+","DateOfDeath":"2021-02-10","StateOfDeath":"OH","StateOfResidense":"WV"},{"County":"Gallia","Sex":"Female","AgeRange":"80+","DateOfDeath":"2021-02-12","StateOfDeath":"OH","StateOfResidense":"WV"},{"County":"Gallia","Sex":"Male","AgeRange":"80+","DateOfDeath":"2021-02-14","StateOfDeath":"OH","StateOfResidense":"OH"},{"County":"Gallia","Sex":"Female","AgeRange":"80+","DateOfDeath":"2021-02-15","StateOfDeath":"OH","StateOfResidense":"OH"},{"County":"Gallia","Sex":"Female","AgeRange":"70-79","DateOfDeath":"2021-02-21","StateOfDeath":"OH","StateOfResidense":"OH"},{"County":"Gallia","Sex":"Male","AgeRange":"70-79","DateOfDeath":"2021-04-04","StateOfDeath":"OH","StateOfResidense":"OH"},{"County":"Gallia","Sex":"Female","AgeRange":"70-79","DateOfDeath":"2021-04-19","StateOfDeath":"OH","StateOfResidense":"OH"},{"County":"Gallia","Sex":"Female","AgeRange":"50-59","DateOfDeath":"2021-04-22","StateOfDeath":"OH","StateOfResidense":"OH"},{"County":"Gallia","Sex":"Female","AgeRange":"70-79","DateOfDeath":"2021-04-25","StateOfDeath":"OH","StateOfResidense":"OH"},{"County":"Gallia","Sex":"Female","AgeRange":"80+","DateOfDeath":"2021-05-02","StateOfDeath":"OH","StateOfResidense":"OH"},{"County":"Gallia","Sex":"Female","AgeRange":"60-69","DateOfDeath":"2021-05-04","StateOfDeath":"OH","StateOfResidense":"OH"},{"County":"Gallia","Sex":"Female","AgeRange":"40-49","DateOfDeath":"2021-08-08","StateOfDeath":"OH","StateOfResidense":"OH"},{"County":"Gallia","Sex":"Female","AgeRange":"60-69","DateOfDeath":"2021-08-10","StateOfDeath":"OH","StateOfResidense":"OH"},{"County":"Gallia","Sex":"Male","AgeRange":"50-59","DateOfDeath":"2021-08-15","StateOfDeath":"OH","StateOfResidense":"OH"},{"County":"Gallia","Sex":"Female","AgeRange":"50-59","DateOfDeath":"2021-08-18","StateOfDeath":"OH","StateOfResidense":"OH"},{"County":"Gallia","Sex":"Female","AgeRange":"70-79","DateOfDeath":"2021-08-20","StateOfDeath":"OH","StateOfResidense":"OH"},{"County":"Gallia","Sex":"Male","AgeRange":"50-59","DateOfDeath":"2021-09-01","StateOfDeath":"OH","StateOfResidense":"OH"},{"County":"Gallia","Sex":"Female","AgeRange":"60-69","DateOfDeath":"2021-09-04","StateOfDeath":"OH","StateOfResidense":"OH"},{"County":"Gallia","Sex":"Female","AgeRange":"80+","DateOfDeath":"2021-09-04","StateOfDeath":"OH","StateOfResidense":"OH"},{"County":"Gallia","Sex":"Male","AgeRange":"80+","DateOfDeath":"2021-09-07","StateOfDeath":"OH","StateOfResidense":"OH"},{"County":"Gallia","Sex":"Female","AgeRange":"70-79","DateOfDeath":"2021-09-10","StateOfDeath":"OH","StateOfResidense":"WV"},{"County":"Gallia","Sex":"Male","AgeRange":"70-79","DateOfDeath":"2021-09-14","StateOfDeath":"OH","StateOfResidense":"OH"},{"County":"Gallia","Sex":"Male","AgeRange":"40-49","DateOfDeath":"2021-09-15","StateOfDeath":"OH","StateOfResidense":"OH"},{"County":"Gallia","Sex":"Male","AgeRange":"60-69","DateOfDeath":"2021-09-16","StateOfDeath":"OH","StateOfResidense":"OH"},{"County":"Gallia","Sex":"Female","AgeRange":"70-79","DateOfDeath":"2021-09-16","StateOfDeath":"OH","StateOfResidense":"WV"},{"County":"Gallia","Sex":"Female","AgeRange":"40-49","DateOfDeath":"2021-09-18","StateOfDeath":"OH","StateOfResidense":"OH"},{"County":"Gallia","Sex":"Female","AgeRange":"50-59","DateOfDeath":"2021-09-18","StateOfDeath":"OH","StateOfResidense":"OH"},{"County":"Gallia","Sex":"Female","AgeRange":"70-79","DateOfDeath":"2021-09-19","StateOfDeath":"OH","StateOfResidense":"OH"},{"County":"Gallia","Sex":"Male","AgeRange":"30-39","DateOfDeath":"2021-09-19","StateOfDeath":"OH","StateOfResidense":"OH"},{"County":"Gallia","Sex":"Female","AgeRange":"70-79","DateOfDeath":"2021-09-19","StateOfDeath":"OH","StateOfResidense":"OH"},{"County":"Gallia","Sex":"Female","AgeRange":"70-79","DateOfDeath":"2021-09-23","StateOfDeath":"OH","StateOfResidense":"OH"},{"County":"Gallia","Sex":"Male","AgeRange":"60-69","DateOfDeath":"2021-09-23","StateOfDeath":"OH","StateOfResidense":"OH"},{"County":"Gallia","Sex":"Male","AgeRange":"40-49","DateOfDeath":"2021-09-24","StateOfDeath":"OH","StateOfResidense":"OH"},{"County":"Gallia","Sex":"Female","AgeRange":"80+","DateOfDeath":"2021-09-25","StateOfDeath":"OH","StateOfResidense":"OH"},{"County":"Gallia","Sex":"Male","AgeRange":"20-29","DateOfDeath":"2021-09-26","StateOfDeath":"OH","StateOfResidense":"OH"},{"County":"Gallia","Sex":"Female","AgeRange":"70-79","DateOfDeath":"2021-09-27","StateOfDeath":"OH","StateOfResidense":"WV"},{"County":"Gallia","Sex":"Female","AgeRange":"60-69","DateOfDeath":"2021-09-28","StateOfDeath":"OH","StateOfResidense":"OH"},{"County":"Gallia","Sex":"Female","AgeRange":"50-59","DateOfDeath":"2021-09-30","StateOfDeath":"OH","StateOfResidense":"OH"},{"County":"Gallia","Sex":"Male","AgeRange":"30-39","DateOfDeath":"2021-09-30","StateOfDeath":"OH","StateOfResidense":"OH"},{"County":"Gallia","Sex":"Male","AgeRange":"80+","DateOfDeath":"2021-10-02","StateOfDeath":"OH","StateOfResidense":"OH"},{"County":"Gallia","Sex":"Female","AgeRange":"50-59","DateOfDeath":"2021-10-04","StateOfDeath":"OH","StateOfResidense":"OH"},{"County":"Gallia","Sex":"Male","AgeRange":"70-79","DateOfDeath":"2021-10-09","StateOfDeath":"OH","StateOfResidense":"OH"},{"County":"Gallia","Sex":"Male","AgeRange":"20-29","DateOfDeath":"2021-10-10","StateOfDeath":"OH","StateOfResidense":"OH"},{"County":"Gallia","Sex":"Male","AgeRange":"40-49","DateOfDeath":"2021-10-11","StateOfDeath":"OH","StateOfResidense":"OH"},{"County":"Gallia","Sex":"Male","AgeRange":"60-69","DateOfDeath":"2021-10-11","StateOfDeath":"OH","StateOfResidense":"OH"},{"County":"Gallia","Sex":"Male","AgeRange":"70-79","DateOfDeath":"2021-10-11","StateOfDeath":"OH","StateOfResidense":"OH"},{"County":"Gallia","Sex":"Male","AgeRange":"70-79","DateOfDeath":"2021-10-12","StateOfDeath":"OH","StateOfResidense":"OH"},{"County":"Gallia","Sex":"Female","AgeRange":"70-79","DateOfDeath":"2021-10-13","StateOfDeath":"OH","StateOfResidense":"OH"},{"County":"Gallia","Sex":"Female","AgeRange":"40-49","DateOfDeath":"2021-10-13","StateOfDeath":"OH","StateOfResidense":"OH"},{"County":"Gallia","Sex":"Female","AgeRange":"80+","DateOfDeath":"2021-10-16","StateOfDeath":"OH","StateOfResidense":"OH"},{"County":"Gallia","Sex":"Male","AgeRange":"70-79","DateOfDeath":"2021-10-20","StateOfDeath":"OH","StateOfResidense":"OH"},{"County":"Gallia","Sex":"Male","AgeRange":"60-69","DateOfDeath":"2021-10-21","StateOfDeath":"OH","StateOfResidense":"OH"},{"County":"Gallia","Sex":"Male","AgeRange":"70-79","DateOfDeath":"2021-10-21","StateOfDeath":"OH","StateOfResidense":"WV"},{"County":"Gallia","Sex":"Female","AgeRange":"80+","DateOfDeath":"2021-10-22","StateOfDeath":"OH","StateOfResidense":"GA"},{"County":"Gallia","Sex":"Male","AgeRange":"40-49","DateOfDeath":"2021-10-22","StateOfDeath":"OH","StateOfResidense":"OH"},{"County":"Gallia","Sex":"Female","AgeRange":"30-39","DateOfDeath":"2021-10-23","StateOfDeath":"OH","StateOfResidense":"OH"},{"County":"Gallia","Sex":"Male","AgeRange":"70-79","DateOfDeath":"2021-10-25","StateOfDeath":"OH","StateOfResidense":"OH"},{"County":"Gallia","Sex":"Male","AgeRange":"70-79","DateOfDeath":"2021-10-26","StateOfDeath":"OH","StateOfResidense":"OH"},{"County":"Gallia","Sex":"Male","AgeRange":"60-69","DateOfDeath":"2021-10-28","StateOfDeath":"OH","StateOfResidense":"OH"},{"County":"Gallia","Sex":"Female","AgeRange":"80+","DateOfDeath":"2021-10-29","StateOfDeath":"OH","StateOfResidense":"OH"},{"County":"Gallia","Sex":"Male","AgeRange":"70-79","DateOfDeath":"2021-10-29","StateOfDeath":"OH","StateOfResidense":"OH"},{"County":"Gallia","Sex":"Male","AgeRange":"40-49","DateOfDeath":"2021-11-03","StateOfDeath":"OH","StateOfResidense":"OH"},{"County":"Gallia","Sex":"Female","AgeRange":"20-29","DateOfDeath":"2021-11-05","StateOfDeath":"OH","StateOfResidense":"OH"},{"County":"Gallia","Sex":"Male","AgeRange":"60-69","DateOfDeath":"2021-11-06","StateOfDeath":"OH","StateOfResidense":"OH"},{"County":"Gallia","Sex":"Male","AgeRange":"70-79","DateOfDeath":"2021-11-07","StateOfDeath":"OH","StateOfResidense":"OH"},{"County":"Gallia","Sex":"Male","AgeRange":"50-59","DateOfDeath":"2021-11-09","StateOfDeath":"OH","StateOfResidense":"OH"},{"County":"Gallia","Sex":"Female","AgeRange":"70-79","DateOfDeath":"2021-11-16","StateOfDeath":"OH","StateOfResidense":"OH"}]