<?xml version="1.0" encoding="UTF-8"?>
<!DOCTYPE beans PUBLIC "-//SPRING//DTD BEAN//EN"
"http://www.springframework.org/dtd/spring-beans.dtd">

<beans>
	<bean id="Arbiter" class="com.ddss.elements.DataArbiter">
		<constructor-arg type="java.lang.Integer" value="90"/>
		<property name = "computingSystemList">
			<list>
				<ref bean="ComputingSystemOne"/>
				<ref bean="ComputingSystemTwo"/>
				<ref bean="ComputingSystemThree"/>
					<ref bean="ComputingSystemFour"/>
						<ref bean="ComputingSystemFive"/>
					<ref bean="ComputingSystemSix"/>
						<ref bean="ComputingSystemSeven"/>
							<ref bean="ComputingSystemEight"/>
								<ref bean="ComputingSystemNine"/>
								<ref bean="ComputingSystemTen"/>
								<ref bean="ComputingSystemEleven"/>
								<ref bean="ComputingSystemTwelve"/>
								<ref bean="ComputingSystemThirteen"/>
								<ref bean="ComputingSystemFourteen"/>
								<ref bean="ComputingSystemFifteen"/>
								<ref bean="ComputingSystemSixteen"/>
								<ref bean="ComputingSystemSeventeen"/>
								<ref bean="ComputingSystemEighteen"/>
				<ref bean="ComputingSystemNineteen"/>
<ref bean="ComputingSystemTwenty"/>
<ref bean="ComputingSystemTwentyone"/>
<ref bean="ComputingSystemTwentytwo"/>
<ref bean="ComputingSystemTwentythree"/>
<ref bean="ComputingSystemTwentyfour"/>
<ref bean="ComputingSystemTwentyfive"/>
<ref bean="ComputingSystemTwentysix"/>
<ref bean="ComputingSystemTwentyseven"/>
<ref bean="ComputingSystemTwentyeight"/>
<ref bean="ComputingSystemTwentynine"/>
<ref bean="ComputingSystemThirty"/>
<ref bean="ComputingSystemThirtyone"/>
<ref bean="ComputingSystemThirtytwo"/>
<ref bean="ComputingSystemThirtythree"/>
<ref bean="ComputingSystemThirtyfour"/>
<ref bean="ComputingSystemThirtyfive"/>
<ref bean="ComputingSystemThirtysix"/>
<ref bean="ComputingSystemThirtyseven"/>
<ref bean="ComputingSystemThirtyeight"/>
<ref bean="ComputingSystemThirtynine"/>
<ref bean="ComputingSystemFourty"/>
<ref bean="ComputingSystemFourtyone"/>
<ref bean="ComputingSystemFourtytwo"/>
<ref bean="ComputingSystemFourtythree"/>
<ref bean="ComputingSystemFourtyfour"/>
<ref bean="ComputingSystemFourtyfive"/>
<ref bean="ComputingSystemFourtysix"/>
<ref bean="ComputingSystemFourtyseven"/>
<ref bean="ComputingSystemFourtyeight"/>
<ref bean="ComputingSystemFourtynine"/>
<ref bean="ComputingSystemFifty"/>
<ref bean="ComputingSystemFiftyone"/>
<ref bean="ComputingSystemFiftytwo"/>
<ref bean="ComputingSystemFiftythree"/>
<ref bean="ComputingSystemFiftyfour"/>
<ref bean="ComputingSystemFiftyfive"/>
<ref bean="ComputingSystemFiftysix"/>
<ref bean="ComputingSystemFiftyseven"/>
<ref bean="ComputingSystemFiftyeight"/>
<ref bean="ComputingSystemFiftynine"/>
<ref bean="ComputingSystemSixty"/>
<ref bean="ComputingSystemSixtyone"/>
<ref bean="ComputingSystemSixtytwo"/>
<ref bean="ComputingSystemSixtythree"/>
<ref bean="ComputingSystemSixtyfour"/>
<ref bean="ComputingSystemSixtyfive"/>
<ref bean="ComputingSystemSixtysix"/>
<ref bean="ComputingSystemSixtyseven"/>
<ref bean="ComputingSystemSixtyeight"/>
<ref bean="ComputingSystemSixtynine"/>
<ref bean="ComputingSystemSeventy"/>
<ref bean="ComputingSystemSeventyone"/>
<ref bean="ComputingSystemSeventytwo"/>
<ref bean="ComputingSystemSeventythree"/>
<ref bean="ComputingSystemSeventyfour"/>
<ref bean="ComputingSystemSeventyfive"/>
<ref bean="ComputingSystemSeventysix"/>
<ref bean="ComputingSystemSeventyseven"/>
<ref bean="ComputingSystemSeventyeight"/>
<ref bean="ComputingSystemSeventynine"/>
<ref bean="ComputingSystemEighty"/>
<ref bean="ComputingSystemEightyone"/>
<ref bean="ComputingSystemEightytwo"/>
<ref bean="ComputingSystemEightythree"/>
<ref bean="ComputingSystemEightyfour"/>
<ref bean="ComputingSystemEightyfive"/>
<ref bean="ComputingSystemEightysix"/>
<ref bean="ComputingSystemEightyseven"/>
<ref bean="ComputingSystemEightyeight"/>
<ref bean="ComputingSystemEightyNine"/>

				
			</list>
		</property>
		

	</bean>

	<bean id="ComputingSystemOne" class="com.ddss.elements.ComputingSystem" >
		<constructor-arg type="java.lang.String" value="PC01"/>
	</bean>
	<bean id="ComputingSystemTwo" class="com.ddss.elements.ComputingSystem" >
		<constructor-arg type="java.lang.String" value="PC02"/>
	</bean>
	<bean id="ComputingSystemThree" class="com.ddss.elements.ComputingSystem" >
		<constructor-arg type="java.lang.String" value="PC03"/>
	</bean>
	<bean id="ComputingSystemFour" class="com.ddss.elements.ComputingSystem" >
		<constructor-arg type="java.lang.String" value="PC04"/>
	</bean>
	<bean id="ComputingSystemFive" class="com.ddss.elements.ComputingSystem" >
		<constructor-arg type="java.lang.String" value="PC05"/>
	</bean>
	<bean id="ComputingSystemSix" class="com.ddss.elements.ComputingSystem" >
		<constructor-arg type="java.lang.String" value="PC06"/>
	</bean>
	<bean id="ComputingSystemSeven" class="com.ddss.elements.ComputingSystem" >
		<constructor-arg type="java.lang.String" value="PC07"/>
	</bean>
	<bean id="ComputingSystemEight" class="com.ddss.elements.ComputingSystem" >
		<constructor-arg type="java.lang.String" value="PC08"/>
	</bean>
	<bean id="ComputingSystemNine" class="com.ddss.elements.ComputingSystem" >
		<constructor-arg type="java.lang.String" value="PC09"/>
	</bean>
	<bean id="ComputingSystemTen" class="com.ddss.elements.ComputingSystem" >
		<constructor-arg type="java.lang.String" value="PC10"/>
	</bean>
	<bean id="ComputingSystemEleven" class="com.ddss.elements.ComputingSystem" >
		<constructor-arg type="java.lang.String" value="PC11"/>
	</bean>
	<bean id="ComputingSystemTwelve" class="com.ddss.elements.ComputingSystem" >
		<constructor-arg type="java.lang.String" value="PC12"/>
	</bean>
	<bean id="ComputingSystemThirteen" class="com.ddss.elements.ComputingSystem" >
		<constructor-arg type="java.lang.String" value="PC13"/>
	</bean>
	<bean id="ComputingSystemFourteen" class="com.ddss.elements.ComputingSystem" >
		<constructor-arg type="java.lang.String" value="PC14"/>
	</bean>
	<bean id="ComputingSystemFifteen" class="com.ddss.elements.ComputingSystem" >
		<constructor-arg type="java.lang.String" value="PC15"/>
	</bean>
	<bean id="ComputingSystemSixteen" class="com.ddss.elements.ComputingSystem" >
		<constructor-arg type="java.lang.String" value="PC16"/>
	</bean>
	<bean id="ComputingSystemSeventeen" class="com.ddss.elements.ComputingSystem" >
		<constructor-arg type="java.lang.String" value="PC17"/>
	</bean>
	<bean id="ComputingSystemEighteen" class="com.ddss.elements.ComputingSystem" >
		<constructor-arg type="java.lang.String" value="PC18"/>
	</bean>
	<bean id="ComputingSystemNineteen" class="com.ddss.elements.ComputingSystem" >
		<constructor-arg type="java.lang.String" value="PC19"/>
	</bean>
	<bean id="ComputingSystemTwenty" class="com.ddss.elements.ComputingSystem" >
		<constructor-arg type="java.lang.String" value="PC20"/>
	</bean>
	<bean id="ComputingSystemTwentyone" class="com.ddss.elements.ComputingSystem" >
		<constructor-arg type="java.lang.String" value="PC21"/>
	</bean>
	<bean id="ComputingSystemTwentytwo" class="com.ddss.elements.ComputingSystem" >
		<constructor-arg type="java.lang.String" value="PC22"/>
	</bean>
	<bean id="ComputingSystemTwentythree" class="com.ddss.elements.ComputingSystem" >
		<constructor-arg type="java.lang.String" value="PC23"/>
	</bean>
	<bean id="ComputingSystemTwentyfour" class="com.ddss.elements.ComputingSystem" >
		<constructor-arg type="java.lang.String" value="PC24"/>
	</bean>
	<bean id="ComputingSystemTwentyfive" class="com.ddss.elements.ComputingSystem" >
		<constructor-arg type="java.lang.String" value="PC25"/>
	</bean>
	<bean id="ComputingSystemTwentysix" class="com.ddss.elements.ComputingSystem" >
		<constructor-arg type="java.lang.String" value="PC26"/>
	</bean>
	<bean id="ComputingSystemTwentyseven" class="com.ddss.elements.ComputingSystem" >
		<constructor-arg type="java.lang.String" value="PC27"/>
	</bean>
	<bean id="ComputingSystemTwentyeight" class="com.ddss.elements.ComputingSystem" >
		<constructor-arg type="java.lang.String" value="PC28"/>
	</bean>
	<bean id="ComputingSystemTwentynine" class="com.ddss.elements.ComputingSystem" >
		<constructor-arg type="java.lang.String" value="PC29"/>
	</bean>
	<bean id="ComputingSystemThirty" class="com.ddss.elements.ComputingSystem" >
		<constructor-arg type="java.lang.String" value="PC30"/>
	</bean>
	<bean id="ComputingSystemThirtyone" class="com.ddss.elements.ComputingSystem" >
		<constructor-arg type="java.lang.String" value="PC31"/>
	</bean>
	<bean id="ComputingSystemThirtytwo" class="com.ddss.elements.ComputingSystem" >
		<constructor-arg type="java.lang.String" value="PC32"/>
	</bean>
	<bean id="ComputingSystemThirtythree" class="com.ddss.elements.ComputingSystem" >
		<constructor-arg type="java.lang.String" value="PC33"/>
	</bean>
	<bean id="ComputingSystemThirtyfour" class="com.ddss.elements.ComputingSystem" >
		<constructor-arg type="java.lang.String" value="PC34"/>
	</bean>
	<bean id="ComputingSystemThirtyfive" class="com.ddss.elements.ComputingSystem" >
		<constructor-arg type="java.lang.String" value="PC35"/>
	</bean>
	<bean id="ComputingSystemThirtysix" class="com.ddss.elements.ComputingSystem" >
		<constructor-arg type="java.lang.String" value="PC36"/>
	</bean>
	<bean id="ComputingSystemThirtyseven" class="com.ddss.elements.ComputingSystem" >
		<constructor-arg type="java.lang.String" value="PC37"/>
	</bean>
	<bean id="ComputingSystemThirtyeight" class="com.ddss.elements.ComputingSystem" >
		<constructor-arg type="java.lang.String" value="PC38"/>
	</bean>
	<bean id="ComputingSystemThirtynine" class="com.ddss.elements.ComputingSystem" >
		<constructor-arg type="java.lang.String" value="PC39"/>
	</bean>
	<bean id="ComputingSystemFourty" class="com.ddss.elements.ComputingSystem" >
		<constructor-arg type="java.lang.String" value="PC40"/>
	</bean>
	<bean id="ComputingSystemFourtyone" class="com.ddss.elements.ComputingSystem" >
		<constructor-arg type="java.lang.String" value="PC41"/>
	</bean>
	<bean id="ComputingSystemFourtytwo" class="com.ddss.elements.ComputingSystem" >
		<constructor-arg type="java.lang.String" value="PC42"/>
	</bean>
	<bean id="ComputingSystemFourtythree" class="com.ddss.elements.ComputingSystem" >
		<constructor-arg type="java.lang.String" value="PC43"/>
	</bean>
	<bean id="ComputingSystemFourtyfour" class="com.ddss.elements.ComputingSystem" >
		<constructor-arg type="java.lang.String" value="PC44"/>
	</bean>
	<bean id="ComputingSystemFourtyfive" class="com.ddss.elements.ComputingSystem" >
		<constructor-arg type="java.lang.String" value="PC45"/>
	</bean>
	<bean id="ComputingSystemFourtysix" class="com.ddss.elements.ComputingSystem" >
		<constructor-arg type="java.lang.String" value="PC46"/>
	</bean>
	<bean id="ComputingSystemFourtyseven" class="com.ddss.elements.ComputingSystem" >
		<constructor-arg type="java.lang.String" value="PC47"/>
	</bean>
	<bean id="ComputingSystemFourtyeight" class="com.ddss.elements.ComputingSystem" >
		<constructor-arg type="java.lang.String" value="PC48"/>
	</bean>
	<bean id="ComputingSystemFourtynine" class="com.ddss.elements.ComputingSystem" >
		<constructor-arg type="java.lang.String" value="PC49"/>
	</bean>
	<bean id="ComputingSystemFifty" class="com.ddss.elements.ComputingSystem" >
		<constructor-arg type="java.lang.String" value="PC50"/>
	</bean>
	<bean id="ComputingSystemFiftyone" class="com.ddss.elements.ComputingSystem" >
		<constructor-arg type="java.lang.String" value="PC51"/>
	</bean>
	<bean id="ComputingSystemFiftytwo" class="com.ddss.elements.ComputingSystem" >
		<constructor-arg type="java.lang.String" value="PC52"/>
	</bean>
	<bean id="ComputingSystemFiftythree" class="com.ddss.elements.ComputingSystem" >
		<constructor-arg type="java.lang.String" value="PC53"/>
	</bean>
	<bean id="ComputingSystemFiftyfour" class="com.ddss.elements.ComputingSystem" >
		<constructor-arg type="java.lang.String" value="PC54"/>
	</bean>
	<bean id="ComputingSystemFiftyfive" class="com.ddss.elements.ComputingSystem" >
		<constructor-arg type="java.lang.String" value="PC55"/>
	</bean>
	<bean id="ComputingSystemFiftysix" class="com.ddss.elements.ComputingSystem" >
		<constructor-arg type="java.lang.String" value="PC56"/>
	</bean>
	<bean id="ComputingSystemFiftyseven" class="com.ddss.elements.ComputingSystem" >
		<constructor-arg type="java.lang.String" value="PC57"/>
	</bean>
	<bean id="ComputingSystemFiftyeight" class="com.ddss.elements.ComputingSystem" >
		<constructor-arg type="java.lang.String" value="PC58"/>
	</bean>
	<bean id="ComputingSystemFiftynine" class="com.ddss.elements.ComputingSystem" >
		<constructor-arg type="java.lang.String" value="PC59"/>
	</bean>
	<bean id="ComputingSystemSixty" class="com.ddss.elements.ComputingSystem" >
		<constructor-arg type="java.lang.String" value="PC60"/>
	</bean>
	<bean id="ComputingSystemSixtyone" class="com.ddss.elements.ComputingSystem" >
		<constructor-arg type="java.lang.String" value="PC61"/>
	</bean>
	<bean id="ComputingSystemSixtytwo" class="com.ddss.elements.ComputingSystem" >
		<constructor-arg type="java.lang.String" value="PC62"/>
	</bean>
	<bean id="ComputingSystemSixtythree" class="com.ddss.elements.ComputingSystem" >
		<constructor-arg type="java.lang.String" value="PC63"/>
	</bean>
	<bean id="ComputingSystemSixtyfour" class="com.ddss.elements.ComputingSystem" >
		<constructor-arg type="java.lang.String" value="PC64"/>
	</bean>
	<bean id="ComputingSystemSixtyfive" class="com.ddss.elements.ComputingSystem" >
		<constructor-arg type="java.lang.String" value="PC65"/>
	</bean>
	<bean id="ComputingSystemSixtysix" class="com.ddss.elements.ComputingSystem" >
		<constructor-arg type="java.lang.String" value="PC66"/>
	</bean>
	<bean id="ComputingSystemSixtyseven" class="com.ddss.elements.ComputingSystem" >
		<constructor-arg type="java.lang.String" value="PC67"/>
	</bean>
	<bean id="ComputingSystemSixtyeight" class="com.ddss.elements.ComputingSystem" >
		<constructor-arg type="java.lang.String" value="PC68"/>
	</bean>
	<bean id="ComputingSystemSixtynine" class="com.ddss.elements.ComputingSystem" >
		<constructor-arg type="java.lang.String" value="PC69"/>
	</bean>
	<bean id="ComputingSystemSeventy" class="com.ddss.elements.ComputingSystem" >
		<constructor-arg type="java.lang.String" value="PC70"/>
	</bean>
	<bean id="ComputingSystemSeventyone" class="com.ddss.elements.ComputingSystem" >
		<constructor-arg type="java.lang.String" value="PC71"/>
	</bean>
	<bean id="ComputingSystemSeventytwo" class="com.ddss.elements.ComputingSystem" >
		<constructor-arg type="java.lang.String" value="PC72"/>
	</bean>
	<bean id="ComputingSystemSeventythree" class="com.ddss.elements.ComputingSystem" >
		<constructor-arg type="java.lang.String" value="PC73"/>
	</bean>
	<bean id="ComputingSystemSeventyfour" class="com.ddss.elements.ComputingSystem" >
		<constructor-arg type="java.lang.String" value="PC74"/>
	</bean>
	<bean id="ComputingSystemSeventyfive" class="com.ddss.elements.ComputingSystem" >
		<constructor-arg type="java.lang.String" value="PC75"/>
	</bean>
	<bean id="ComputingSystemSeventysix" class="com.ddss.elements.ComputingSystem" >
		<constructor-arg type="java.lang.String" value="PC76"/>
	</bean>
	<bean id="ComputingSystemSeventyseven" class="com.ddss.elements.ComputingSystem" >
		<constructor-arg type="java.lang.String" value="PC77"/>
	</bean>
	<bean id="ComputingSystemSeventyeight" class="com.ddss.elements.ComputingSystem" >
		<constructor-arg type="java.lang.String" value="PC78"/>
	</bean>
	<bean id="ComputingSystemSeventynine" class="com.ddss.elements.ComputingSystem" >
		<constructor-arg type="java.lang.String" value="PC79"/>
	</bean>
	<bean id="ComputingSystemEighty" class="com.ddss.elements.ComputingSystem" >
		<constructor-arg type="java.lang.String" value="PC80"/>
	</bean>
	<bean id="ComputingSystemEightyone" class="com.ddss.elements.ComputingSystem" >
		<constructor-arg type="java.lang.String" value="PC81"/>
	</bean>
	<bean id="ComputingSystemEightytwo" class="com.ddss.elements.ComputingSystem" >
		<constructor-arg type="java.lang.String" value="PC82"/>
	</bean>
	<bean id="ComputingSystemEightythree" class="com.ddss.elements.ComputingSystem" >
		<constructor-arg type="java.lang.String" value="PC83"/>
	</bean>
	<bean id="ComputingSystemEightyfour" class="com.ddss.elements.ComputingSystem" >
		<constructor-arg type="java.lang.String" value="PC84"/>
	</bean>
	<bean id="ComputingSystemEightyfive" class="com.ddss.elements.ComputingSystem" >
		<constructor-arg type="java.lang.String" value="PC85"/>
	</bean>
	<bean id="ComputingSystemEightysix" class="com.ddss.elements.ComputingSystem" >
		<constructor-arg type="java.lang.String" value="PC86"/>
	</bean>
	<bean id="ComputingSystemEightyseven" class="com.ddss.elements.ComputingSystem" >
		<constructor-arg type="java.lang.String" value="PC87"/>
	</bean>
	<bean id="ComputingSystemEightyeight" class="com.ddss.elements.ComputingSystem" >
		<constructor-arg type="java.lang.String" value="PC88"/>
	</bean>
	<bean id="ComputingSystemEightyNine" class="com.ddss.elements.ComputingSystem" >
		<constructor-arg type="java.lang.String" value="PC89"/>
	</bean>
	
	<bean id="FileHandler" class="com.ddss.elements.FileHandler">
		<constructor-arg type="java.lang.String" value="src/res/CovidOhioData.json"/>
	</bean>

</beans>